Class,FL_B,FL_A,VS,FL_B_3,FL_A_3,FL_B_12,FL_A_12,Container Type,Recyclable fraction
Emptying,85.3,34.4,6.0,75.9,54.7,83.3,39.8,Silvertop-a,Mixed
Emptying,96.2,51.7,8.0,83.3,33.9,85.0,57.4,BIM-3 FTI bottentomd,Non Recyclable
Non Emptying,50.9,63.5,5.0,30.8,55.7,51.7,68.5,BIM-3 FTI bottentomd,Recyclable
Emptying,83.1,33.9,6.0,91.8,61.1,84.6,43.6,Lindstrom-a,Mixed
Non Emptying,73.5,32.2,3.0,68.0,30.5,62.4,53.0,Lindstrom-a,Non Recyclable
Non Emptying,53.4,50.0,3.0,77.9,28.6,62.3,62.4,Rectangular Farmland,Recyclable
Non Emptying,58.4,51.5,5.0,56.2,64.4,34.2,67.9,Lindstrom-b,Recyclable
Emptying,90.7,34.7,6.0,81.8,57.0,75.6,42.6,Cubic,Recyclable
Emptying,83.9,46.2,6.0,70.0,67.0,92.1,54.5,Accordion,Recyclable
Emptying,72.1,39.7,8.0,92.3,42.9,65.9,44.5,Diamond,Non Recyclable
Non Emptying,30.6,32.8,2.0,53.0,60.0,52.9,35.7,Fiberglass Igloo-b,Recyclable
Emptying,85.8,63.0,6.0,91.3,59.4,71.6,21.5,Malmobehallare,Non Recyclable
Non Emptying,69.3,55.5,3.0,53.5,60.8,68.4,24.2,BIM-3 FTI bottentomd,Recyclable
Emptying,93.6,40.7,6.0,82.0,55.8,76.2,57.6,Silvertop-b,Mixed
Non Emptying,66.0,58.8,5.0,53.4,66.3,50.8,51.6,Silvertop-a,Mixed
Non Emptying,39.7,32.5,3.0,39.6,22.5,72.3,34.3,Lindstrom City,Recyclable
Emptying,83.3,32.7,8.0,85.6,47.2,69.8,51.4,Fiberglass Igloo-b,Mixed
Non Emptying,62.2,52.4,5.0,66.0,21.6,38.5,51.6,Rectangular Farmland,Recyclable
Non Emptying,32.7,50.7,3.0,61.3,24.4,52.3,58.9,Silvertop-b,Recyclable
Non Emptying,67.6,51.1,2.0,51.5,58.0,38.7,54.1,Silvertop-a,Recyclable
Non Emptying,34.3,34.6,5.0,54.4,33.6,65.4,56.8,Silvertop-a,Recyclable
Non Emptying,35.8,30.0,1.0,54.1,22.7,70.1,33.3,Diamond,Recyclable
Non Emptying,60.1,66.5,3.0,36.0,22.0,30.6,34.4,Lindstrom-a,Recyclable
Non Emptying,52.5,51.1,1.0,64.1,20.1,69.2,51.4,Cubic,Non Recyclable
Non Emptying,52.4,26.4,4.0,63.5,27.2,71.9,60.3,Lindstrom-b,Recyclable
Emptying,98.0,39.6,6.0,84.1,61.7,76.3,51.0,Rectangular,Non Recyclable
Emptying,97.7,43.1,6.0,95.8,27.7,63.6,47.0,Lindstrom-b,Mixed
Non Emptying,73.7,24.3,1.0,76.0,51.0,66.9,37.0,Accordion,Recyclable
Non Emptying,52.4,20.4,4.0,50.1,25.9,59.5,38.7,Accordion,Non Recyclable
Non Emptying,56.8,57.2,5.0,76.2,33.0,71.0,37.8,Cubic,Recyclable
Emptying,94.3,26.5,9.0,94.0,51.5,71.2,25.0,Rectangular Farmland,Mixed
Emptying,90.3,51.2,8.0,77.8,66.5,61.4,55.7,Lindstrom City,Non Recyclable
Non Emptying,56.3,36.3,3.0,59.8,30.4,33.0,51.8,Silvertop-a,Non Recyclable
Emptying,86.7,67.4,9.0,99.8,42.5,88.2,60.3,Accordion,Recyclable
Emptying,60.9,55.0,6.0,69.1,25.2,88.2,39.4,Cubic,Mixed
Non Emptying,57.0,31.8,5.0,66.0,60.2,74.7,36.6,Diamond,Mixed
Emptying,72.4,62.6,7.0,60.1,30.8,75.3,40.3,Silvertop-a,Mixed
Emptying,68.9,40.1,8.0,94.2,53.2,62.9,58.2,Lindstrom-a,Non Recyclable
Emptying,99.5,46.3,7.0,66.3,48.1,184.1,52.4,Fiberglass Igloo-b,Mixed
Emptying,65.8,53.2,8.0,85.9,,81.8,55.2,Fiberglass Igloo-b,Non Recyclable
Emptying,83.0,36.6,9.0,64.7,58.0,84.7,66.3,Fiberglass Igloo-b,Recyclable
Non Emptying,64.3,56.0,3.0,70.6,25.8,64.4,65.6,Fiberglass Igloo-a,Recyclable
Emptying,74.3,31.1,9.0,83.0,56.4,89.8,33.2,BIM-3 FTI bottentomd,Recyclable
Emptying,89.3,44.1,9.0,91.2,64.2,88.3,50.3,Malmobehallare,Recyclable
Emptying,85.4,35.7,8.0,82.9,20.3,81.7,38.1,Lindstrom City,Mixed
Emptying,95.4,50.6,6.0,92.8,30.0,96.1,51.9,Silvertop-b,Mixed
Emptying,75.1,42.6,6.0,97.7,35.3,83.3,50.4,Lindstrom-a,Mixed
Non Emptying,50.4,30.7,4.0,76.0,60.9,60.9,56.8,Silvertop-b,Mixed
Emptying,91.0,22.9,7.0,84.0,43.7,91.4,30.2,Rectangular Farmland,Mixed
Emptying,81.7,37.1,7.0,81.1,36.9,93.5,16.9,Accordion,Mixed
Non Emptying,51.4,53.4,1.0,64.2,25.3,39.1,30.9,Lindstrom City,Recyclable
Non Emptying,30.8,38.2,1.0,61.5,52.6,59.9,52.5,Fiberglass Igloo-b,Non Recyclable
Non Emptying,54.9,55.1,3.0,60.9,22.0,63.5,34.8,Diamond,Non Recyclable
Emptying,78.6,53.2,9.0,65.8,38.8,84.1,60.8,Malmobehallare,Non Recyclable
Emptying,68.7,52.1,6.0,82.1,41.3,90.4,44.2,Silvertop-b,Mixed
Non Emptying,51.1,25.6,2.0,57.6,56.6,70.5,60.9,Lindstrom-a,Non Recyclable
Non Emptying,37.2,32.0,5.0,68.3,22.3,61.8,31.4,Lindstrom City,Recyclable
Emptying,98.7,59.3,9.0,60.3,58.3,217.4,33.0,Accordion,Recyclable
Emptying,78.4,39.2,6.0,99.1,69.4,94.4,47.5,Lindstrom-a,Non Recyclable
Non Emptying,51.8,24.3,3.0,51.4,31.2,62.8,31.2,Cubic,Non Recyclable
Non Emptying,55.3,37.4,4.0,34.0,50.4,68.1,38.8,Lindstrom-a,Mixed
Emptying,95.9,21.2,6.0,71.9,62.7,69.5,42.8,Silvertop-a,Non Recyclable
Non Emptying,32.8,62.8,3.0,69.6,28.2,67.7,53.2,Silvertop-b,Mixed
Non Emptying,57.0,37.9,3.0,34.1,27.7,73.6,32.2,Rectangular Farmland,Mixed
Emptying,80.5,44.6,9.0,79.4,44.0,71.8,37.5,Accordion,Recyclable
Non Emptying,39.0,58.3,5.0,50.3,33.8,51.1,28.0,Cubic,Non Recyclable
Emptying,150.0,33.9,7.0,83.2,33.6,80.7,20.1,Accordion,Mixed
Non Emptying,30.7,36.1,2.0,32.0,24.7,31.6,25.9,Lindstrom City,Recyclable
Emptying,91.8,44.9,7.0,154.6,68.1,85.9,40.6,Malmobehallare,Recyclable
Non Emptying,56.5,55.0,2.0,77.2,56.7,30.1,53.5,Rectangular,Recyclable
Emptying,94.8,39.6,6.0,74.3,53.8,81.7,34.1,Fiberglass Igloo-b,Non Recyclable
Emptying,64.0,44.6,7.0,88.9,56.2,97.0,60.6,Cubic,Non Recyclable
Non Emptying,94.1,57.3,6.0,147.9,21.0,82.6,41.9,Lindstrom-b,Mixed
Non Emptying,80.4,40.5,7.0,83.1,51.8,92.2,39.5,Diamond,Recyclable
Emptying,81.0,53.1,6.0,79.1,,84.4,63.2,Cubic,Mixed
Non Emptying,78.9,54.5,4.0,59.7,67.2,75.0,33.1,Rectangular,Non Recyclable
Non Emptying,35.4,27.5,4.0,55.5,53.9,50.1,62.3,Rectangular Farmland,Non Recyclable
Non Emptying,37.9,51.6,5.0,36.6,37.1,51.2,22.4,Malmobehallare,Non Recyclable
Non Emptying,63.4,52.7,2.0,57.2,31.7,72.7,22.4,Silvertop-a,Mixed
Non Emptying,33.8,37.0,4.0,77.5,22.2,53.7,51.2,Fiberglass Igloo-b,Recyclable
Emptying,63.4,24.8,9.0,95.9,52.9,96.0,50.9,Lindstrom City,Recyclable
Emptying,155.0,68.3,7.0,83.2,24.6,83.5,43.5,Fiberglass Igloo-a,Non Recyclable
Non Emptying,55.1,32.1,2.0,64.5,37.9,74.3,28.5,Silvertop-a,Non Recyclable
Emptying,83.7,30.0,6.0,89.3,42.3,97.9,34.2,Lindstrom City,Mixed
Non Emptying,69.7,56.0,3.0,63.3,37.1,33.4,32.7,Fiberglass Igloo-b,Non Recyclable
Emptying,88.2,41.5,7.0,76.8,40.6,95.3,53.3,Silvertop-a,Recyclable
Non Emptying,73.1,61.6,4.0,70.3,26.6,53.6,64.0,Fiberglass Igloo-b,Mixed
Emptying,85.5,59.4,6.0,95.7,53.4,81.8,55.1,Rectangular,Non Recyclable
Non Emptying,51.3,51.7,1.0,51.7,53.3,74.3,35.0,Fiberglass Igloo-b,Mixed
Non Emptying,60.3,30.7,5.0,30.2,51.1,56.8,51.7,Accordion,Non Recyclable
Emptying,78.1,45.8,7.0,88.9,55.4,80.2,52.1,Fiberglass Igloo-a,Mixed
Non Emptying,36.3,50.3,2.0,50.5,52.7,54.2,64.9,Silvertop-b,Non Recyclable
Non Emptying,68.5,66.9,4.0,61.8,54.3,,31.9,Silvertop-a,Non Recyclable
Emptying,62.2,21.7,7.0,83.8,54.0,62.6,58.2,Rectangular Farmland,Non Recyclable
Non Emptying,61.6,23.1,4.0,52.2,30.7,64.1,28.1,Diamond,Non Recyclable
Emptying,83.4,68.0,6.0,88.2,57.5,174.3,45.9,Cubic,Mixed
Emptying,81.1,67.0,6.0,97.9,42.7,85.1,42.4,Fiberglass Igloo-b,Recyclable
Non Emptying,52.0,54.1,2.0,55.6,31.9,54.0,66.0,BIM-3 FTI bottentomd,Recyclable
Non Emptying,66.1,34.4,4.0,59.2,66.7,55.9,55.8,Rectangular,Recyclable
Non Emptying,34.1,55.7,1.0,57.8,51.7,68.1,63.8,Lindstrom City,Mixed
Non Emptying,76.1,62.4,5.0,30.3,36.5,63.3,58.3,Rectangular Farmland,Recyclable
Non Emptying,62.3,54.0,5.0,62.7,35.6,31.5,37.9,Cubic,Recyclable
Emptying,91.1,66.6,6.0,93.9,55.8,78.7,31.0,Fiberglass Igloo-a,Non Recyclable
Non Emptying,56.0,22.6,1.0,67.9,61.5,36.2,35.3,Lindstrom City,Non Recyclable
Non Emptying,53.6,37.7,5.0,64.7,58.9,72.1,30.6,Accordion,Non Recyclable
Emptying,60.5,42.6,7.0,94.4,56.3,83.4,44.5,Lindstrom-b,Non Recyclable
Non Emptying,51.8,57.8,3.0,66.9,32.8,70.5,38.8,Lindstrom-a,Recyclable
Non Emptying,70.2,55.5,1.0,74.2,51.4,63.7,56.0,Fiberglass Igloo-b,Recyclable
Emptying,90.5,49.8,6.0,80.7,41.1,85.1,43.2,Diamond,Non Recyclable
Emptying,89.7,52.5,8.0,70.7,69.5,82.8,49.4,Silvertop-a,Non Recyclable
Non Emptying,56.5,53.8,3.0,64.2,56.0,62.3,55.7,Rectangular Farmland,Mixed
Emptying,82.1,61.8,6.0,82.7,23.9,90.8,31.1,Fiberglass Igloo-a,Mixed
Non Emptying,89.5,64.2,6.0,81.0,60.3,71.0,42.8,Cubic,Mixed
Emptying,71.3,51.6,6.0,62.6,52.8,90.1,58.7,Lindstrom-a,Mixed
Emptying,98.9,52.9,8.0,87.9,50.1,,40.6,Lindstrom-a,Non Recyclable
Non Emptying,64.3,51.2,3.0,30.1,53.4,62.1,62.2,Rectangular Farmland,Recyclable
Emptying,97.2,57.7,9.0,89.0,66.7,84.2,27.5,Malmobehallare,Recyclable
Emptying,93.0,50.5,7.0,86.5,55.2,74.6,52.9,Lindstrom-b,Non Recyclable
Emptying,60.4,47.6,9.0,91.2,51.9,90.1,57.6,Lindstrom-a,Mixed
Non Emptying,31.0,35.9,2.0,67.4,36.0,51.5,36.9,Rectangular Farmland,Mixed
Non Emptying,61.8,52.8,3.0,30.8,23.7,73.9,22.3,Lindstrom-a,Recyclable
Non Emptying,62.8,35.7,3.0,55.4,34.1,,55.4,Silvertop-b,Non Recyclable
Emptying,73.7,65.9,6.0,85.6,38.8,94.1,55.1,Lindstrom City,Mixed
Emptying,73.4,52.7,7.0,82.7,,66.4,33.6,Fiberglass Igloo-b,Mixed
Emptying,94.2,41.2,6.0,86.6,39.3,73.8,52.0,Silvertop-a,Non Recyclable
Non Emptying,52.7,55.7,3.0,38.7,37.2,53.6,28.9,Lindstrom-b,Non Recyclable
Emptying,82.5,38.6,6.0,84.6,52.2,92.0,61.2,Fiberglass Igloo-a,Recyclable
Emptying,81.2,36.4,6.0,80.1,51.2,76.0,55.5,Rectangular Farmland,Mixed
Non Emptying,33.7,26.9,4.0,51.8,64.3,75.4,23.2,BIM-3 FTI bottentomd,Recyclable
Emptying,60.9,26.4,9.0,63.7,49.4,91.8,64.4,Lindstrom-b,Non Recyclable
Non Emptying,79.9,33.1,4.0,66.8,36.4,68.0,54.6,Lindstrom City,Non Recyclable
Non Emptying,73.9,55.5,1.0,50.2,23.0,55.3,50.1,Lindstrom-a,Mixed
Emptying,95.0,50.2,7.0,83.9,63.3,79.8,46.1,Lindstrom-a,Non Recyclable
Emptying,96.3,58.2,8.0,99.0,24.1,69.2,26.6,Lindstrom City,Non Recyclable
Non Emptying,74.6,50.0,1.0,62.5,22.6,53.2,24.4,Rectangular Farmland,Non Recyclable
Emptying,79.7,42.8,6.0,82.4,47.3,84.7,51.9,BIM-3 FTI bottentomd,Mixed
Emptying,93.4,64.3,9.0,83.2,41.3,70.7,37.0,Silvertop-b,Recyclable
Emptying,88.2,44.3,6.0,87.2,43.4,,31.2,Rectangular Farmland,Non Recyclable
Non Emptying,50.8,51.5,5.0,66.3,36.7,32.8,35.3,Fiberglass Igloo-a,Non Recyclable
Emptying,70.4,21.9,9.0,84.7,49.0,68.8,51.7,Lindstrom-a,Non Recyclable
Non Emptying,51.3,56.5,3.0,62.0,25.2,58.9,32.9,Cubic,Recyclable
Emptying,93.0,24.2,7.0,90.0,40.1,204.9,36.9,Diamond,Mixed
Non Emptying,72.6,66.9,1.0,52.1,52.5,72.2,58.7,Malmobehallare,Recyclable
Emptying,74.3,41.6,9.0,84.3,40.7,78.7,41.2,Lindstrom-a,Non Recyclable
Emptying,91.3,58.6,8.0,75.7,48.0,81.2,56.7,Malmobehallare,Recyclable
Emptying,70.8,23.6,7.0,83.8,,60.7,51.3,BIM-3 FTI bottentomd,Recyclable
Emptying,99.2,35.3,8.0,85.3,34.0,73.7,56.6,BIM-3 FTI bottentomd,Non Recyclable
Non Emptying,55.2,34.4,5.0,32.4,57.7,60.8,26.5,Diamond,Recyclable
Emptying,60.3,43.6,9.0,61.7,69.5,75.3,40.1,Fiberglass Igloo-b,Mixed
Emptying,93.0,34.9,7.0,62.1,47.1,80.1,20.4,Rectangular,Recyclable
Emptying,80.4,55.8,8.0,60.0,33.0,89.6,21.5,Lindstrom-a,Non Recyclable
Emptying,71.2,64.9,6.0,82.1,37.0,86.2,24.3,Lindstrom-b,Non Recyclable
Emptying,61.9,66.1,7.0,89.8,31.6,84.4,35.5,Rectangular,Non Recyclable
Emptying,75.3,63.3,9.0,70.8,27.9,85.3,64.8,Lindstrom City,Recyclable
Emptying,65.7,36.2,6.0,61.7,56.7,77.3,56.9,Silvertop-a,Non Recyclable
Emptying,85.5,59.0,7.0,72.3,65.9,87.1,34.4,Lindstrom City,Non Recyclable
Non Emptying,35.1,60.1,2.0,52.5,53.1,75.8,35.7,Lindstrom-a,Mixed
Non Emptying,57.8,28.3,1.0,35.0,30.8,32.9,38.4,Rectangular,Recyclable
Non Emptying,68.0,53.1,2.0,62.9,53.4,60.6,28.8,Lindstrom-b,Non Recyclable
Emptying,77.7,41.9,7.0,85.1,56.3,92.1,55.3,Rectangular Farmland,Non Recyclable
Non Emptying,53.3,21.0,4.0,70.7,68.4,67.0,58.1,Silvertop-a,Recyclable
Emptying,60.6,23.9,9.0,74.7,47.0,97.6,53.9,Malmobehallare,Recyclable
Non Emptying,61.3,39.1,5.0,80.7,66.3,,50.0,Lindstrom-a,Recyclable
Emptying,98.8,42.9,6.0,92.3,56.0,83.2,50.3,Fiberglass Igloo-b,Recyclable
Emptying,91.9,32.8,7.0,65.1,53.0,79.2,50.1,Fiberglass Igloo-b,Mixed
Non Emptying,56.9,32.7,2.0,38.6,24.3,51.1,51.3,Silvertop-b,Non Recyclable
Emptying,73.2,53.7,9.0,73.9,58.4,92.0,54.5,Malmobehallare,Mixed
Non Emptying,59.7,58.4,1.0,79.9,31.2,72.2,50.8,Malmobehallare,Recyclable
Emptying,85.2,57.5,9.0,89.8,43.9,68.5,51.3,Rectangular Farmland,Recyclable
Emptying,80.9,62.5,6.0,93.6,44.2,98.1,69.4,Cubic,Mixed
Non Emptying,55.3,32.6,4.0,59.1,52.7,70.7,54.9,Lindstrom-b,Non Recyclable
Non Emptying,57.7,31.5,4.0,51.1,55.7,51.2,65.9,Cubic,Recyclable
Emptying,91.7,52.3,8.0,64.7,41.8,82.7,43.5,Cubic,Non Recyclable
Non Emptying,54.7,64.1,2.0,66.1,52.0,31.7,24.8,Rectangular,Mixed
Non Emptying,58.0,30.1,1.0,51.8,54.4,56.8,61.7,Diamond,Recyclable
Non Emptying,69.8,30.2,4.0,33.5,30.4,56.0,36.3,Rectangular,Recyclable
Non Emptying,53.8,57.9,1.0,51.4,34.9,54.3,62.9,Diamond,Recyclable
Non Emptying,61.9,38.5,4.0,74.6,51.7,51.0,52.9,Rectangular,Non Recyclable
Non Emptying,63.3,50.8,1.0,37.6,55.4,37.1,54.0,Rectangular,Mixed
Non Emptying,51.1,33.4,1.0,65.6,33.0,54.0,64.9,Lindstrom-b,Non Recyclable
Emptying,84.5,64.3,7.0,90.0,52.0,99.5,51.1,Malmobehallare,Non Recyclable
Emptying,96.2,56.7,9.0,82.5,50.8,86.9,43.0,Silvertop-b,Non Recyclable
Non Emptying,51.9,23.4,5.0,52.4,55.3,67.2,31.1,Silvertop-b,Non Recyclable
Non Emptying,61.7,63.5,2.0,60.4,60.5,31.3,67.2,Fiberglass Igloo-b,Non Recyclable
Emptying,84.9,58.0,6.0,73.1,22.7,80.7,53.4,Lindstrom-a,Non Recyclable
Non Emptying,68.3,54.5,3.0,60.3,31.2,59.2,36.3,Lindstrom-a,Recyclable
Emptying,67.5,54.5,6.0,67.1,48.6,98.7,21.2,Rectangular Farmland,Recyclable
Emptying,86.5,33.1,8.0,92.0,51.6,99.7,50.3,Malmobehallare,Recyclable
Non Emptying,53.0,27.2,2.0,71.6,36.3,66.5,32.6,Rectangular,Mixed
Emptying,90.9,31.7,9.0,87.6,61.2,73.9,37.9,Rectangular,Mixed
Non Emptying,61.5,35.8,2.0,50.6,21.7,64.1,33.4,Diamond,Recyclable
Emptying,99.2,62.4,6.0,72.2,68.1,73.5,40.5,Silvertop-b,Non Recyclable
Emptying,84.0,66.1,6.0,97.8,31.9,90.3,47.5,Lindstrom-a,Recyclable
Non Emptying,75.2,51.2,4.0,64.3,20.2,60.7,36.0,Diamond,Mixed
Emptying,63.5,42.3,9.0,97.9,30.7,85.9,54.0,Lindstrom City,Recyclable
Non Emptying,56.9,35.1,3.0,57.7,61.4,77.6,53.6,Fiberglass Igloo-a,Recyclable
Non Emptying,65.7,58.5,5.0,50.8,31.7,33.1,56.9,Rectangular Farmland,Non Recyclable
Non Emptying,50.7,35.6,5.0,54.0,50.3,30.0,52.5,Silvertop-a,Non Recyclable
Emptying,91.9,58.9,8.0,80.1,42.2,88.1,42.0,Diamond,Recyclable
Emptying,85.4,44.1,8.0,86.2,40.7,84.0,59.9,Fiberglass Igloo-b,Recyclable
Emptying,93.2,46.2,7.0,69.9,62.9,86.7,31.4,Lindstrom-a,Recyclable
Emptying,60.7,29.5,6.0,84.5,24.7,84.2,40.7,Silvertop-a,Non Recyclable
Emptying,78.0,63.9,7.0,70.2,54.0,91.5,70.0,Lindstrom-a,Non Recyclable
Non Emptying,72.4,62.0,3.0,63.9,37.5,60.0,55.3,Rectangular,Non Recyclable
Non Emptying,66.0,30.0,1.0,57.1,57.2,50.0,69.0,Fiberglass Igloo-a,Mixed
Emptying,99.9,42.3,6.0,88.6,42.1,94.6,51.7,Cubic,Mixed
Non Emptying,52.9,34.9,5.0,63.2,36.3,52.4,63.7,Cubic,Non Recyclable
Non Emptying,34.3,54.1,3.0,75.8,22.3,32.9,37.6,Silvertop-a,Mixed
Emptying,192.7,24.5,7.0,99.4,42.4,82.4,59.6,Diamond,Recyclable
Emptying,86.1,43.3,8.0,94.5,32.1,81.7,63.4,Fiberglass Igloo-b,Recyclable
Non Emptying,66.3,51.9,5.0,53.9,34.6,31.9,36.0,Silvertop-a,Mixed
Non Emptying,51.2,23.3,4.0,64.5,30.8,70.1,50.1,Silvertop-a,Non Recyclable
Emptying,86.9,54.7,8.0,72.7,58.1,76.9,65.8,Diamond,Mixed
Emptying,64.7,31.5,6.0,79.6,20.4,81.4,67.6,BIM-3 FTI bottentomd,Recyclable
Emptying,83.8,51.1,5.0,70.4,66.7,97.2,48.4,Accordion,Recyclable
Emptying,84.1,24.4,8.0,96.6,43.0,82.8,44.7,Fiberglass Igloo-b,Recyclable
Emptying,90.9,69.4,6.0,68.8,54.3,67.7,51.8,Lindstrom-a,Mixed
Emptying,87.8,53.1,6.0,94.3,67.2,70.3,43.4,Lindstrom City,Non Recyclable
Non Emptying,77.4,31.3,1.0,52.7,37.4,34.5,52.2,Accordion,Recyclable
Non Emptying,38.1,65.1,3.0,39.3,58.7,52.4,54.3,Fiberglass Igloo-b,Non Recyclable
Non Emptying,31.9,31.3,2.0,64.4,32.3,65.5,53.1,Diamond,Mixed
Emptying,97.6,21.7,8.0,79.9,41.4,80.3,58.8,Fiberglass Igloo-b,Mixed
Non Emptying,59.9,35.4,3.0,60.5,51.5,67.3,57.2,Rectangular Farmland,Recyclable
Non Emptying,72.4,35.5,5.0,58.0,57.5,57.3,58.9,Rectangular,Recyclable
Non Emptying,79.1,55.2,3.0,37.5,34.8,52.5,52.7,BIM-3 FTI bottentomd,Non Recyclable
Non Emptying,60.1,65.7,3.0,69.5,33.1,34.2,54.8,Accordion,Non Recyclable
Emptying,95.7,56.5,9.0,80.0,54.6,81.4,22.0,Accordion,Non Recyclable
Emptying,74.6,55.8,9.0,64.7,63.2,86.7,46.7,Rectangular Farmland,Recyclable
Non Emptying,93.4,27.0,9.0,86.1,40.0,83.6,55.8,Accordion,Recyclable
Emptying,82.7,33.7,6.0,65.4,49.5,91.7,31.4,BIM-3 FTI bottentomd,Mixed
Non Emptying,68.3,53.5,1.0,72.5,25.5,32.4,57.3,Accordion,Non Recyclable
Non Emptying,65.6,28.0,3.0,62.8,20.1,69.2,38.5,Cubic,Non Recyclable
Emptying,74.6,49.0,7.0,61.7,51.4,74.7,53.0,Fiberglass Igloo-a,Non Recyclable
Non Emptying,65.7,50.4,2.0,54.5,52.8,59.5,51.8,Lindstrom City,Mixed
Emptying,83.2,52.5,8.0,88.0,66.9,82.9,48.5,Fiberglass Igloo-a,Recyclable
Non Emptying,77.7,20.7,2.0,73.6,56.1,60.2,30.0,BIM-3 FTI bottentomd,Mixed
Non Emptying,37.5,52.5,3.0,53.0,51.4,65.2,50.1,Silvertop-b,Mixed
Emptying,64.1,27.2,6.0,72.8,61.3,73.3,27.2,Silvertop-a,Non Recyclable
Emptying,71.1,56.8,6.0,84.4,54.0,84.4,61.5,Rectangular,Non Recyclable
Non Emptying,60.1,54.8,1.0,62.0,34.8,60.4,36.7,Silvertop-b,Mixed
Emptying,72.3,40.2,7.0,81.0,48.7,153.2,53.5,Cubic,Recyclable
Non Emptying,66.6,52.1,1.0,77.5,34.0,64.1,54.3,Lindstrom City,Non Recyclable
Non Emptying,55.0,54.0,4.0,67.3,32.7,39.8,66.6,Lindstrom-b,Mixed
Non Emptying,58.4,63.0,5.0,63.0,33.3,70.0,27.7,Silvertop-a,Recyclable
Non Emptying,73.5,56.8,5.0,53.4,61.3,76.5,32.7,Silvertop-a,Recyclable
Emptying,64.6,49.7,7.0,69.7,39.4,88.6,52.2,Lindstrom City,Non Recyclable
Non Emptying,69.9,55.9,5.0,63.9,30.9,33.3,50.3,Malmobehallare,Recyclable
Emptying,95.6,30.8,9.0,70.9,44.3,73.1,32.8,Fiberglass Igloo-a,Recyclable
Non Emptying,61.5,50.4,2.0,56.6,21.6,69.1,60.1,Lindstrom-b,Non Recyclable
Emptying,99.4,32.5,7.0,76.4,57.0,94.0,20.1,Rectangular Farmland,Recyclable
Emptying,64.3,53.1,9.0,96.9,65.4,62.7,52.3,Fiberglass Igloo-a,Recyclable
Emptying,89.7,59.2,9.0,74.8,57.8,72.4,24.3,Silvertop-b,Non Recyclable
Emptying,72.4,31.5,6.0,99.8,47.7,86.4,49.0,Lindstrom-b,Recyclable
Non Emptying,52.3,55.6,5.0,67.4,32.8,50.3,24.5,Cubic,Mixed
Non Emptying,75.8,34.3,3.0,36.3,51.9,53.5,30.6,Lindstrom City,Mixed
Emptying,83.0,30.4,6.0,82.6,47.5,78.1,49.9,Rectangular,Recyclable
Emptying,71.4,46.2,8.0,85.8,51.6,95.4,60.2,Silvertop-a,Mixed
Non Emptying,36.0,33.6,1.0,66.8,33.2,66.2,56.4,Silvertop-a,Non Recyclable
Emptying,84.4,36.9,9.0,82.5,24.8,94.2,59.3,Malmobehallare,Non Recyclable
Emptying,62.1,65.1,6.0,64.4,25.7,63.8,22.2,Silvertop-a,Mixed
Non Emptying,61.6,34.3,2.0,78.2,55.6,78.3,37.1,Lindstrom-a,Mixed
Non Emptying,73.6,58.3,4.0,51.7,21.4,37.5,66.2,Malmobehallare,Mixed
Non Emptying,58.7,30.8,2.0,55.1,36.1,34.5,57.3,Silvertop-a,Non Recyclable
Emptying,84.0,50.1,6.0,94.8,64.2,77.0,31.6,Rectangular,Non Recyclable
Emptying,79.8,57.3,9.0,73.0,38.7,78.9,32.6,Lindstrom-a,Mixed
Non Emptying,74.8,57.0,3.0,59.1,56.8,50.1,62.1,Diamond,Mixed
Non Emptying,52.3,52.3,4.0,52.5,65.7,52.8,24.7,Accordion,Non Recyclable
Non Emptying,60.0,33.9,4.0,56.8,54.4,53.1,34.0,Lindstrom-b,Non Recyclable
Non Emptying,60.6,62.1,1.0,71.0,31.8,69.0,53.7,Lindstrom-b,Mixed
Non Emptying,71.8,24.9,4.0,70.1,35.4,57.5,23.0,Fiberglass Igloo-b,Mixed
Non Emptying,79.2,66.5,2.0,61.2,30.9,58.5,50.1,Lindstrom-b,Mixed
Emptying,74.5,24.4,6.0,99.9,51.7,76.4,30.1,Lindstrom-a,Mixed
Emptying,81.3,50.8,6.0,60.2,51.3,93.3,69.0,Accordion,Recyclable
Non Emptying,36.5,62.8,1.0,57.7,28.6,66.8,35.3,Accordion,Non Recyclable
Non Emptying,65.5,20.2,5.0,59.0,30.5,63.0,30.9,Malmobehallare,Non Recyclable
Non Emptying,63.4,55.9,3.0,71.4,33.8,60.0,50.4,BIM-3 FTI bottentomd,Mixed
Emptying,90.5,31.9,6.0,89.9,53.6,91.5,36.1,Fiberglass Igloo-a,Mixed
Non Emptying,71.2,31.5,5.0,69.8,26.4,60.0,61.3,Malmobehallare,Recyclable
Non Emptying,38.2,60.8,5.0,64.5,67.5,54.6,28.5,Rectangular Farmland,Mixed
Emptying,69.5,47.5,6.0,75.9,56.4,97.2,59.2,Diamond,Non Recyclable
Non Emptying,62.5,20.7,1.0,54.2,30.2,56.9,22.7,Accordion,Mixed
Non Emptying,52.6,53.0,5.0,52.9,37.4,53.9,68.7,Silvertop-b,Non Recyclable
Non Emptying,61.2,67.7,3.0,50.0,32.5,58.8,54.2,Rectangular,Mixed
Emptying,93.5,57.0,6.0,75.6,53.4,63.4,32.2,Cubic,Recyclable
Emptying,198.3,45.8,8.0,63.9,42.0,83.5,55.6,Fiberglass Igloo-a,Recyclable
Non Emptying,72.1,33.1,1.0,61.2,34.3,54.0,62.0,Malmobehallare,Recyclable
Emptying,95.4,52.7,8.0,86.6,44.8,61.2,40.0,Fiberglass Igloo-a,Non Recyclable
Emptying,80.5,54.1,6.0,63.7,42.9,83.9,51.1,Lindstrom-b,Mixed
Non Emptying,54.7,52.1,3.0,54.0,32.3,62.0,65.1,Malmobehallare,Mixed
Non Emptying,66.3,23.4,1.0,60.6,35.7,51.2,24.6,Fiberglass Igloo-a,Non Recyclable
Emptying,93.0,51.4,8.0,74.8,48.0,62.8,50.7,Rectangular Farmland,Non Recyclable
Non Emptying,32.8,23.7,4.0,64.5,36.0,61.0,67.4,Silvertop-b,Non Recyclable
Emptying,91.9,27.6,6.0,61.4,69.1,76.5,60.1,Rectangular Farmland,Non Recyclable
Non Emptying,68.7,52.6,1.0,51.7,58.9,66.8,68.9,Lindstrom-b,Recyclable
Emptying,92.4,23.2,9.0,76.7,55.2,99.2,51.7,Rectangular Farmland,Mixed
Emptying,70.0,56.4,6.0,91.4,50.3,94.0,32.1,Silvertop-b,Non Recyclable
Non Emptying,51.4,65.5,4.0,63.7,34.5,59.1,31.6,Fiberglass Igloo-a,Mixed
Non Emptying,32.5,56.2,3.0,52.2,54.1,59.6,58.5,Silvertop-b,Non Recyclable
Emptying,91.4,41.3,9.0,95.2,62.4,88.5,30.3,Diamond,Mixed
Emptying,83.5,43.4,6.0,83.6,50.7,83.4,53.0,BIM-3 FTI bottentomd,Recyclable
Emptying,96.7,56.5,8.0,78.2,37.9,82.1,44.4,Fiberglass Igloo-b,Non Recyclable
Emptying,89.7,68.9,9.0,80.0,30.6,82.3,67.3,Fiberglass Igloo-a,Mixed
Non Emptying,61.6,60.4,4.0,74.1,25.2,62.0,20.6,Cubic,Mixed
Non Emptying,69.4,36.8,5.0,60.7,21.9,71.4,64.6,Silvertop-b,Non Recyclable
Non Emptying,90.0,60.3,8.0,82.9,56.1,84.0,46.5,Cubic,Non Recyclable
Non Emptying,75.4,61.1,5.0,57.4,21.7,31.3,55.0,Lindstrom City,Non Recyclable
Non Emptying,56.1,64.5,3.0,71.3,61.3,62.8,52.6,Lindstrom-b,Mixed
Emptying,80.2,41.9,6.0,83.1,54.6,89.4,66.6,Rectangular,Mixed
Emptying,86.1,49.7,7.0,98.6,20.8,85.5,51.4,Lindstrom City,Recyclable
Emptying,69.6,42.9,6.0,81.9,45.7,91.0,41.5,Accordion,Mixed
Emptying,103.0,54.5,6.0,93.6,43.8,82.9,57.9,Rectangular,Mixed
Non Emptying,63.8,33.4,4.0,65.9,68.8,59.6,20.3,Lindstrom-a,Mixed
Non Emptying,77.3,23.4,1.0,68.0,52.0,59.4,34.4,Lindstrom-a,Mixed
Non Emptying,71.3,64.0,2.0,30.1,37.7,73.7,66.2,Fiberglass Igloo-a,Mixed
Non Emptying,72.3,52.8,1.0,35.6,36.4,73.4,53.0,Malmobehallare,Mixed
Non Emptying,51.7,62.6,3.0,32.7,51.5,55.6,56.4,Lindstrom-a,Non Recyclable
Non Emptying,63.1,53.9,3.0,63.5,50.7,69.3,67.8,Lindstrom-b,Non Recyclable
Non Emptying,72.5,25.9,3.0,52.7,57.1,65.3,33.7,Silvertop-b,Recyclable
Emptying,83.4,36.1,8.0,91.7,58.6,81.5,37.3,Lindstrom-a,Mixed
Non Emptying,71.9,52.3,4.0,61.1,55.9,58.8,51.1,Lindstrom-b,Non Recyclable
Emptying,96.9,21.3,8.0,66.5,69.0,94.7,41.7,Fiberglass Igloo-b,Non Recyclable
Emptying,88.5,57.1,7.0,95.1,51.2,94.2,45.8,Lindstrom City,Mixed
Emptying,92.7,45.7,7.0,71.6,41.4,99.9,41.4,BIM-3 FTI bottentomd,Non Recyclable
Non Emptying,53.8,33.7,3.0,50.9,63.0,58.0,61.5,Fiberglass Igloo-b,Recyclable
Emptying,90.9,65.2,6.0,64.6,39.2,87.6,23.8,Diamond,Mixed
Non Emptying,67.2,52.6,5.0,66.5,61.9,36.7,30.7,Accordion,Non Recyclable
Emptying,63.8,43.0,6.0,87.6,34.1,81.6,46.4,Malmobehallare,Recyclable
Emptying,89.3,34.3,6.0,89.2,40.3,84.9,44.4,Malmobehallare,Mixed
Emptying,80.8,58.5,6.0,89.0,40.2,99.2,38.2,Silvertop-a,Recyclable
Emptying,88.3,23.2,8.0,94.3,68.5,85.7,40.2,Silvertop-b,Mixed
Non Emptying,70.9,27.8,3.0,62.4,64.9,51.2,53.8,Lindstrom-a,Mixed
Non Emptying,51.6,55.4,3.0,53.5,22.7,68.8,54.6,Silvertop-a,Mixed
Non Emptying,55.0,36.1,3.0,34.1,23.3,33.9,52.9,BIM-3 FTI bottentomd,Non Recyclable
Emptying,72.3,43.6,6.0,72.0,44.6,71.8,31.3,Silvertop-b,Non Recyclable
Emptying,94.5,62.7,6.0,92.5,42.6,92.1,61.3,Lindstrom City,Non Recyclable
Non Emptying,56.3,66.4,3.0,61.6,56.3,70.0,37.8,Lindstrom City,Non Recyclable
Non Emptying,78.1,30.3,3.0,63.3,34.0,74.5,53.6,Fiberglass Igloo-a,Recyclable
Non Emptying,,51.7,4.0,63.3,61.3,50.5,21.9,Cubic,Mixed
Non Emptying,33.0,30.3,2.0,60.3,64.5,35.2,25.5,Silvertop-b,Recyclable
Emptying,90.1,54.8,7.0,70.5,65.2,96.6,50.2,Malmobehallare,Recyclable
Non Emptying,60.9,36.6,4.0,61.8,63.0,35.0,53.4,Fiberglass Igloo-a,Non Recyclable
Non Emptying,62.3,34.3,3.0,59.6,35.4,74.0,34.2,BIM-3 FTI bottentomd,Non Recyclable
Non Emptying,36.2,33.5,1.0,56.9,56.1,35.2,51.8,Lindstrom-b,Recyclable
Emptying,81.6,52.0,8.0,100.0,41.4,74.4,23.7,Lindstrom-a,Mixed
Non Emptying,70.8,50.0,2.0,51.6,36.9,56.6,30.4,Rectangular Farmland,Mixed
Non Emptying,30.2,58.1,1.0,30.7,58.3,62.0,56.0,Accordion,Mixed
Emptying,91.8,27.6,9.0,75.6,40.4,99.4,36.7,Diamond,Recyclable
Non Emptying,67.1,34.5,3.0,32.9,60.5,69.2,53.3,BIM-3 FTI bottentomd,Non Recyclable
Non Emptying,32.2,38.3,4.0,58.8,58.0,54.3,26.2,Silvertop-a,Non Recyclable
Non Emptying,53.1,37.5,1.0,60.1,52.2,67.5,31.6,Lindstrom-b,Recyclable
Emptying,92.5,38.3,6.0,64.1,29.3,90.4,40.2,Rectangular,Non Recyclable
Emptying,92.7,28.9,8.0,94.9,23.8,63.0,58.7,Silvertop-a,Non Recyclable
Non Emptying,35.1,20.7,1.0,62.1,25.0,67.3,58.4,Cubic,Non Recyclable
Emptying,97.3,22.3,9.0,73.4,59.1,73.7,52.1,Malmobehallare,Non Recyclable
Non Emptying,55.7,57.4,4.0,50.8,31.2,51.4,50.0,Lindstrom City,Non Recyclable
Non Emptying,37.0,54.2,4.0,73.0,60.6,53.2,66.1,Malmobehallare,Mixed
Emptying,91.0,31.5,6.0,86.0,50.0,69.2,41.0,Silvertop-b,Mixed
Non Emptying,53.9,58.2,,36.5,50.4,60.9,61.4,Lindstrom City,Recyclable
Non Emptying,52.1,54.5,4.0,51.4,50.2,68.7,68.6,Malmobehallare,Mixed
Non Emptying,72.8,59.0,4.0,64.9,35.4,52.8,33.7,Lindstrom-a,Non Recyclable
Non Emptying,61.6,51.4,2.0,31.7,63.2,54.9,33.0,Cubic,Non Recyclable
Emptying,93.7,53.2,6.0,68.2,57.8,74.0,58.6,Lindstrom-b,Recyclable
Non Emptying,67.9,55.0,2.0,56.4,35.3,54.8,63.3,Rectangular,Non Recyclable
Emptying,84.7,20.1,9.0,69.9,61.3,67.9,67.9,Fiberglass Igloo-a,Recyclable
Non Emptying,63.8,58.1,1.0,69.1,30.6,50.9,39.0,Fiberglass Igloo-b,Non Recyclable
Non Emptying,69.4,21.3,1.0,64.5,63.2,52.5,57.1,Fiberglass Igloo-b,Mixed
Non Emptying,64.9,54.9,3.0,50.4,60.2,79.5,58.6,Rectangular Farmland,Non Recyclable
Non Emptying,38.8,54.4,3.0,57.9,55.5,64.1,63.5,Rectangular,Recyclable
Emptying,,30.5,7.0,74.4,54.7,80.1,64.8,Fiberglass Igloo-b,Non Recyclable
Emptying,96.0,51.0,9.0,83.1,33.9,67.1,43.3,Diamond,Mixed
Non Emptying,53.7,35.9,5.0,61.0,21.9,33.7,33.1,Lindstrom-b,Recyclable
Emptying,96.9,40.0,6.0,64.7,42.5,82.9,44.8,Diamond,Non Recyclable
Emptying,69.9,53.4,6.0,92.6,52.7,86.4,51.2,Fiberglass Igloo-b,Non Recyclable
Non Emptying,50.2,63.7,2.0,59.2,32.9,80.0,25.1,Lindstrom-b,Mixed
Non Emptying,68.8,32.5,5.0,64.6,38.0,64.1,53.6,Lindstrom City,Non Recyclable
Non Emptying,31.6,34.7,5.0,51.5,21.1,70.3,31.4,Diamond,Recyclable
Emptying,92.2,42.8,6.0,82.2,44.3,64.8,56.1,Rectangular,Recyclable
Non Emptying,60.5,36.3,3.0,62.6,51.6,66.6,21.8,Malmobehallare,Non Recyclable
Non Emptying,57.4,55.3,1.0,70.0,62.3,58.2,54.9,Diamond,Non Recyclable
Non Emptying,63.7,66.4,4.0,50.7,38.8,57.9,54.4,Silvertop-a,Recyclable
Emptying,95.3,62.5,6.0,71.8,34.8,93.1,36.0,BIM-3 FTI bottentomd,Non Recyclable
Emptying,88.7,53.6,6.0,82.0,52.8,87.3,45.2,Lindstrom-b,Non Recyclable
Emptying,92.4,69.7,6.0,95.3,50.6,90.0,44.1,Lindstrom City,Non Recyclable
Emptying,92.6,31.6,8.0,72.0,34.2,75.7,49.0,Rectangular Farmland,Mixed
Non Emptying,32.9,33.3,1.0,62.2,38.2,33.9,51.2,Malmobehallare,Mixed
Emptying,96.2,38.0,6.0,69.8,50.8,88.8,51.7,Lindstrom-b,Mixed
Non Emptying,77.4,51.5,2.0,30.4,64.9,54.3,53.7,Lindstrom City,Recyclable
Emptying,93.3,40.5,8.0,94.8,21.2,90.7,41.8,Fiberglass Igloo-b,Non Recyclable
Non Emptying,68.5,58.4,5.0,79.0,27.6,69.9,55.2,Lindstrom-a,Mixed
Non Emptying,79.3,50.8,1.0,68.1,57.4,61.2,53.2,Fiberglass Igloo-a,Mixed
Non Emptying,78.1,56.9,3.0,38.5,33.8,51.4,32.9,Accordion,Recyclable
Non Emptying,66.1,53.6,2.0,73.3,56.5,67.9,58.2,Lindstrom-a,Recyclable
Emptying,81.6,55.6,9.0,87.2,31.7,67.6,49.8,Diamond,Recyclable
Non Emptying,75.1,54.6,2.0,67.2,50.5,73.0,51.4,Lindstrom-b,Mixed
Non Emptying,72.5,58.1,1.0,58.5,24.6,67.3,57.5,Lindstrom City,Non Recyclable
Non Emptying,70.6,33.0,5.0,64.4,52.5,60.3,27.5,Silvertop-b,Recyclable
Non Emptying,51.0,60.7,2.0,53.4,68.2,57.5,51.3,Lindstrom-a,Recyclable
Emptying,87.6,28.0,7.0,93.8,58.1,85.8,35.6,Malmobehallare,Recyclable
Non Emptying,83.8,49.8,6.0,74.4,40.9,80.3,54.3,Cubic,Non Recyclable
Emptying,82.9,68.3,7.0,93.9,62.2,63.8,32.0,Fiberglass Igloo-a,Recyclable
Non Emptying,63.8,57.2,4.0,58.2,32.8,62.0,62.7,Silvertop-b,Non Recyclable
Non Emptying,68.3,67.0,3.0,51.5,37.6,53.1,37.2,Rectangular,Mixed
Emptying,99.6,54.7,7.0,97.7,44.7,60.8,40.8,Accordion,Recyclable
Emptying,91.5,60.8,6.0,70.8,50.3,97.3,32.6,Lindstrom-b,Non Recyclable
Emptying,97.4,46.1,9.0,94.9,49.8,86.8,43.5,Silvertop-a,Recyclable
Non Emptying,66.4,57.9,5.0,57.9,53.9,65.4,52.3,BIM-3 FTI bottentomd,Recyclable
Emptying,81.5,33.3,6.0,93.8,62.3,91.2,59.2,Lindstrom-b,Mixed
Emptying,71.3,53.1,6.0,60.5,58.5,62.9,45.0,Fiberglass Igloo-a,Recyclable
Non Emptying,54.7,54.2,1.0,59.1,50.4,51.3,68.1,Cubic,Mixed
Non Emptying,63.6,52.4,3.0,65.0,35.5,60.3,20.5,Malmobehallare,Non Recyclable
Emptying,68.0,31.1,9.0,81.0,37.3,61.0,20.0,Silvertop-b,Non Recyclable
Non Emptying,53.0,37.0,3.0,66.2,50.1,54.0,22.1,Silvertop-a,Non Recyclable
Non Emptying,54.0,54.4,2.0,30.9,35.6,77.1,23.2,Fiberglass Igloo-a,Non Recyclable
Non Emptying,55.9,13.8,2.0,51.0,52.1,63.9,63.0,Lindstrom City,Non Recyclable
Emptying,80.1,31.7,6.0,92.7,55.9,60.9,67.1,Silvertop-b,Mixed
Non Emptying,33.3,56.0,4.0,57.3,33.1,60.0,52.7,Cubic,Non Recyclable
Non Emptying,32.3,62.7,4.0,77.5,55.9,69.1,34.2,Silvertop-b,Mixed
Emptying,97.8,45.4,6.0,80.9,43.6,91.0,52.8,Malmobehallare,Mixed
Non Emptying,32.6,36.0,1.0,79.6,36.5,50.2,38.5,Lindstrom-a,Mixed
Non Emptying,71.8,30.2,1.0,52.2,64.4,69.9,56.0,Lindstrom-a,Non Recyclable
Non Emptying,58.5,55.2,2.0,67.2,34.6,61.4,22.9,Malmobehallare,Recyclable
Non Emptying,53.3,24.3,1.0,36.6,51.9,35.7,37.3,Lindstrom City,Recyclable
Non Emptying,66.3,38.7,4.0,30.3,66.6,38.3,34.0,Lindstrom-a,Mixed
Emptying,83.8,57.1,7.0,75.2,48.8,67.7,21.8,Malmobehallare,Non Recyclable
Emptying,92.3,42.9,6.0,95.6,41.4,79.0,49.3,Rectangular Farmland,Non Recyclable
Emptying,88.2,40.2,6.0,89.2,56.2,87.3,25.3,Lindstrom-b,Mixed
Emptying,81.3,43.0,6.0,63.4,68.8,82.8,51.1,Rectangular,Mixed
Non Emptying,74.0,57.6,4.0,52.6,52.2,69.0,68.3,Malmobehallare,Non Recyclable
Emptying,94.3,59.8,6.0,70.0,60.3,99.1,48.7,Diamond,Recyclable
Non Emptying,61.0,37.0,4.0,53.4,50.8,65.7,68.0,Accordion,Mixed
Non Emptying,58.1,31.4,4.0,31.2,65.0,51.6,55.0,Diamond,Recyclable
Non Emptying,70.6,65.3,1.0,54.4,23.6,71.8,26.6,BIM-3 FTI bottentomd,Mixed
Non Emptying,33.5,51.0,4.0,63.2,61.1,33.9,66.3,Lindstrom-a,Recyclable
Emptying,67.0,51.0,6.0,85.1,40.7,99.1,44.5,Accordion,Recyclable
Non Emptying,64.2,52.5,5.0,61.1,66.5,32.1,50.9,Rectangular Farmland,Mixed
Emptying,91.1,31.2,7.0,70.9,44.5,99.9,52.1,Lindstrom City,Recyclable
Emptying,63.5,62.5,6.0,94.3,31.4,90.0,61.9,Accordion,Recyclable
Emptying,90.8,22.9,8.0,91.7,40.8,71.1,63.0,BIM-3 FTI bottentomd,Recyclable
Non Emptying,30.4,22.4,1.0,66.6,52.6,65.1,55.6,Malmobehallare,Non Recyclable
Non Emptying,52.4,30.3,1.0,32.0,23.7,31.5,62.9,Cubic,Mixed
Non Emptying,79.7,59.0,3.0,50.8,34.0,56.4,58.6,Silvertop-a,Non Recyclable
Emptying,70.0,45.7,6.0,82.2,45.6,98.6,34.9,Silvertop-a,Non Recyclable
Non Emptying,53.8,53.2,1.0,31.8,61.2,61.3,67.1,Rectangular,Mixed
Non Emptying,33.6,50.7,5.0,30.9,62.3,71.6,24.4,Lindstrom-b,Mixed
Non Emptying,65.2,38.4,2.0,60.8,58.6,50.9,65.7,Rectangular Farmland,Recyclable
Non Emptying,54.6,56.1,4.0,61.4,37.3,71.8,35.3,Silvertop-a,Non Recyclable
Non Emptying,53.3,50.9,4.0,56.9,23.5,68.8,54.2,Fiberglass Igloo-a,Recyclable
Non Emptying,71.7,61.8,5.0,74.4,52.4,52.0,63.5,Silvertop-a,Recyclable
Non Emptying,60.9,22.9,2.0,76.4,28.1,72.8,60.1,Silvertop-b,Mixed
Non Emptying,73.8,55.8,3.0,61.3,54.0,58.6,61.7,Lindstrom-a,Recyclable
Emptying,90.0,24.7,7.0,60.0,49.2,80.4,42.4,Diamond,Non Recyclable
Non Emptying,67.5,20.5,3.0,63.1,68.3,31.4,30.6,Rectangular Farmland,Recyclable
Emptying,82.6,50.0,7.0,90.3,69.6,86.1,47.3,Rectangular,Mixed
Non Emptying,31.7,52.7,1.0,77.3,56.6,34.7,37.3,Lindstrom-a,Recyclable
Emptying,89.9,63.8,6.0,96.3,52.5,61.0,48.7,Accordion,Recyclable
Non Emptying,56.6,30.0,1.0,75.6,35.6,61.6,38.0,Lindstrom City,Non Recyclable
Non Emptying,66.7,67.5,4.0,63.3,30.1,60.0,61.2,Lindstrom-a,Non Recyclable
Non Emptying,58.9,20.5,4.0,68.7,38.7,57.5,51.4,BIM-3 FTI bottentomd,Mixed
Emptying,78.4,34.2,9.0,94.6,24.6,92.0,50.2,BIM-3 FTI bottentomd,Non Recyclable
Non Emptying,68.4,68.5,2.0,34.6,67.8,73.4,36.9,Fiberglass Igloo-a,Recyclable
Emptying,93.4,40.3,,62.3,53.1,60.8,65.3,Malmobehallare,Non Recyclable
Emptying,84.5,65.4,7.0,88.4,33.8,95.5,51.3,Malmobehallare,Non Recyclable
Emptying,70.0,43.0,9.0,88.7,55.6,100.0,32.1,Rectangular Farmland,Recyclable
Emptying,73.3,60.0,6.0,65.2,34.6,84.3,41.7,Rectangular,Recyclable
Non Emptying,51.9,37.2,2.0,50.1,36.4,58.0,67.2,Accordion,Non Recyclable
Emptying,83.4,35.9,6.0,74.7,22.5,76.8,42.5,Silvertop-b,Non Recyclable
Emptying,80.9,43.7,6.0,93.7,57.1,92.4,65.0,Fiberglass Igloo-a,Mixed
Emptying,93.2,53.2,6.0,73.5,25.9,95.0,63.1,Lindstrom-b,Non Recyclable
Emptying,77.5,43.7,8.0,84.1,51.4,96.7,42.0,Silvertop-a,Mixed
Non Emptying,61.0,36.4,2.0,53.8,31.4,68.5,34.8,Diamond,Non Recyclable
Emptying,71.3,61.2,7.0,81.1,35.8,80.0,26.7,Rectangular Farmland,Non Recyclable
Emptying,81.1,39.8,6.0,90.5,50.0,62.5,38.9,Fiberglass Igloo-a,Mixed
Non Emptying,64.6,60.8,4.0,51.0,50.9,61.3,33.9,Rectangular,Mixed
Emptying,82.4,40.8,8.0,63.4,56.6,91.5,64.4,Lindstrom-a,Non Recyclable
Emptying,96.5,21.5,6.0,61.5,63.6,80.5,34.0,Lindstrom-a,Non Recyclable
Emptying,93.8,43.6,9.0,85.5,40.1,67.6,35.9,Lindstrom-b,Mixed
Non Emptying,61.2,31.3,1.0,50.2,34.6,58.3,24.5,Lindstrom City,Recyclable
Non Emptying,32.0,66.2,1.0,69.8,21.4,59.3,30.7,Rectangular,Mixed
Emptying,92.5,50.2,6.0,64.1,36.7,93.6,39.9,Fiberglass Igloo-b,Mixed
Emptying,80.3,68.0,,73.0,33.4,95.7,36.2,Fiberglass Igloo-a,Recyclable
Emptying,72.7,54.8,9.0,93.3,50.6,90.0,59.4,Fiberglass Igloo-a,Non Recyclable
Emptying,91.2,41.2,7.0,60.1,41.1,97.3,41.0,Fiberglass Igloo-b,Non Recyclable
Non Emptying,77.6,62.3,5.0,67.3,38.8,57.5,53.0,Malmobehallare,Non Recyclable
Non Emptying,53.7,55.3,3.0,78.6,21.2,56.2,36.6,Cubic,Recyclable
Emptying,65.8,48.4,6.0,80.9,64.9,61.3,31.8,Rectangular,Mixed
Non Emptying,71.7,36.6,5.0,75.1,52.4,73.8,33.7,Silvertop-b,Non Recyclable
Emptying,72.6,61.4,6.0,80.2,31.2,70.1,20.6,Fiberglass Igloo-a,Non Recyclable
Emptying,100.0,62.2,6.0,75.9,53.3,98.6,38.7,Cubic,Recyclable
Non Emptying,31.0,32.8,3.0,73.3,25.6,54.6,31.1,Silvertop-b,Mixed
Non Emptying,64.2,25.6,4.0,75.7,23.9,38.7,21.9,Diamond,Recyclable
Emptying,72.4,53.9,7.0,75.5,51.9,81.5,40.5,Silvertop-b,Recyclable
Emptying,66.4,66.5,6.0,90.2,52.8,71.5,65.5,Diamond,Non Recyclable
Emptying,93.7,46.7,6.0,76.1,50.3,93.9,26.1,Lindstrom-a,Non Recyclable
Emptying,84.6,45.5,6.0,96.1,24.1,95.4,20.0,Lindstrom City,Non Recyclable
Non Emptying,53.5,37.8,5.0,70.7,65.6,57.5,67.0,Cubic,Recyclable
Emptying,78.3,43.9,7.0,79.9,28.8,77.9,26.3,Fiberglass Igloo-a,Recyclable
Emptying,63.1,23.4,6.0,98.2,41.9,87.4,53.9,Lindstrom-a,Non Recyclable
Non Emptying,50.6,64.2,3.0,33.7,35.0,67.6,33.9,Silvertop-a,Mixed
Non Emptying,50.9,28.2,2.0,62.8,32.3,70.2,53.9,Fiberglass Igloo-b,Mixed
Non Emptying,61.9,51.0,3.0,59.3,37.8,58.8,60.3,Rectangular,Non Recyclable
Emptying,94.5,43.6,6.0,66.6,26.4,99.7,43.2,BIM-3 FTI bottentomd,Recyclable
Non Emptying,62.3,53.3,2.0,59.4,20.3,36.4,62.5,Lindstrom City,Non Recyclable
Non Emptying,52.2,68.9,4.0,53.1,53.9,79.8,52.2,Rectangular,Recyclable
Emptying,91.4,51.2,9.0,91.1,57.9,87.4,67.5,Cubic,Mixed
Emptying,95.6,30.9,,90.0,23.0,79.6,38.6,Diamond,Mixed
Non Emptying,60.3,54.3,5.0,38.4,54.2,33.7,51.8,Cubic,Recyclable
Emptying,91.3,50.0,6.0,63.9,52.3,96.4,37.2,Fiberglass Igloo-a,Mixed
Emptying,88.1,63.1,9.0,86.1,45.3,83.0,56.8,Accordion,Recyclable
Non Emptying,57.0,52.3,4.0,58.5,37.9,60.4,64.7,Rectangular,Mixed
Non Emptying,62.8,34.7,2.0,76.4,57.2,61.4,39.0,Fiberglass Igloo-b,Recyclable
Emptying,94.1,54.4,,82.2,60.6,70.8,35.4,Fiberglass Igloo-b,Mixed
Emptying,73.4,53.1,9.0,89.6,20.5,76.5,69.2,Rectangular Farmland,Mixed
Emptying,77.7,25.2,9.0,82.8,33.3,72.0,58.7,Malmobehallare,Mixed
Non Emptying,61.4,50.7,3.0,62.2,35.3,50.3,50.2,Fiberglass Igloo-a,Mixed
Emptying,80.8,31.2,8.0,89.0,69.8,95.7,49.1,Lindstrom-a,Non Recyclable
Emptying,90.3,28.2,8.0,63.8,41.2,93.5,40.4,Fiberglass Igloo-b,Non Recyclable
Non Emptying,65.4,34.4,5.0,58.8,32.4,62.7,67.6,Malmobehallare,Mixed
Non Emptying,66.2,51.9,5.0,34.3,63.4,50.3,23.2,Fiberglass Igloo-b,Mixed
Emptying,83.7,20.4,6.0,67.2,50.5,64.2,42.0,Silvertop-a,Recyclable
Emptying,63.5,35.9,6.0,63.3,32.4,82.6,43.4,BIM-3 FTI bottentomd,Mixed
Non Emptying,66.0,59.0,1.0,65.9,26.1,68.3,37.7,Rectangular,Recyclable
Non Emptying,72.9,63.8,2.0,58.6,22.6,53.0,53.5,Accordion,Non Recyclable
Non Emptying,39.7,33.4,2.0,68.6,36.0,67.0,62.9,Silvertop-b,Mixed
Non Emptying,73.1,30.9,2.0,38.8,31.6,64.0,38.5,Lindstrom-b,Non Recyclable
Emptying,92.5,58.5,,88.0,34.0,72.2,54.4,Fiberglass Igloo-b,Recyclable
Non Emptying,50.6,52.0,3.0,38.9,21.8,61.5,20.8,Lindstrom-a,Recyclable
Emptying,97.4,51.8,6.0,64.8,34.1,87.1,30.6,Lindstrom-a,Non Recyclable
Non Emptying,50.3,35.2,1.0,39.8,62.6,50.9,30.1,BIM-3 FTI bottentomd,Recyclable
Non Emptying,56.3,64.1,2.0,66.1,37.3,32.0,35.6,Rectangular,Mixed
Emptying,99.1,60.7,6.0,62.3,57.7,67.2,56.0,Silvertop-a,Recyclable
Emptying,84.4,30.4,6.0,87.4,44.5,78.8,56.5,Cubic,Mixed
Emptying,71.5,57.5,7.0,92.4,42.0,88.6,35.4,Rectangular Farmland,Mixed
Non Emptying,71.6,38.3,5.0,58.5,54.8,58.9,38.4,BIM-3 FTI bottentomd,Non Recyclable
Non Emptying,67.6,35.8,1.0,60.5,37.6,51.4,68.0,Cubic,Mixed
Emptying,91.6,43.9,7.0,99.1,53.6,93.4,54.7,Silvertop-a,Non Recyclable
Emptying,62.1,53.7,6.0,66.8,41.8,81.1,58.2,Lindstrom-a,Recyclable
Non Emptying,65.2,54.3,2.0,64.3,60.2,62.6,33.4,Lindstrom-a,Non Recyclable
Emptying,75.8,46.2,7.0,90.4,64.1,61.6,49.9,Cubic,Recyclable
Emptying,82.3,24.5,7.0,95.6,54.5,100.0,56.2,Lindstrom City,Non Recyclable
Emptying,96.8,53.5,8.0,91.4,54.2,94.4,36.9,Malmobehallare,Recyclable
Emptying,81.0,58.0,6.0,94.7,58.3,89.1,40.4,Lindstrom City,Recyclable
Emptying,81.1,45.2,9.0,82.9,53.2,68.7,59.3,Fiberglass Igloo-b,Recyclable
Emptying,99.5,51.9,9.0,70.9,51.8,85.2,44.9,Silvertop-a,Mixed
Emptying,74.6,36.5,7.0,88.0,34.8,82.2,46.1,Diamond,Non Recyclable
Emptying,81.4,51.3,6.0,82.3,21.7,82.4,22.0,Fiberglass Igloo-a,Mixed
Emptying,90.0,20.5,7.0,92.9,44.1,99.3,35.7,Lindstrom-b,Non Recyclable
Emptying,85.1,60.0,8.0,65.2,58.3,95.4,68.2,Lindstrom-a,Recyclable
Non Emptying,32.6,35.6,1.0,75.1,34.7,71.2,63.3,Fiberglass Igloo-b,Mixed
Non Emptying,32.5,33.1,1.0,61.0,22.8,53.1,26.3,Cubic,Non Recyclable
Non Emptying,51.1,50.2,1.0,52.0,66.4,51.2,51.9,Cubic,Non Recyclable
Non Emptying,60.9,28.5,3.0,31.3,63.6,52.1,23.0,Lindstrom-a,Non Recyclable
Non Emptying,53.5,55.1,5.0,77.2,32.5,78.0,38.1,Fiberglass Igloo-b,Mixed
Non Emptying,35.5,38.1,1.0,33.1,32.2,61.9,50.7,Silvertop-a,Mixed
Emptying,90.9,23.9,9.0,94.6,48.1,90.5,40.0,Rectangular Farmland,Non Recyclable
Non Emptying,60.7,28.3,5.0,79.0,25.7,30.0,55.4,Lindstrom-b,Mixed
Emptying,67.1,66.3,8.0,91.9,68.2,74.3,22.4,Rectangular,Recyclable
Non Emptying,56.1,30.9,3.0,67.1,52.9,69.3,32.3,Silvertop-b,Non Recyclable
Emptying,86.3,22.2,6.0,75.4,54.7,97.7,57.7,Cubic,Recyclable
Non Emptying,90.1,30.8,,91.7,43.6,93.1,33.9,Silvertop-a,Non Recyclable
Emptying,94.8,58.8,7.0,93.9,38.5,61.7,42.8,Silvertop-a,Recyclable
Non Emptying,64.2,54.3,3.0,69.3,33.8,55.1,60.4,Rectangular,Mixed
Emptying,88.7,49.9,6.0,90.0,58.4,80.5,48.8,Fiberglass Igloo-b,Recyclable
Emptying,84.5,29.0,8.0,91.2,30.5,70.6,38.3,Cubic,Mixed
Emptying,82.1,32.7,8.0,92.7,40.8,68.2,34.6,Silvertop-b,Mixed
Non Emptying,34.4,58.7,4.0,60.1,20.2,64.3,33.4,Lindstrom-b,Non Recyclable
Emptying,76.6,52.6,7.0,60.1,35.4,74.0,37.0,Lindstrom City,Non Recyclable
Emptying,98.1,32.2,6.0,70.6,41.1,93.0,29.7,Fiberglass Igloo-a,Mixed
Non Emptying,67.4,35.8,5.0,55.2,32.0,60.6,60.4,BIM-3 FTI bottentomd,Non Recyclable
Non Emptying,51.9,55.2,4.0,35.5,21.9,72.0,52.8,Fiberglass Igloo-a,Mixed
Non Emptying,36.1,65.2,4.0,75.2,56.8,71.4,50.0,Lindstrom City,Mixed
Non Emptying,61.4,23.8,4.0,50.5,20.6,38.5,22.4,Silvertop-a,Non Recyclable
Non Emptying,54.2,55.4,1.0,32.7,36.8,64.6,23.6,Fiberglass Igloo-a,Recyclable
Emptying,96.8,67.5,8.0,85.7,42.7,63.4,45.6,Malmobehallare,Recyclable
Non Emptying,61.2,26.5,1.0,60.9,56.3,34.1,53.7,Silvertop-b,Non Recyclable
Emptying,92.5,47.6,6.0,87.6,54.9,78.4,56.3,Lindstrom-a,Non Recyclable
Emptying,99.4,53.0,8.0,88.1,50.1,77.7,37.9,Fiberglass Igloo-b,Mixed
Non Emptying,64.4,55.1,2.0,60.8,32.1,34.1,26.8,Fiberglass Igloo-b,Non Recyclable
Non Emptying,50.6,58.3,4.0,54.9,60.4,58.9,34.3,Lindstrom-a,Recyclable
Emptying,81.6,44.7,7.0,74.6,57.2,87.8,53.7,Cubic,Mixed
Non Emptying,75.6,31.0,2.0,67.0,35.8,64.0,53.1,Silvertop-a,Recyclable
Non Emptying,67.3,32.1,2.0,65.7,53.5,65.1,27.4,Lindstrom-b,Non Recyclable
Emptying,67.3,39.5,9.0,71.0,59.9,62.8,40.7,Lindstrom City,Mixed
Emptying,73.6,45.1,8.0,62.4,46.6,80.0,58.1,Malmobehallare,Non Recyclable
Non Emptying,71.1,31.3,5.0,63.1,57.9,71.7,54.7,Lindstrom City,Mixed
Non Emptying,66.5,22.0,5.0,62.9,68.8,50.1,32.1,Cubic,Recyclable
Emptying,94.2,40.5,8.0,72.1,31.4,65.6,57.6,Diamond,Recyclable
Non Emptying,60.6,55.6,4.0,79.3,55.9,60.7,34.5,Fiberglass Igloo-a,Mixed
Non Emptying,70.3,35.0,5.0,57.7,24.8,76.5,63.9,Malmobehallare,Non Recyclable
Non Emptying,57.8,30.4,4.0,65.0,36.7,55.5,37.2,Accordion,Non Recyclable
Non Emptying,69.7,23.9,4.0,30.2,34.7,68.2,38.6,Rectangular,Non Recyclable
Non Emptying,50.4,55.6,3.0,74.2,34.5,59.5,22.1,Silvertop-b,Non Recyclable
Non Emptying,69.3,52.2,5.0,62.5,57.1,64.8,54.7,Fiberglass Igloo-a,Mixed
Non Emptying,66.9,50.6,1.0,59.3,50.6,65.5,51.3,Lindstrom-b,Non Recyclable
Non Emptying,50.6,60.2,4.0,76.9,35.5,68.9,54.0,Lindstrom-b,Mixed
Non Emptying,50.4,50.5,5.0,64.9,25.0,63.4,26.2,Silvertop-b,Recyclable
Emptying,93.6,55.9,6.0,99.3,44.0,72.0,60.1,Diamond,Recyclable
Non Emptying,56.4,36.2,1.0,50.7,25.1,51.9,36.1,Cubic,Recyclable
Non Emptying,32.8,58.0,3.0,62.4,52.5,58.7,51.2,Fiberglass Igloo-b,Mixed
Non Emptying,39.1,57.0,2.0,53.7,51.4,50.3,50.3,Lindstrom City,Non Recyclable
Non Emptying,64.6,56.8,5.0,51.1,54.4,52.2,54.5,Cubic,Non Recyclable
Emptying,60.7,47.1,9.0,90.8,38.1,66.6,23.5,Rectangular Farmland,Recyclable
Non Emptying,72.3,63.2,4.0,65.3,61.8,64.8,64.7,Rectangular,Recyclable
Non Emptying,51.0,36.8,3.0,55.9,28.2,69.5,31.5,Diamond,Mixed
Non Emptying,62.0,54.3,4.0,69.0,56.2,73.0,35.5,Lindstrom-a,Recyclable
Emptying,83.0,21.8,7.0,77.1,41.9,83.1,31.5,Lindstrom-b,Mixed
Emptying,63.9,58.4,8.0,98.7,46.8,94.1,56.1,Rectangular,Recyclable
Non Emptying,70.0,54.9,3.0,50.6,52.6,35.3,21.5,Accordion,Mixed
Non Emptying,65.4,32.1,3.0,50.5,28.0,67.3,56.6,Lindstrom-b,Non Recyclable
Emptying,70.6,48.6,9.0,90.4,41.3,84.2,42.2,Malmobehallare,Recyclable
Non Emptying,61.1,24.1,4.0,52.0,25.0,60.4,56.4,Rectangular Farmland,Recyclable
Emptying,84.3,40.2,8.0,84.1,59.5,93.0,50.3,Lindstrom-a,Mixed
Emptying,81.3,27.7,8.0,83.6,34.9,62.4,30.4,Cubic,Mixed
Emptying,97.0,24.2,8.0,94.0,40.3,60.1,57.9,Diamond,Mixed
Emptying,90.7,55.7,6.0,89.0,46.0,82.3,21.0,Lindstrom-b,Mixed
Emptying,76.6,41.8,6.0,90.2,62.1,94.5,34.3,Lindstrom City,Recyclable
Emptying,97.4,42.1,6.0,98.4,52.3,82.7,53.8,BIM-3 FTI bottentomd,Recyclable
Non Emptying,53.3,56.7,1.0,78.3,37.0,55.1,66.4,Malmobehallare,Mixed
Non Emptying,63.5,35.7,3.0,36.8,37.9,67.8,25.9,Cubic,Recyclable
Emptying,89.1,44.0,9.0,81.2,45.8,76.9,41.6,Malmobehallare,Mixed
Emptying,87.1,43.1,6.0,81.2,42.3,73.5,48.1,Fiberglass Igloo-a,Recyclable
Non Emptying,56.5,60.0,2.0,68.2,32.5,51.4,35.2,Rectangular,Non Recyclable
Non Emptying,64.2,31.3,2.0,64.2,53.0,63.1,22.8,Accordion,Recyclable
Non Emptying,71.3,35.2,1.0,61.7,50.5,37.9,52.9,Silvertop-a,Recyclable
Emptying,65.4,34.4,6.0,60.0,39.8,65.3,31.2,Lindstrom-a,Non Recyclable
Non Emptying,31.1,51.9,1.0,63.8,50.5,79.6,54.6,Lindstrom-b,Non Recyclable
Non Emptying,74.9,66.1,3.0,53.3,63.9,51.9,55.2,Silvertop-a,Non Recyclable
Non Emptying,31.4,35.5,4.0,66.6,25.8,66.2,51.8,Cubic,Non Recyclable
Emptying,86.5,48.9,6.0,84.2,22.4,80.5,66.0,Accordion,Non Recyclable
Non Emptying,63.3,25.7,5.0,62.2,37.9,61.3,53.3,BIM-3 FTI bottentomd,Mixed
Emptying,60.8,52.6,8.0,61.6,39.5,88.5,49.6,Lindstrom City,Mixed
Non Emptying,63.7,21.1,2.0,63.2,55.6,77.9,58.0,Fiberglass Igloo-a,Non Recyclable
Non Emptying,61.8,24.8,3.0,69.6,33.0,77.1,65.3,Fiberglass Igloo-a,Recyclable
Non Emptying,65.5,68.3,1.0,60.1,33.3,67.7,51.2,BIM-3 FTI bottentomd,Non Recyclable
Emptying,98.2,52.0,6.0,96.7,32.3,93.9,40.5,Rectangular,Mixed
Emptying,83.7,43.3,8.0,86.8,29.3,96.8,57.3,Lindstrom-b,Recyclable
Emptying,97.2,54.8,7.0,61.0,53.0,97.1,62.8,Lindstrom-a,Non Recyclable
Emptying,84.9,21.7,9.0,91.2,33.5,77.8,56.3,BIM-3 FTI bottentomd,Recyclable
Emptying,95.8,30.7,6.0,87.1,44.2,91.2,44.7,Lindstrom City,Non Recyclable
Emptying,66.8,69.0,6.0,71.7,38.3,92.7,49.2,Lindstrom-b,Recyclable
Emptying,82.0,33.1,6.0,89.9,61.5,89.3,32.9,Rectangular Farmland,Mixed
Emptying,90.9,51.0,6.0,100.0,63.4,96.9,62.6,Lindstrom City,Mixed
Emptying,82.6,52.8,6.0,63.3,30.3,99.8,21.1,Lindstrom-b,Recyclable
Emptying,97.0,47.3,6.0,82.6,50.5,98.8,42.1,Diamond,Non Recyclable
Emptying,77.2,34.8,9.0,85.7,68.8,96.1,44.5,Accordion,Mixed
Non Emptying,50.6,24.7,2.0,33.6,34.7,61.1,56.7,Lindstrom-b,Non Recyclable
Emptying,88.7,35.0,9.0,93.5,33.0,60.2,38.0,Silvertop-b,Recyclable
Non Emptying,60.9,35.8,3.0,50.5,65.9,51.5,33.6,Cubic,Non Recyclable
Emptying,92.8,54.5,6.0,92.9,63.3,81.8,45.4,Fiberglass Igloo-a,Non Recyclable
Non Emptying,64.9,62.0,4.0,79.0,25.4,61.2,50.4,Silvertop-a,Recyclable
Non Emptying,65.0,26.0,1.0,70.2,61.1,63.8,38.7,Diamond,Mixed
Non Emptying,64.6,54.2,1.0,60.5,62.2,60.6,21.0,Silvertop-b,Non Recyclable
Emptying,63.9,32.8,6.0,61.8,40.9,89.6,70.0,Lindstrom-a,Non Recyclable
Emptying,63.2,52.2,8.0,98.2,59.1,73.6,61.1,Silvertop-b,Non Recyclable
Non Emptying,69.0,54.1,2.0,69.8,24.6,32.5,36.0,Diamond,Recyclable
Emptying,98.8,59.7,6.0,71.9,61.9,67.6,64.5,Lindstrom City,Non Recyclable
Emptying,85.2,50.6,6.0,82.6,48.6,92.2,26.9,Silvertop-b,Mixed
Non Emptying,71.4,23.3,4.0,74.8,36.0,66.8,36.4,Lindstrom-a,Recyclable
Non Emptying,69.5,30.5,1.0,54.0,51.0,76.2,30.6,Rectangular,Recyclable
Emptying,72.2,52.7,7.0,96.6,43.4,91.7,41.9,BIM-3 FTI bottentomd,Non Recyclable
Non Emptying,53.0,50.2,2.0,60.9,29.0,51.0,56.1,Silvertop-a,Mixed
Emptying,89.5,32.9,6.0,63.1,33.2,93.2,68.9,Fiberglass Igloo-a,Recyclable
Emptying,93.0,53.3,6.0,67.7,23.7,80.4,44.3,Lindstrom City,Mixed
Non Emptying,54.8,38.5,4.0,73.6,64.2,62.9,36.4,Lindstrom-a,Non Recyclable
Emptying,77.8,53.4,6.0,84.4,53.2,71.9,50.5,Silvertop-b,Mixed
Emptying,72.1,57.8,7.0,85.4,33.8,93.6,64.0,Lindstrom City,Recyclable
Emptying,88.9,53.5,7.0,88.0,62.8,93.7,20.7,Lindstrom City,Non Recyclable
Non Emptying,51.6,35.0,4.0,52.6,32.5,52.1,30.1,Diamond,Non Recyclable
Emptying,71.9,47.2,7.0,60.7,45.0,98.3,38.4,BIM-3 FTI bottentomd,Mixed
Emptying,94.3,48.0,9.0,95.9,37.5,90.4,50.4,Rectangular Farmland,Non Recyclable
Non Emptying,60.2,27.9,5.0,77.6,36.2,50.1,54.5,Diamond,Recyclable
Emptying,73.9,31.3,6.0,90.7,49.0,67.0,33.7,Lindstrom-a,Recyclable
Emptying,82.4,61.0,6.0,80.9,59.4,61.3,53.6,Fiberglass Igloo-a,Non Recyclable
Non Emptying,77.0,65.3,4.0,68.5,30.1,64.7,22.2,Lindstrom-a,Recyclable
Emptying,67.6,47.2,8.0,83.4,21.3,82.0,46.7,Lindstrom-a,Recyclable
Non Emptying,57.0,63.5,4.0,62.8,55.3,67.5,68.5,BIM-3 FTI bottentomd,Mixed
Emptying,80.3,42.2,7.0,88.8,67.1,80.2,53.1,Lindstrom-b,Non Recyclable
Non Emptying,67.9,33.5,1.0,52.3,33.0,69.7,38.4,Fiberglass Igloo-a,Mixed
Emptying,90.2,32.8,9.0,84.1,54.2,64.3,52.0,Fiberglass Igloo-a,Non Recyclable
Emptying,94.2,22.5,6.0,88.0,20.2,72.9,42.3,Malmobehallare,Recyclable
Non Emptying,58.3,23.0,4.0,61.7,25.1,60.2,68.2,Fiberglass Igloo-b,Mixed
Emptying,87.0,26.6,6.0,81.5,44.2,66.8,57.1,Lindstrom-b,Non Recyclable
Non Emptying,63.9,66.2,5.0,62.3,33.3,65.8,27.6,Silvertop-a,Mixed
Non Emptying,76.0,51.3,2.0,59.4,54.1,53.1,21.2,Lindstrom-b,Mixed
Non Emptying,54.9,64.2,2.0,64.4,55.5,30.9,55.0,BIM-3 FTI bottentomd,Recyclable
Emptying,78.8,32.7,6.0,97.1,51.1,71.7,54.9,Lindstrom City,Non Recyclable
Non Emptying,34.7,56.4,3.0,63.5,63.8,31.1,23.4,Diamond,Non Recyclable
Non Emptying,68.1,53.9,2.0,57.9,56.7,73.2,52.4,Malmobehallare,Recyclable
Emptying,70.3,28.5,9.0,84.3,68.4,70.6,54.0,Fiberglass Igloo-b,Non Recyclable
Emptying,93.8,52.4,8.0,80.6,69.5,68.8,47.2,Lindstrom-b,Recyclable
Non Emptying,37.0,31.3,2.0,51.1,55.1,60.6,60.6,Lindstrom-b,Mixed
Emptying,69.4,49.6,8.0,78.8,31.0,68.3,45.5,Malmobehallare,Recyclable
Emptying,66.4,50.3,8.0,77.1,52.5,93.5,40.1,Silvertop-b,Non Recyclable
Emptying,85.1,46.0,7.0,99.9,40.8,81.8,61.7,Rectangular,Mixed
Non Emptying,32.2,20.5,4.0,77.8,52.3,52.3,26.9,Accordion,Recyclable
Emptying,62.5,44.2,6.0,94.1,34.7,80.4,60.1,Fiberglass Igloo-a,Non Recyclable
Emptying,88.9,30.4,8.0,91.4,47.1,92.2,44.4,Rectangular,Recyclable
Non Emptying,78.7,62.9,4.0,78.1,55.5,56.3,50.2,Silvertop-b,Recyclable
Non Emptying,52.4,64.4,3.0,61.7,50.7,36.5,55.0,Rectangular,Non Recyclable
Emptying,94.7,56.8,6.0,61.5,55.7,92.7,51.4,Lindstrom City,Non Recyclable
Emptying,64.4,32.2,6.0,93.0,59.6,63.7,38.8,Fiberglass Igloo-a,Non Recyclable
Non Emptying,31.3,53.7,5.0,62.3,65.4,78.0,50.0,Lindstrom-b,Recyclable
Non Emptying,55.9,21.7,3.0,51.6,68.7,63.2,35.8,Rectangular,Mixed
Non Emptying,53.8,33.6,1.0,52.8,20.8,63.1,25.8,Rectangular Farmland,Recyclable
Emptying,68.6,64.4,7.0,90.0,60.9,69.0,24.5,Accordion,Recyclable
Non Emptying,79.2,20.9,4.0,64.7,65.3,58.9,62.5,Lindstrom City,Mixed
Non Emptying,51.3,55.9,2.0,33.4,57.4,56.9,50.0,Lindstrom-a,Mixed
Emptying,90.4,67.7,6.0,94.4,42.0,74.4,40.6,Lindstrom-b,Recyclable
Non Emptying,51.2,37.2,4.0,71.9,33.5,53.7,34.0,Cubic,Recyclable
Emptying,94.0,32.5,6.0,73.7,62.2,76.7,37.8,Rectangular Farmland,Non Recyclable
Emptying,81.2,38.1,6.0,81.9,66.8,95.0,45.6,Rectangular,Recyclable
Non Emptying,54.2,63.6,5.0,76.1,51.3,68.1,56.4,Lindstrom-b,Mixed
Non Emptying,61.9,36.0,2.0,57.9,53.6,53.9,36.3,Lindstrom-a,Non Recyclable
Non Emptying,73.7,36.6,3.0,69.6,38.1,63.6,64.3,Diamond,Non Recyclable
Non Emptying,72.5,65.2,5.0,62.2,58.5,64.1,54.7,Rectangular Farmland,Non Recyclable
Non Emptying,52.9,34.4,3.0,60.2,62.4,55.5,55.3,Lindstrom-b,Non Recyclable
Emptying,79.7,54.4,6.0,67.4,47.3,60.1,38.2,Diamond,Recyclable
Emptying,98.9,57.3,7.0,74.5,54.6,61.4,68.7,Diamond,Non Recyclable
Emptying,78.2,34.3,7.0,80.8,21.9,91.6,45.1,Malmobehallare,Recyclable
Emptying,98.1,59.9,7.0,89.1,42.1,74.9,44.6,Diamond,Non Recyclable
Emptying,83.5,50.7,7.0,74.1,50.7,72.9,48.4,Diamond,Mixed
Emptying,68.1,59.8,7.0,64.2,46.9,90.8,52.8,Silvertop-a,Non Recyclable
Non Emptying,59.7,27.8,1.0,51.1,22.7,62.9,57.1,Rectangular,Mixed
Non Emptying,53.5,32.1,5.0,52.8,64.6,56.5,53.7,Rectangular,Non Recyclable
Non Emptying,60.2,50.8,5.0,75.0,37.6,65.1,52.1,Lindstrom City,Non Recyclable
Emptying,80.7,41.7,8.0,60.2,43.8,97.1,31.3,Accordion,Non Recyclable
Non Emptying,33.0,50.4,4.0,70.2,31.3,67.0,32.7,Silvertop-b,Recyclable
Non Emptying,53.9,53.9,2.0,36.7,36.9,68.4,62.2,Cubic,Non Recyclable
Non Emptying,64.3,39.0,3.0,55.6,28.6,70.0,55.3,Fiberglass Igloo-a,Mixed
Non Emptying,73.8,36.7,1.0,53.9,27.8,34.8,52.2,Diamond,Recyclable
Non Emptying,63.6,54.6,5.0,66.7,34.8,60.1,50.5,Rectangular Farmland,Recyclable
Non Emptying,68.9,57.1,3.0,50.5,36.6,31.3,55.5,Rectangular,Recyclable
Emptying,72.6,36.8,7.0,91.4,32.7,96.3,50.7,Lindstrom-a,Non Recyclable
Non Emptying,78.4,36.3,1.0,71.9,32.0,63.0,38.0,Rectangular Farmland,Mixed
Emptying,93.2,26.1,8.0,92.0,42.7,106.5,56.0,Cubic,Non Recyclable
Non Emptying,64.3,58.9,5.0,34.0,51.0,33.3,22.2,Silvertop-a,Mixed
Non Emptying,60.7,30.0,2.0,63.9,28.2,53.8,68.4,Rectangular Farmland,Non Recyclable
Emptying,68.5,65.6,8.0,91.9,45.0,91.4,52.0,Accordion,Non Recyclable
Non Emptying,65.8,22.5,3.0,67.1,56.4,61.6,51.0,BIM-3 FTI bottentomd,Recyclable
Non Emptying,61.1,57.0,4.0,54.5,65.1,52.5,33.2,Fiberglass Igloo-b,Recyclable
Non Emptying,57.9,37.6,3.0,62.1,35.2,61.9,31.7,Cubic,Mixed
Non Emptying,32.7,61.6,1.0,56.0,50.3,61.3,53.6,Malmobehallare,Mixed
Emptying,94.1,66.6,6.0,80.3,44.5,99.7,22.2,BIM-3 FTI bottentomd,Mixed
Non Emptying,75.4,35.7,5.0,55.0,21.3,70.1,60.0,Silvertop-a,Recyclable
Non Emptying,52.4,67.1,2.0,52.6,38.9,70.8,31.8,Lindstrom-a,Recyclable
Emptying,90.0,44.8,6.0,85.6,61.7,66.9,20.6,Lindstrom City,Non Recyclable
Emptying,85.6,51.5,6.0,71.4,54.1,93.1,51.1,Rectangular,Non Recyclable
Non Emptying,53.1,20.3,5.0,53.4,65.9,73.1,21.5,Diamond,Non Recyclable
Emptying,61.6,50.5,6.0,82.8,43.3,82.7,62.3,Diamond,Recyclable
Non Emptying,74.4,67.6,2.0,30.1,53.6,58.0,33.5,Silvertop-b,Recyclable
Non Emptying,67.5,57.1,2.0,60.6,56.5,62.1,36.2,Fiberglass Igloo-b,Recyclable
Emptying,74.7,42.7,6.0,91.0,46.4,103.4,53.3,Lindstrom City,Mixed
Non Emptying,68.5,68.8,8.0,67.3,66.7,93.5,52.4,Lindstrom City,Mixed
Emptying,88.7,53.9,7.0,66.2,54.1,81.9,60.6,Accordion,Recyclable
Emptying,65.6,44.3,6.0,96.2,51.0,65.5,30.8,Lindstrom-b,Recyclable
Non Emptying,64.3,56.3,8.0,65.9,43.3,95.1,46.3,Fiberglass Igloo-b,Mixed
Non Emptying,58.2,27.0,1.0,32.6,32.3,52.9,30.3,Diamond,Recyclable
Non Emptying,31.0,52.7,2.0,56.6,31.1,68.7,67.3,Lindstrom City,Recyclable
Emptying,90.2,25.8,9.0,81.9,44.6,97.2,48.0,Fiberglass Igloo-a,Recyclable
Emptying,80.7,64.4,8.0,92.2,23.4,73.4,43.4,Silvertop-a,Non Recyclable
Non Emptying,58.2,25.7,3.0,59.8,66.7,65.5,30.1,Cubic,Non Recyclable
Non Emptying,64.0,20.0,3.0,64.7,32.0,60.0,54.5,Rectangular,Recyclable
Emptying,94.9,48.1,8.0,89.1,30.1,61.9,40.9,Silvertop-b,Non Recyclable
Emptying,62.5,25.1,8.0,91.0,46.4,96.6,57.2,BIM-3 FTI bottentomd,Non Recyclable
Emptying,95.7,45.4,8.0,77.9,53.2,84.1,53.0,Cubic,Mixed
Non Emptying,30.6,34.9,1.0,67.9,30.3,71.9,30.3,Accordion,Recyclable
Emptying,61.8,58.9,7.0,61.5,45.1,86.3,57.2,Cubic,Recyclable
Emptying,69.7,54.5,6.0,61.1,20.8,85.3,40.4,Accordion,Recyclable
Emptying,77.4,35.6,9.0,80.7,37.4,67.2,52.4,Rectangular Farmland,Recyclable
Non Emptying,64.5,35.4,2.0,70.6,65.1,62.8,24.4,Diamond,Non Recyclable
Non Emptying,67.5,52.4,5.0,67.8,30.9,63.4,57.7,Rectangular,Non Recyclable
Non Emptying,61.9,62.1,1.0,59.2,55.0,55.0,56.2,Silvertop-a,Recyclable
Emptying,87.5,55.9,7.0,62.3,48.7,82.7,53.8,Malmobehallare,Non Recyclable
Emptying,96.1,58.3,6.0,90.4,56.4,90.5,21.3,Fiberglass Igloo-a,Recyclable
Emptying,68.6,62.8,6.0,82.0,33.5,82.8,48.6,Cubic,Mixed
Non Emptying,39.6,34.4,3.0,38.3,62.7,65.3,30.3,Accordion,Non Recyclable
Emptying,90.0,39.9,6.0,85.1,55.0,83.1,21.5,Silvertop-b,Recyclable
Non Emptying,50.7,50.5,1.0,53.7,57.3,73.0,58.3,Malmobehallare,Non Recyclable
Emptying,93.5,49.2,6.0,97.0,23.6,97.1,68.9,Diamond,Mixed
Emptying,90.8,35.9,6.0,93.8,45.9,67.2,64.8,Lindstrom-b,Non Recyclable
Non Emptying,91.7,22.8,7.0,82.0,53.9,92.3,47.7,Lindstrom-b,Non Recyclable
Non Emptying,71.2,55.8,2.0,59.4,32.2,62.9,53.1,Malmobehallare,Non Recyclable
Non Emptying,51.9,67.7,2.0,50.8,30.4,61.3,61.4,Lindstrom-a,Recyclable
Emptying,74.0,45.4,6.0,91.7,50.7,94.0,45.0,Cubic,Mixed
Non Emptying,71.3,60.3,2.0,34.7,57.5,56.3,35.2,Diamond,Non Recyclable
Emptying,73.8,52.3,9.0,105.9,59.7,69.5,40.9,Silvertop-a,Non Recyclable
Emptying,97.6,54.2,6.0,79.4,20.9,60.6,54.2,Rectangular,Recyclable
Emptying,60.9,43.9,8.0,91.4,47.2,93.1,20.9,Rectangular Farmland,Recyclable
Emptying,93.8,61.1,7.0,92.1,44.9,82.2,45.9,Malmobehallare,Recyclable
Emptying,90.6,41.8,7.0,87.5,55.3,84.4,45.0,Silvertop-a,Non Recyclable
Non Emptying,50.8,50.9,2.0,64.4,22.5,68.6,56.6,BIM-3 FTI bottentomd,Recyclable
Emptying,63.3,31.5,6.0,72.3,59.8,93.7,52.2,Rectangular,Recyclable
Non Emptying,60.6,20.9,2.0,56.4,21.7,31.1,57.9,Cubic,Mixed
Non Emptying,56.6,22.1,5.0,55.1,31.1,59.4,53.1,Accordion,Non Recyclable
Non Emptying,65.5,53.6,5.0,74.3,61.0,52.0,66.0,Lindstrom City,Recyclable
Emptying,95.2,67.4,6.0,89.2,24.0,90.6,33.7,Rectangular Farmland,Mixed
Emptying,80.8,63.4,9.0,62.2,37.2,74.3,33.1,BIM-3 FTI bottentomd,Mixed
Non Emptying,58.3,25.1,5.0,52.0,35.2,55.7,33.7,Fiberglass Igloo-a,Non Recyclable
Non Emptying,62.3,36.4,2.0,59.6,21.2,59.9,54.6,Cubic,Non Recyclable
Emptying,70.4,47.1,6.0,94.4,21.4,93.7,51.2,Cubic,Recyclable
Non Emptying,73.2,32.1,3.0,72.0,27.6,54.2,33.7,Lindstrom-a,Recyclable
Emptying,87.3,68.4,9.0,91.3,50.9,83.6,42.5,Malmobehallare,Non Recyclable
Non Emptying,67.2,38.2,2.0,54.6,31.2,73.2,26.6,BIM-3 FTI bottentomd,Mixed
Emptying,83.0,51.8,9.0,86.3,26.2,90.3,24.7,Lindstrom-a,Mixed
Non Emptying,65.1,34.1,5.0,32.1,65.2,63.0,36.6,Cubic,Mixed
Emptying,92.7,33.4,9.0,84.8,30.6,98.1,55.5,Cubic,Mixed
Emptying,98.8,66.2,7.0,96.5,23.1,98.7,54.5,Silvertop-a,Recyclable
Non Emptying,53.9,52.8,2.0,60.8,20.5,73.2,31.9,Diamond,Non Recyclable
Non Emptying,62.9,55.6,4.0,54.9,61.9,34.3,29.0,Silvertop-b,Mixed
Non Emptying,36.4,53.6,3.0,69.0,67.3,50.2,36.0,Diamond,Mixed
Non Emptying,51.5,37.5,2.0,63.7,38.6,69.1,53.5,Cubic,Mixed
Non Emptying,38.8,33.6,5.0,51.7,52.7,62.5,21.0,BIM-3 FTI bottentomd,Recyclable
Emptying,82.9,56.5,6.0,76.3,29.4,63.1,51.0,Accordion,Mixed
Emptying,85.8,53.6,8.0,75.4,51.9,72.5,30.1,Accordion,Non Recyclable
Emptying,71.4,38.5,7.0,99.7,67.9,93.7,55.4,Rectangular,Recyclable
Non Emptying,53.6,55.0,5.0,64.6,57.7,58.1,35.9,Lindstrom City,Recyclable
Emptying,83.7,47.8,8.0,80.9,28.8,95.9,49.9,Fiberglass Igloo-a,Non Recyclable
Emptying,84.7,20.2,6.0,72.9,39.6,63.1,49.7,Silvertop-a,Recyclable
Emptying,65.7,30.5,9.0,82.1,46.6,68.2,51.9,Lindstrom-a,Mixed
Non Emptying,72.9,33.5,8.0,99.4,64.6,94.0,46.2,Lindstrom-a,Recyclable
Emptying,65.4,55.2,6.0,81.1,36.3,92.5,48.4,Rectangular Farmland,Recyclable
Non Emptying,70.6,41.2,6.0,64.9,51.4,84.1,45.9,Rectangular Farmland,Non Recyclable
Emptying,88.0,64.7,6.0,72.5,61.0,73.4,56.0,Silvertop-a,Non Recyclable
Non Emptying,65.8,35.3,1.0,62.5,61.2,67.1,56.2,Silvertop-b,Mixed
Non Emptying,30.4,34.1,2.0,62.0,34.6,53.0,31.7,Lindstrom-b,Mixed
Emptying,78.8,56.6,8.0,87.0,68.4,63.6,53.6,Fiberglass Igloo-a,Non Recyclable
Emptying,81.4,43.5,6.0,77.0,56.6,97.5,50.6,Lindstrom-a,Non Recyclable
Non Emptying,77.1,35.8,1.0,31.2,64.4,55.4,53.7,Diamond,Mixed
Emptying,87.8,57.1,9.0,92.6,34.1,86.7,64.7,Silvertop-a,Mixed
Emptying,84.6,60.5,6.0,84.9,34.8,73.0,22.0,Silvertop-b,Recyclable
Emptying,98.9,57.7,7.0,87.5,56.9,73.8,31.7,Silvertop-b,Non Recyclable
Emptying,86.7,51.5,6.0,84.0,31.9,96.4,53.5,Malmobehallare,Recyclable
Non Emptying,38.1,28.0,3.0,35.0,51.0,54.3,25.3,Accordion,Non Recyclable
Non Emptying,61.6,26.5,2.0,32.6,63.1,60.5,35.3,Lindstrom-b,Non Recyclable
Non Emptying,59.9,55.6,4.0,67.0,57.3,56.2,36.5,Diamond,Recyclable
Non Emptying,60.6,35.9,4.0,59.2,22.4,73.4,57.4,Accordion,Non Recyclable
Emptying,98.2,20.9,9.0,63.8,41.2,94.9,54.9,Silvertop-a,Recyclable
Non Emptying,53.2,50.5,4.0,76.7,56.0,30.7,37.2,Malmobehallare,Non Recyclable
Emptying,93.3,25.6,6.0,71.7,52.4,83.9,26.0,Silvertop-b,Mixed
Non Emptying,69.7,53.4,3.0,60.3,64.5,62.6,56.4,Lindstrom-a,Non Recyclable
Emptying,88.1,39.7,8.0,74.2,62.9,80.1,52.7,Fiberglass Igloo-b,Mixed
Non Emptying,58.4,57.4,2.0,57.6,58.6,64.5,31.9,Silvertop-a,Non Recyclable
Non Emptying,75.3,36.6,4.0,74.0,30.7,52.7,62.6,Fiberglass Igloo-b,Mixed
Emptying,96.5,55.2,8.0,60.5,33.5,92.5,44.0,Accordion,Non Recyclable
Non Emptying,59.5,22.6,1.0,57.2,52.1,57.1,55.1,Accordion,Non Recyclable
Non Emptying,56.9,24.6,5.0,57.5,66.5,70.5,25.4,Rectangular,Non Recyclable
Emptying,90.7,22.8,7.0,86.1,29.9,70.4,43.5,Rectangular Farmland,Recyclable
Emptying,81.2,54.6,7.0,61.9,50.9,96.5,54.4,Fiberglass Igloo-b,Recyclable
Emptying,69.3,53.8,9.0,61.0,40.1,87.5,54.5,Lindstrom City,Mixed
Emptying,64.0,31.3,7.0,82.5,39.0,96.2,28.5,Silvertop-a,Mixed
Emptying,87.7,50.4,8.0,75.9,54.8,81.8,44.0,Malmobehallare,Mixed
Non Emptying,64.0,50.0,5.0,65.9,64.5,36.4,51.7,BIM-3 FTI bottentomd,Non Recyclable
Emptying,82.5,69.1,9.0,60.5,58.6,64.6,50.1,Silvertop-a,Non Recyclable
Emptying,80.7,66.8,6.0,95.1,44.3,61.0,50.4,Rectangular,Mixed
Emptying,66.0,50.2,9.0,86.2,56.2,80.2,52.9,Diamond,Recyclable
Emptying,96.9,67.8,6.0,94.5,63.7,92.2,67.2,Rectangular Farmland,Mixed
Emptying,98.6,59.1,9.0,90.6,31.0,84.9,42.1,Lindstrom City,Mixed
Non Emptying,57.6,22.9,3.0,66.9,24.0,54.4,22.0,Lindstrom-b,Mixed
Emptying,92.7,51.7,9.0,91.0,63.5,92.5,49.4,Diamond,Mixed
Non Emptying,52.8,36.3,1.0,67.5,55.7,60.7,33.2,Lindstrom-b,Recyclable
Emptying,96.4,29.7,8.0,85.4,53.7,81.5,32.3,Malmobehallare,Mixed
Non Emptying,68.2,56.5,2.0,34.8,61.5,58.1,27.0,Lindstrom City,Mixed
Non Emptying,39.3,24.8,4.0,77.0,23.2,75.0,33.4,Fiberglass Igloo-b,Mixed
Non Emptying,61.0,27.9,4.0,69.4,38.1,59.6,25.9,BIM-3 FTI bottentomd,Recyclable
Emptying,83.7,53.7,7.0,83.3,60.2,92.1,31.6,Rectangular,Recyclable
Emptying,70.7,65.8,6.0,80.3,55.7,66.9,51.6,Lindstrom City,Mixed
Emptying,92.4,37.9,9.0,91.1,38.4,98.4,61.4,Rectangular,Mixed
Emptying,84.5,59.9,9.0,90.6,44.6,98.9,36.4,Rectangular Farmland,Recyclable
Non Emptying,59.5,37.5,3.0,50.3,63.3,55.9,67.6,Lindstrom City,Mixed
Non Emptying,74.8,35.2,3.0,63.0,68.6,58.6,38.7,Accordion,Non Recyclable
Non Emptying,74.1,26.7,2.0,30.0,58.7,76.8,30.9,Cubic,Non Recyclable
Emptying,82.5,65.0,7.0,88.3,54.8,79.1,32.8,Rectangular,Recyclable
Non Emptying,50.2,51.6,5.0,63.6,34.7,72.5,33.6,Fiberglass Igloo-b,Recyclable
Non Emptying,37.3,23.1,2.0,61.5,66.8,60.5,32.2,Diamond,Non Recyclable
Non Emptying,62.4,64.7,4.0,65.2,52.9,68.4,31.0,Fiberglass Igloo-b,Mixed
Non Emptying,70.1,68.2,3.0,52.5,34.1,67.5,36.1,Fiberglass Igloo-a,Mixed
Emptying,91.1,54.0,7.0,88.8,60.0,90.2,50.6,Silvertop-a,Non Recyclable
Non Emptying,54.8,57.2,1.0,68.4,57.3,51.9,54.8,BIM-3 FTI bottentomd,Recyclable
Emptying,92.2,30.2,6.0,72.3,30.2,72.5,54.7,Fiberglass Igloo-a,Non Recyclable
Non Emptying,59.4,36.6,1.0,77.2,23.1,66.2,51.4,Diamond,Mixed
Emptying,61.5,51.9,8.0,98.5,27.4,82.0,41.6,Cubic,Non Recyclable
Emptying,93.3,58.6,8.0,93.2,60.7,86.0,24.3,BIM-3 FTI bottentomd,Recyclable
Emptying,90.2,62.2,8.0,78.5,50.4,60.3,61.6,Diamond,Non Recyclable
Emptying,65.3,57.4,8.0,83.6,52.6,98.9,42.0,Lindstrom City,Mixed
Non Emptying,71.2,31.1,5.0,72.0,53.0,53.5,51.2,Fiberglass Igloo-a,Non Recyclable
Emptying,95.0,32.4,6.0,83.4,54.3,85.0,58.2,Fiberglass Igloo-b,Non Recyclable
Non Emptying,30.2,31.4,5.0,52.1,23.6,65.0,61.7,Silvertop-a,Non Recyclable
Non Emptying,78.1,32.3,2.0,51.3,52.0,70.8,56.5,Accordion,Mixed
Emptying,92.9,23.1,6.0,92.8,49.5,74.5,45.5,Rectangular Farmland,Recyclable
Emptying,81.7,69.9,9.0,90.7,56.6,84.7,44.1,Fiberglass Igloo-b,Mixed
Emptying,62.9,55.0,6.0,84.5,32.8,70.7,41.8,Silvertop-b,Non Recyclable
Non Emptying,51.7,53.3,5.0,74.1,32.2,58.9,51.2,Accordion,Non Recyclable
Emptying,74.2,40.3,6.0,94.2,52.8,83.7,60.0,Silvertop-b,Non Recyclable
Emptying,95.9,52.6,6.0,70.3,31.0,91.3,54.8,Silvertop-b,Non Recyclable
Emptying,92.6,43.3,6.0,72.5,49.0,92.8,52.4,Lindstrom-a,Recyclable
Emptying,82.7,24.9,6.0,90.8,60.9,70.3,41.1,Lindstrom City,Recyclable
Emptying,60.7,59.4,8.0,81.0,63.2,92.1,45.6,Rectangular,Non Recyclable
Emptying,92.9,54.4,6.0,83.6,69.9,94.1,51.5,Rectangular Farmland,Mixed
Emptying,89.4,44.4,9.0,92.8,34.5,80.2,29.0,Silvertop-a,Recyclable
Non Emptying,32.2,55.1,2.0,74.2,59.0,74.7,33.6,Silvertop-a,Mixed
Non Emptying,61.4,66.3,5.0,58.7,26.9,63.2,51.6,Fiberglass Igloo-a,Mixed
Non Emptying,68.6,38.6,2.0,64.3,62.0,65.8,35.9,Fiberglass Igloo-b,Recyclable
Non Emptying,76.8,36.3,5.0,67.6,32.8,57.7,55.8,Cubic,Mixed
Non Emptying,54.5,20.7,5.0,67.4,57.8,31.1,60.8,Lindstrom-a,Mixed
Non Emptying,63.7,60.6,5.0,55.2,23.8,38.3,53.8,Rectangular,Non Recyclable
Emptying,94.7,69.6,9.0,92.3,34.0,88.4,52.3,Silvertop-a,Recyclable
Non Emptying,59.1,53.4,3.0,62.7,21.8,77.8,50.0,Cubic,Mixed
Emptying,80.5,24.1,9.0,83.7,68.3,84.3,64.8,Lindstrom-a,Recyclable
Non Emptying,57.4,38.7,4.0,62.1,31.7,60.5,63.2,Malmobehallare,Non Recyclable
Non Emptying,64.9,27.9,2.0,33.9,22.8,50.2,52.3,Fiberglass Igloo-a,Mixed
Emptying,79.5,44.0,8.0,84.0,57.7,85.3,38.7,Fiberglass Igloo-b,Mixed
Emptying,80.6,57.7,6.0,96.1,42.2,71.4,55.5,Lindstrom-b,Mixed
Emptying,91.6,54.7,6.0,82.5,50.0,95.5,23.0,Malmobehallare,Non Recyclable
Non Emptying,68.4,24.5,4.0,55.9,21.2,78.8,30.2,Silvertop-a,Non Recyclable
Emptying,62.8,48.8,6.0,84.3,56.5,94.4,41.3,Silvertop-b,Recyclable
Non Emptying,56.7,60.3,3.0,53.1,55.4,71.5,55.9,Malmobehallare,Non Recyclable
Emptying,90.2,60.9,8.0,87.7,40.9,87.2,52.1,Rectangular Farmland,Recyclable
Non Emptying,55.2,31.7,2.0,72.1,50.8,33.6,67.9,Diamond,Non Recyclable
Emptying,72.8,51.1,8.0,96.6,53.9,91.6,49.3,Lindstrom-a,Recyclable
Non Emptying,56.4,38.3,2.0,34.2,53.7,65.3,31.2,Silvertop-b,Non Recyclable
Emptying,64.3,59.7,7.0,61.7,40.9,87.7,61.0,Fiberglass Igloo-b,Mixed
Non Emptying,54.3,51.6,5.0,30.4,31.4,70.4,54.8,Cubic,Mixed
Non Emptying,78.8,53.5,3.0,54.5,57.8,63.1,51.8,Cubic,Non Recyclable
Non Emptying,61.0,28.4,2.0,64.6,32.5,61.8,35.6,Diamond,Non Recyclable
Emptying,62.4,49.4,8.0,83.4,22.8,97.6,65.6,Lindstrom-a,Mixed
Non Emptying,54.2,55.7,1.0,53.3,24.0,60.7,28.8,Fiberglass Igloo-b,Mixed
Non Emptying,72.3,32.9,5.0,74.5,23.5,39.2,55.1,Rectangular Farmland,Non Recyclable
Non Emptying,58.6,34.3,2.0,65.9,53.1,56.2,68.2,Fiberglass Igloo-b,Recyclable
Non Emptying,72.2,30.5,1.0,62.2,20.2,72.6,54.7,Fiberglass Igloo-b,Mixed
Emptying,62.8,28.4,6.0,69.1,51.5,79.1,21.0,Fiberglass Igloo-b,Non Recyclable
Non Emptying,30.6,35.2,5.0,56.2,66.7,53.4,38.2,Malmobehallare,Recyclable
Emptying,92.1,53.7,7.0,83.2,54.6,99.2,23.7,Fiberglass Igloo-a,Non Recyclable
Non Emptying,74.7,32.8,5.0,68.8,62.6,71.7,54.4,Accordion,Recyclable
Emptying,95.9,59.7,8.0,92.3,35.5,60.3,67.9,Lindstrom-a,Mixed
Emptying,82.4,24.5,6.0,86.3,40.5,90.2,30.5,Lindstrom-a,Mixed
Emptying,88.5,43.1,7.0,98.2,53.0,90.9,68.6,Accordion,Recyclable
Non Emptying,66.7,32.3,2.0,63.4,35.1,31.5,68.8,Lindstrom-a,Mixed
Emptying,72.7,21.8,6.0,94.5,34.2,94.2,69.2,Rectangular,Recyclable
Emptying,79.0,51.0,6.0,93.3,51.2,75.8,53.7,BIM-3 FTI bottentomd,Non Recyclable
Emptying,86.6,53.9,8.0,81.1,53.1,87.3,60.0,Silvertop-b,Mixed
Non Emptying,69.7,38.9,1.0,65.6,52.0,60.0,26.1,Fiberglass Igloo-a,Non Recyclable
Emptying,81.1,41.9,6.0,93.0,52.4,88.1,46.4,BIM-3 FTI bottentomd,Non Recyclable
Emptying,76.5,23.2,6.0,97.9,20.9,93.5,65.7,Accordion,Non Recyclable
Emptying,84.4,46.5,9.0,86.9,59.3,92.7,55.7,Lindstrom City,Mixed
Non Emptying,58.3,61.7,4.0,34.2,30.5,51.8,68.6,Accordion,Recyclable
Non Emptying,72.0,56.0,1.0,33.3,51.1,72.9,61.0,BIM-3 FTI bottentomd,Mixed
Emptying,66.4,34.7,6.0,76.7,50.3,72.8,49.9,Diamond,Recyclable
Non Emptying,37.7,52.9,3.0,54.6,66.8,65.1,51.0,Lindstrom-b,Non Recyclable
Emptying,94.4,44.8,6.0,87.4,40.6,67.9,39.2,Fiberglass Igloo-b,Recyclable
Non Emptying,72.1,56.5,1.0,53.0,54.4,34.9,60.7,Silvertop-a,Mixed
Non Emptying,53.4,34.9,1.0,32.8,50.1,35.3,55.8,Fiberglass Igloo-a,Recyclable
Non Emptying,60.4,58.9,1.0,66.4,34.4,55.1,24.1,BIM-3 FTI bottentomd,Non Recyclable
Emptying,79.5,63.7,7.0,71.0,44.3,89.4,23.4,Fiberglass Igloo-a,Recyclable
Emptying,90.6,59.2,7.0,61.6,63.1,93.8,30.7,Diamond,Non Recyclable
Emptying,95.0,64.0,9.0,78.1,52.0,72.1,28.7,Lindstrom-a,Non Recyclable
Non Emptying,57.2,53.3,4.0,72.7,26.4,64.0,61.4,Accordion,Mixed
Emptying,81.7,52.1,6.0,94.4,59.3,75.1,53.3,Accordion,Mixed
Non Emptying,65.6,26.8,3.0,76.8,51.6,77.0,60.1,Silvertop-a,Mixed
Non Emptying,50.5,27.2,1.0,71.6,26.1,68.5,34.4,Silvertop-b,Non Recyclable
Emptying,89.7,56.0,7.0,73.9,62.7,86.6,51.7,Fiberglass Igloo-b,Mixed
Non Emptying,73.2,54.3,2.0,50.4,21.8,62.7,50.5,Fiberglass Igloo-a,Recyclable
Emptying,90.0,67.0,9.0,83.0,41.1,90.0,59.9,Silvertop-a,Non Recyclable
Emptying,92.0,49.3,7.0,86.9,52.3,73.8,53.9,Accordion,Recyclable
Emptying,87.5,59.2,7.0,83.9,43.5,76.9,44.2,Rectangular Farmland,Recyclable
Emptying,85.0,53.4,8.0,89.2,40.8,92.3,55.2,BIM-3 FTI bottentomd,Recyclable
Emptying,92.5,50.3,6.0,94.7,40.6,80.2,43.7,Diamond,Recyclable
Non Emptying,61.7,54.5,4.0,30.5,32.8,73.9,50.9,BIM-3 FTI bottentomd,Non Recyclable
Non Emptying,73.7,68.7,2.0,62.4,55.3,57.0,21.6,Lindstrom-a,Non Recyclable
Emptying,83.3,40.6,6.0,98.5,53.7,87.0,53.7,Lindstrom City,Non Recyclable
Non Emptying,63.2,32.7,4.0,61.7,24.9,53.9,35.6,Malmobehallare,Recyclable
Non Emptying,63.3,55.3,5.0,70.4,63.9,69.0,21.6,Fiberglass Igloo-a,Mixed
Emptying,80.6,40.8,6.0,98.7,23.5,90.5,58.5,Lindstrom City,Mixed
Emptying,64.5,41.8,6.0,73.2,52.7,86.0,51.8,Fiberglass Igloo-a,Mixed
Emptying,98.3,56.0,6.0,84.3,59.4,85.5,52.9,Fiberglass Igloo-b,Recyclable
Non Emptying,55.0,26.1,1.0,53.7,38.1,70.1,26.0,Rectangular,Mixed
Emptying,71.1,60.5,8.0,92.2,32.9,65.6,58.9,Silvertop-b,Non Recyclable
Non Emptying,36.8,35.9,1.0,38.3,34.9,35.3,24.6,Silvertop-a,Recyclable
Emptying,92.3,54.9,9.0,97.7,32.2,90.5,42.8,Accordion,Mixed
Emptying,99.0,26.2,6.0,83.4,50.8,84.1,43.0,Fiberglass Igloo-b,Recyclable
Emptying,62.0,36.6,7.0,86.3,50.2,95.5,50.0,Rectangular Farmland,Non Recyclable
Non Emptying,62.6,25.4,1.0,69.5,51.8,53.3,53.8,Lindstrom-b,Mixed
Emptying,81.3,59.1,6.0,93.3,22.1,83.5,45.2,Rectangular Farmland,Non Recyclable
Emptying,94.1,51.4,7.0,88.3,31.8,98.6,57.9,Diamond,Mixed
Non Emptying,53.3,31.0,3.0,74.4,25.6,38.7,32.8,Silvertop-a,Recyclable
Non Emptying,61.7,34.8,2.0,66.5,25.2,60.4,33.2,Fiberglass Igloo-a,Mixed
Emptying,82.4,54.6,9.0,83.7,40.1,79.4,30.1,Cubic,Recyclable
Non Emptying,54.4,58.8,3.0,57.3,55.1,64.6,22.5,Fiberglass Igloo-b,Mixed
Non Emptying,56.7,52.8,3.0,52.9,27.1,57.1,30.2,Rectangular,Recyclable
Non Emptying,72.1,38.8,3.0,35.1,33.8,62.8,34.5,Malmobehallare,Mixed
Non Emptying,58.3,69.0,4.0,52.9,37.7,69.8,67.4,Cubic,Recyclable
Emptying,80.6,51.3,9.0,87.3,51.6,83.0,46.3,Fiberglass Igloo-b,Mixed
Non Emptying,73.1,31.2,3.0,72.7,32.6,53.5,61.8,Lindstrom-a,Mixed
Emptying,65.3,39.6,7.0,90.3,37.8,88.1,65.5,BIM-3 FTI bottentomd,Mixed
Non Emptying,35.9,20.6,5.0,51.0,56.2,57.0,38.8,Accordion,Mixed
Emptying,99.0,23.8,6.0,64.2,52.2,61.1,67.6,Fiberglass Igloo-a,Mixed
Non Emptying,52.9,54.3,1.0,80.0,66.5,73.5,55.4,Silvertop-b,Non Recyclable
Non Emptying,52.3,33.2,2.0,36.2,53.8,53.2,54.5,Silvertop-b,Non Recyclable
Non Emptying,63.6,20.3,1.0,64.7,34.4,61.9,58.0,Fiberglass Igloo-b,Recyclable
Non Emptying,61.0,64.8,1.0,76.6,33.0,61.5,36.2,Cubic,Non Recyclable
Emptying,90.1,54.3,9.0,99.3,33.0,71.9,51.8,Cubic,Mixed
Emptying,97.1,56.5,8.0,85.8,30.7,94.4,28.3,Accordion,Non Recyclable
Non Emptying,50.7,35.7,3.0,67.9,60.9,64.7,33.9,Lindstrom City,Recyclable
Emptying,84.1,42.7,6.0,95.9,34.3,71.5,51.7,Lindstrom City,Recyclable
Non Emptying,51.7,57.4,5.0,62.4,53.7,69.2,51.9,Rectangular Farmland,Mixed
Non Emptying,53.3,51.3,3.0,58.9,26.3,74.2,54.1,Silvertop-a,Mixed
Non Emptying,71.4,56.2,2.0,62.8,60.7,62.1,64.9,Lindstrom-a,Non Recyclable
Non Emptying,39.2,31.8,5.0,33.2,64.1,51.5,55.8,Rectangular Farmland,Recyclable
Emptying,89.2,60.7,8.0,82.7,63.9,72.9,66.0,Lindstrom City,Mixed
Emptying,91.7,31.1,6.0,87.5,44.7,97.3,55.3,Rectangular,Mixed
Emptying,96.2,68.1,7.0,99.1,53.8,83.8,54.7,Lindstrom-a,Mixed
Emptying,74.3,64.5,9.0,96.5,54.3,64.1,48.2,Lindstrom-a,Mixed
Non Emptying,64.9,60.5,3.0,34.4,30.8,61.3,66.1,Diamond,Mixed
Emptying,89.0,60.4,7.0,74.4,51.7,81.5,52.6,Lindstrom-b,Mixed
Non Emptying,30.1,62.3,4.0,30.3,25.6,62.7,26.3,Silvertop-b,Mixed
Non Emptying,54.7,35.1,5.0,35.3,21.1,61.6,56.7,Cubic,Mixed
Non Emptying,71.0,31.3,4.0,53.9,60.8,54.8,24.2,Cubic,Recyclable
Emptying,88.1,20.6,7.0,85.5,50.9,99.5,54.6,Diamond,Recyclable
Non Emptying,65.7,33.9,3.0,64.2,53.0,38.4,51.2,Rectangular Farmland,Recyclable
Non Emptying,53.2,62.7,5.0,72.6,55.1,60.5,51.7,Silvertop-a,Mixed
Non Emptying,59.2,26.8,3.0,34.3,35.0,67.7,28.7,Accordion,Recyclable
Emptying,87.4,53.9,6.0,83.5,35.6,71.0,50.9,BIM-3 FTI bottentomd,Non Recyclable
Emptying,99.0,65.2,9.0,61.1,39.7,95.5,57.6,Fiberglass Igloo-b,Mixed
Non Emptying,78.7,32.4,5.0,51.1,53.5,30.9,63.9,Rectangular Farmland,Mixed
Non Emptying,51.2,27.9,4.0,75.5,65.4,31.8,60.1,Accordion,Non Recyclable
Non Emptying,52.7,37.6,5.0,65.0,33.8,74.3,36.9,Fiberglass Igloo-b,Recyclable
Emptying,80.5,52.9,6.0,96.3,54.2,82.1,50.7,Fiberglass Igloo-a,Mixed
Non Emptying,36.3,30.6,5.0,36.9,63.2,64.4,23.5,Rectangular Farmland,Recyclable
Non Emptying,54.6,38.9,5.0,60.6,31.4,76.3,53.2,Diamond,Mixed
Emptying,80.5,34.7,8.0,98.4,59.1,68.4,37.1,Rectangular Farmland,Recyclable
Non Emptying,50.1,21.5,2.0,61.8,57.5,63.5,22.7,Fiberglass Igloo-b,Mixed
Emptying,98.0,45.2,9.0,83.2,60.6,87.0,28.2,Cubic,Recyclable
Emptying,88.4,51.6,6.0,96.0,51.6,70.9,44.2,BIM-3 FTI bottentomd,Mixed
Non Emptying,66.3,34.5,1.0,60.4,54.6,33.3,30.5,Silvertop-b,Recyclable
Emptying,84.7,42.8,9.0,88.9,30.9,81.6,44.2,Fiberglass Igloo-a,Non Recyclable
Non Emptying,78.9,55.6,1.0,34.0,30.3,75.9,50.0,BIM-3 FTI bottentomd,Mixed
Emptying,94.8,42.6,6.0,83.3,36.2,69.0,54.9,Lindstrom City,Recyclable
Emptying,84.6,21.9,6.0,95.1,59.4,95.8,51.5,Fiberglass Igloo-a,Non Recyclable
Non Emptying,52.9,55.9,4.0,34.6,56.2,52.5,21.8,BIM-3 FTI bottentomd,Mixed
Emptying,72.7,25.8,8.0,95.1,22.4,62.6,24.7,Lindstrom City,Mixed
Non Emptying,76.5,26.4,3.0,52.0,24.1,57.3,54.7,Rectangular,Non Recyclable
Non Emptying,73.3,33.6,1.0,63.0,65.7,59.8,63.6,Lindstrom City,Recyclable
Emptying,71.2,31.3,6.0,92.5,31.9,84.0,31.8,Fiberglass Igloo-a,Recyclable
Emptying,83.5,30.0,9.0,86.0,44.8,86.6,33.7,Fiberglass Igloo-a,Non Recyclable
Non Emptying,55.5,36.7,5.0,74.0,51.5,52.2,55.5,Fiberglass Igloo-a,Non Recyclable
Non Emptying,54.3,60.9,3.0,51.3,57.6,56.0,63.1,Diamond,Recyclable
Emptying,94.6,40.1,7.0,63.0,52.8,98.3,32.9,Silvertop-a,Mixed
Emptying,61.4,44.1,9.0,80.3,51.4,83.6,56.9,Cubic,Mixed
Emptying,81.5,51.6,9.0,81.3,42.2,82.2,22.1,Rectangular Farmland,Recyclable
Emptying,78.6,57.9,6.0,95.6,49.2,82.4,63.5,Fiberglass Igloo-b,Recyclable
Emptying,98.4,52.2,7.0,62.0,35.2,81.0,43.7,Lindstrom-a,Recyclable
Emptying,75.8,42.4,6.0,80.8,59.5,87.2,32.9,Silvertop-a,Mixed
Emptying,89.8,25.4,8.0,61.3,52.7,82.7,32.4,Fiberglass Igloo-b,Mixed
Emptying,81.4,52.7,6.0,99.8,59.6,99.5,25.7,Cubic,Non Recyclable
Non Emptying,30.3,65.0,4.0,35.0,26.4,54.5,63.1,Lindstrom-a,Non Recyclable
Emptying,76.0,57.1,7.0,85.6,40.6,86.2,52.9,Fiberglass Igloo-a,Mixed
Emptying,66.0,34.2,6.0,70.6,47.8,92.1,54.1,Lindstrom-b,Non Recyclable
Non Emptying,53.1,51.0,2.0,62.2,58.7,63.4,61.2,Cubic,Recyclable
Emptying,84.1,32.6,6.0,70.7,50.8,70.0,57.6,Silvertop-a,Recyclable
Emptying,90.5,20.3,6.0,92.6,32.1,97.7,48.5,Lindstrom-a,Non Recyclable
Emptying,96.0,55.3,6.0,65.8,58.7,80.9,57.4,Diamond,Mixed
Non Emptying,58.4,58.1,2.0,66.9,36.7,52.7,56.0,Cubic,Recyclable
Emptying,95.8,67.3,6.0,85.9,47.0,91.2,49.3,Lindstrom-b,Mixed
Non Emptying,66.2,35.0,5.0,76.9,30.7,53.5,34.3,Lindstrom-a,Non Recyclable
Emptying,78.3,53.9,9.0,69.2,55.4,80.2,29.4,BIM-3 FTI bottentomd,Mixed
Emptying,90.4,49.5,9.0,91.9,33.3,80.2,52.0,Fiberglass Igloo-a,Non Recyclable
Emptying,76.8,47.4,7.0,61.2,52.9,81.9,34.5,Rectangular,Non Recyclable
Non Emptying,79.9,26.7,4.0,64.4,37.1,50.9,55.6,Fiberglass Igloo-a,Non Recyclable
Non Emptying,67.4,20.8,1.0,50.6,25.3,32.5,28.7,Malmobehallare,Mixed
Non Emptying,66.8,58.4,1.0,54.7,50.8,54.2,34.8,Silvertop-a,Non Recyclable
Non Emptying,54.6,52.3,4.0,61.1,38.0,55.0,54.0,Fiberglass Igloo-a,Recyclable
Non Emptying,72.9,51.1,2.0,57.4,64.0,33.2,68.9,Accordion,Mixed
Emptying,83.6,52.1,8.0,71.0,44.7,61.5,22.6,Cubic,Non Recyclable
Emptying,90.0,50.5,9.0,61.5,45.4,92.5,54.4,Lindstrom-a,Non Recyclable
Non Emptying,64.4,30.8,2.0,54.1,33.8,54.4,25.8,Lindstrom-b,Recyclable
Non Emptying,59.7,35.5,1.0,75.7,35.9,39.3,65.2,Fiberglass Igloo-b,Recyclable
Non Emptying,54.1,30.4,2.0,62.6,26.0,62.8,56.4,Lindstrom-b,Non Recyclable
Emptying,77.3,50.2,8.0,90.5,32.5,83.2,46.1,Lindstrom City,Mixed
Emptying,98.2,62.5,6.0,74.7,56.8,80.3,24.4,Rectangular,Recyclable
Non Emptying,54.4,50.2,3.0,61.5,39.0,33.2,22.2,Rectangular Farmland,Mixed
Emptying,96.8,49.7,9.0,81.5,58.7,60.2,49.9,Fiberglass Igloo-b,Recyclable
Emptying,62.7,28.7,7.0,60.9,20.5,85.7,36.3,Cubic,Mixed
Non Emptying,40.0,37.8,5.0,51.7,36.2,57.8,52.2,Fiberglass Igloo-a,Recyclable
Non Emptying,54.3,50.3,2.0,68.9,53.1,69.6,52.0,BIM-3 FTI bottentomd,Recyclable
Emptying,95.6,63.8,9.0,66.6,54.1,85.0,55.6,Diamond,Mixed
Non Emptying,52.8,32.2,2.0,53.8,21.7,57.9,57.6,Lindstrom City,Non Recyclable
Non Emptying,56.0,65.1,4.0,31.2,36.1,67.7,55.7,Lindstrom City,Recyclable
Non Emptying,63.0,56.5,4.0,32.9,27.1,50.0,60.0,Lindstrom-b,Recyclable
Emptying,83.1,42.8,6.0,96.2,47.8,98.1,56.2,Fiberglass Igloo-a,Recyclable
Non Emptying,67.1,33.2,2.0,63.3,57.9,65.7,51.0,Fiberglass Igloo-b,Non Recyclable
Emptying,87.6,64.9,8.0,89.4,56.4,91.3,65.6,BIM-3 FTI bottentomd,Non Recyclable
Emptying,80.1,62.4,6.0,95.4,66.5,86.5,28.1,Rectangular,Non Recyclable
Emptying,73.2,44.3,9.0,96.4,53.8,72.2,62.4,Rectangular,Non Recyclable
Non Emptying,54.3,37.0,5.0,50.7,33.8,54.5,63.7,Silvertop-a,Mixed
Emptying,77.4,42.1,6.0,69.8,61.6,89.8,52.4,Rectangular Farmland,Recyclable
Emptying,64.5,48.9,8.0,65.2,36.4,99.0,68.9,Lindstrom-b,Non Recyclable
Non Emptying,39.1,56.6,3.0,59.7,50.1,55.9,67.7,Diamond,Recyclable
Emptying,60.0,50.5,9.0,72.5,51.6,94.2,42.4,Malmobehallare,Recyclable
Non Emptying,67.0,53.7,1.0,55.6,51.5,51.9,20.9,Rectangular,Non Recyclable
Non Emptying,60.2,25.0,1.0,34.9,36.7,58.3,30.5,Lindstrom City,Recyclable
Non Emptying,58.7,36.9,5.0,52.4,32.3,73.7,37.7,Silvertop-a,Non Recyclable
Non Emptying,58.5,66.9,4.0,59.1,34.6,50.0,56.3,Malmobehallare,Recyclable
Non Emptying,53.5,35.8,3.0,59.0,63.4,57.6,51.6,Lindstrom City,Recyclable
Emptying,65.4,57.6,6.0,88.2,39.1,84.8,55.0,Rectangular,Mixed
Emptying,87.7,54.0,8.0,63.6,29.8,88.0,54.6,Silvertop-b,Non Recyclable
Non Emptying,39.9,50.5,2.0,31.8,35.6,57.3,38.2,Lindstrom-a,Non Recyclable
Emptying,83.1,41.2,6.0,81.7,44.8,71.8,30.3,Accordion,Mixed
Non Emptying,53.5,38.3,1.0,61.7,50.8,34.4,57.0,Fiberglass Igloo-b,Mixed
Emptying,95.5,53.4,7.0,80.9,41.9,87.5,25.0,Lindstrom-a,Mixed
Non Emptying,62.5,33.7,4.0,52.0,36.2,67.8,31.5,Lindstrom-b,Recyclable
Non Emptying,61.4,64.4,2.0,53.7,30.7,63.1,30.3,Cubic,Non Recyclable
Emptying,81.6,59.5,6.0,94.7,23.6,71.6,43.8,Rectangular,Recyclable
Emptying,89.4,50.4,6.0,71.3,53.0,92.4,59.6,Lindstrom-a,Mixed
Emptying,98.0,22.6,6.0,84.8,41.6,64.6,23.3,Rectangular,Non Recyclable
Non Emptying,67.2,37.8,4.0,65.2,25.0,37.8,31.3,Rectangular Farmland,Recyclable
Non Emptying,56.7,53.0,2.0,58.7,23.3,63.3,61.8,Silvertop-a,Mixed
Emptying,81.2,42.6,7.0,94.0,42.2,64.0,31.1,Rectangular,Mixed
Non Emptying,54.7,54.9,3.0,64.5,56.3,57.3,26.7,Lindstrom-a,Mixed
Non Emptying,33.9,61.6,4.0,60.7,31.1,55.4,53.1,Malmobehallare,Mixed
Non Emptying,61.2,37.5,5.0,30.3,56.2,51.0,36.1,Lindstrom-b,Non Recyclable
Emptying,71.6,22.9,6.0,90.4,50.4,61.2,47.9,Silvertop-b,Mixed
Non Emptying,51.8,64.3,4.0,60.3,36.5,50.0,31.9,Rectangular Farmland,Mixed
Non Emptying,61.5,50.6,1.0,53.1,55.2,56.0,53.9,Malmobehallare,Recyclable
Non Emptying,54.9,58.8,5.0,52.5,66.0,30.1,68.6,Fiberglass Igloo-a,Recyclable
Non Emptying,63.0,28.8,4.0,33.5,33.3,67.0,58.2,Fiberglass Igloo-b,Recyclable
Emptying,92.8,46.6,7.0,69.9,46.6,81.9,42.9,Rectangular Farmland,Recyclable
Non Emptying,51.2,60.7,1.0,50.8,32.0,38.0,50.7,Silvertop-b,Mixed
Emptying,86.4,62.7,6.0,86.9,63.6,99.4,52.0,BIM-3 FTI bottentomd,Non Recyclable
Non Emptying,63.2,62.1,1.0,70.3,26.5,61.9,68.1,Accordion,Non Recyclable
Non Emptying,73.5,54.8,5.0,50.6,20.9,62.7,54.7,Fiberglass Igloo-b,Non Recyclable
Emptying,84.6,42.1,6.0,67.3,59.2,92.0,56.1,Malmobehallare,Non Recyclable
Emptying,70.3,34.1,6.0,74.5,51.5,90.3,57.0,Lindstrom-b,Recyclable
Non Emptying,78.5,36.2,4.0,38.4,30.2,50.4,22.6,Diamond,Mixed
Emptying,95.4,55.0,6.0,85.5,69.3,89.0,33.8,Rectangular,Recyclable
Non Emptying,56.8,30.8,1.0,69.2,36.8,54.1,36.2,Fiberglass Igloo-b,Non Recyclable
Emptying,73.0,52.6,6.0,95.2,40.3,96.6,57.5,Diamond,Non Recyclable
Non Emptying,54.1,33.9,1.0,52.0,31.2,66.4,35.7,Rectangular,Non Recyclable
Emptying,81.8,35.8,9.0,87.2,35.0,89.7,55.5,Accordion,Non Recyclable
Non Emptying,65.9,27.1,4.0,68.5,54.7,60.0,31.8,Diamond,Non Recyclable
Non Emptying,52.1,38.6,2.0,53.8,51.6,69.4,50.0,Cubic,Non Recyclable
Non Emptying,52.3,62.3,3.0,54.5,31.1,50.4,62.2,Lindstrom-a,Non Recyclable
Emptying,69.4,69.1,8.0,84.4,43.0,66.5,30.1,Silvertop-a,Mixed
Emptying,67.4,49.3,8.0,83.4,33.3,67.0,34.3,BIM-3 FTI bottentomd,Recyclable
Emptying,91.6,49.5,7.0,98.8,59.5,99.3,59.3,Accordion,Recyclable
Non Emptying,57.4,62.9,3.0,37.4,32.9,60.2,23.9,Rectangular,Mixed
Non Emptying,77.4,54.7,4.0,68.8,54.0,59.9,33.9,Lindstrom City,Mixed
Non Emptying,37.7,54.1,3.0,51.0,30.4,33.6,66.1,Diamond,Non Recyclable
Emptying,82.9,57.9,6.0,70.2,55.4,84.0,53.1,Accordion,Non Recyclable
Non Emptying,58.7,50.4,2.0,65.3,30.7,62.3,30.0,Diamond,Mixed
Non Emptying,67.4,64.7,5.0,61.3,36.8,53.8,54.9,Silvertop-b,Mixed
Emptying,64.2,41.7,6.0,72.8,32.0,92.9,34.5,Accordion,Non Recyclable
Emptying,79.3,64.1,8.0,90.3,52.8,86.1,65.0,Diamond,Mixed
Non Emptying,69.1,51.3,5.0,30.0,29.0,56.1,30.4,BIM-3 FTI bottentomd,Non Recyclable
Non Emptying,74.9,51.1,3.0,74.3,51.3,39.2,56.9,Diamond,Mixed
Non Emptying,38.4,32.0,3.0,63.6,35.2,34.2,23.5,Lindstrom-a,Recyclable
Non Emptying,68.8,53.2,1.0,37.2,35.1,75.2,38.9,Fiberglass Igloo-a,Mixed
Non Emptying,36.3,21.3,1.0,52.2,52.7,75.9,56.4,Rectangular,Recyclable
Emptying,87.2,45.7,7.0,67.0,52.8,86.0,43.2,Cubic,Recyclable
Non Emptying,61.5,57.7,2.0,32.6,31.4,80.0,35.9,Accordion,Non Recyclable
Non Emptying,69.0,63.1,2.0,65.8,53.5,53.8,34.3,Lindstrom-a,Mixed
Non Emptying,63.2,57.6,5.0,56.2,38.6,34.4,35.4,Rectangular,Non Recyclable
Non Emptying,73.4,63.1,3.0,79.4,34.1,54.4,55.4,Fiberglass Igloo-a,Recyclable
Non Emptying,62.6,25.5,4.0,38.6,20.6,74.4,55.7,Rectangular,Non Recyclable
Non Emptying,69.8,52.1,5.0,68.2,34.7,62.4,31.6,Fiberglass Igloo-b,Non Recyclable
Emptying,70.0,52.5,6.0,60.4,42.5,60.4,69.4,Cubic,Non Recyclable
Non Emptying,50.5,23.8,3.0,66.8,57.0,40.0,51.8,Fiberglass Igloo-b,Mixed
Emptying,90.9,21.6,8.0,68.4,52.5,96.3,54.6,Rectangular,Non Recyclable
Emptying,66.7,56.2,6.0,74.0,45.7,89.7,59.0,Rectangular Farmland,Recyclable
Non Emptying,31.6,22.2,4.0,74.5,62.8,71.6,55.6,Lindstrom-a,Non Recyclable
Non Emptying,51.8,65.4,3.0,63.6,23.6,61.8,64.9,Rectangular Farmland,Recyclable
Non Emptying,61.1,33.5,3.0,34.7,53.5,51.1,66.5,Silvertop-a,Mixed
Non Emptying,61.8,53.3,2.0,77.3,58.8,31.6,56.5,Fiberglass Igloo-b,Non Recyclable
Emptying,61.2,64.1,6.0,80.7,33.5,69.2,58.9,Rectangular Farmland,Mixed
Emptying,93.7,34.4,8.0,92.4,32.6,99.5,59.8,BIM-3 FTI bottentomd,Mixed
Emptying,94.4,66.4,8.0,80.8,43.9,74.2,44.3,Silvertop-a,Mixed
Emptying,88.5,43.0,8.0,89.5,40.5,90.6,52.5,Fiberglass Igloo-a,Mixed
Non Emptying,59.5,31.7,3.0,64.2,54.1,60.0,58.3,Fiberglass Igloo-a,Non Recyclable
Emptying,87.9,53.3,8.0,89.9,51.8,84.6,49.7,Cubic,Recyclable
Emptying,67.9,64.5,6.0,90.6,50.6,73.4,43.0,Fiberglass Igloo-b,Mixed
Non Emptying,35.8,34.2,4.0,51.6,69.0,53.1,61.5,Rectangular Farmland,Mixed
Emptying,82.3,57.3,6.0,81.9,47.8,81.8,21.4,Silvertop-a,Non Recyclable
Non Emptying,54.4,52.8,3.0,67.8,65.3,62.1,65.8,Rectangular Farmland,Non Recyclable
Non Emptying,54.0,60.4,3.0,63.6,32.1,54.0,26.2,Lindstrom-a,Recyclable
Non Emptying,39.5,51.5,3.0,52.6,39.0,62.1,50.7,Lindstrom-a,Recyclable
Non Emptying,54.7,36.1,3.0,77.9,39.0,57.2,38.8,Fiberglass Igloo-a,Recyclable
Non Emptying,71.5,35.5,3.0,67.5,51.0,65.1,21.4,Silvertop-b,Recyclable
Emptying,63.0,28.6,8.0,89.6,25.5,82.3,43.1,Silvertop-a,Mixed
Non Emptying,53.6,27.7,5.0,52.1,30.5,72.3,21.1,Silvertop-b,Mixed
Non Emptying,60.1,56.4,5.0,61.7,31.0,65.8,31.2,Lindstrom City,Non Recyclable
Emptying,83.1,36.3,6.0,90.6,43.4,99.3,30.3,Silvertop-b,Non Recyclable
Emptying,84.5,59.8,8.0,82.6,55.6,92.6,20.0,Lindstrom City,Non Recyclable
Non Emptying,35.2,32.5,4.0,61.1,20.4,58.6,66.7,Lindstrom City,Mixed
Emptying,95.0,62.0,8.0,92.1,46.7,97.6,41.3,Silvertop-b,Non Recyclable
Emptying,76.3,29.1,9.0,84.5,42.1,83.5,41.0,BIM-3 FTI bottentomd,Mixed
Emptying,86.8,47.9,6.0,84.8,62.6,93.2,50.9,Rectangular,Non Recyclable
Emptying,66.7,58.3,6.0,72.8,41.1,82.6,48.1,Silvertop-b,Recyclable
Non Emptying,62.6,25.4,5.0,70.0,34.9,31.6,24.5,Rectangular Farmland,Non Recyclable
Emptying,60.6,68.6,8.0,60.2,61.3,92.3,67.6,BIM-3 FTI bottentomd,Recyclable
Non Emptying,37.0,67.3,5.0,52.6,64.5,52.1,22.9,Cubic,Mixed
Emptying,98.5,21.0,7.0,99.2,50.1,95.4,48.3,Rectangular Farmland,Non Recyclable
Emptying,90.5,59.1,9.0,71.1,39.4,84.0,51.8,Rectangular Farmland,Non Recyclable
Non Emptying,70.7,64.7,5.0,70.7,26.3,32.7,22.2,Fiberglass Igloo-b,Mixed
Emptying,60.3,42.5,6.0,73.1,41.4,98.5,52.5,Rectangular Farmland,Non Recyclable
Non Emptying,68.9,62.2,4.0,72.8,32.9,37.2,33.5,Rectangular,Recyclable
Non Emptying,61.4,62.5,2.0,53.7,56.7,63.2,30.7,Rectangular,Recyclable
Emptying,89.4,43.9,7.0,86.7,42.8,91.5,37.7,Fiberglass Igloo-b,Non Recyclable
Emptying,76.4,46.8,6.0,92.5,65.1,94.6,39.0,Diamond,Non Recyclable
Emptying,85.9,67.8,6.0,80.0,58.0,69.8,60.8,Lindstrom City,Mixed
Emptying,81.3,21.2,7.0,74.5,55.3,68.0,54.0,Malmobehallare,Non Recyclable
Emptying,61.3,33.1,6.0,70.5,50.1,72.4,44.8,Lindstrom City,Mixed
Emptying,68.3,33.6,6.0,82.9,23.1,72.6,66.8,Rectangular,Mixed
Non Emptying,63.7,21.3,2.0,70.0,23.8,62.5,33.1,Lindstrom City,Mixed
Non Emptying,71.1,55.2,4.0,52.1,30.5,62.9,36.5,Fiberglass Igloo-b,Recyclable
Emptying,87.9,59.2,7.0,93.1,55.7,98.3,60.4,Lindstrom-a,Mixed
Emptying,92.6,29.9,7.0,68.1,32.0,81.0,39.2,Fiberglass Igloo-a,Mixed
Emptying,88.5,47.0,8.0,97.0,44.8,83.0,55.6,Silvertop-a,Mixed
Non Emptying,53.2,66.9,5.0,76.1,28.4,70.3,56.3,BIM-3 FTI bottentomd,Recyclable
Emptying,81.7,22.2,7.0,77.5,27.8,81.4,51.9,Silvertop-b,Mixed
Non Emptying,66.6,57.9,5.0,59.4,30.2,60.4,63.3,Rectangular,Mixed
Non Emptying,68.6,21.6,4.0,55.8,61.7,62.4,33.3,Rectangular Farmland,Mixed
Non Emptying,32.4,36.0,1.0,36.2,34.2,68.5,37.4,Lindstrom-a,Mixed
Emptying,91.4,52.1,9.0,90.6,52.3,84.5,52.5,Lindstrom-a,Recyclable
Emptying,86.0,47.5,6.0,94.5,51.3,82.7,66.2,Accordion,Non Recyclable
Non Emptying,57.8,65.6,2.0,78.8,35.4,71.2,52.2,Lindstrom City,Mixed
Emptying,82.3,50.9,6.0,87.0,48.5,64.4,69.3,Cubic,Mixed
Emptying,95.2,39.0,9.0,61.3,57.5,87.7,38.3,Cubic,Recyclable
Non Emptying,50.6,56.2,3.0,68.2,23.3,38.0,66.0,Rectangular,Non Recyclable
Emptying,73.2,47.9,9.0,74.4,41.7,64.0,47.7,Cubic,Recyclable
Emptying,63.6,51.6,7.0,74.5,40.4,73.7,50.8,Cubic,Recyclable
Emptying,94.4,47.0,9.0,61.1,60.8,70.1,34.9,Rectangular Farmland,Recyclable
Non Emptying,60.1,53.0,5.0,71.8,56.6,57.1,55.4,Accordion,Recyclable
Non Emptying,39.4,52.4,1.0,33.1,20.4,63.1,57.5,Diamond,Non Recyclable
Emptying,64.5,68.8,6.0,98.3,59.0,81.4,61.8,Rectangular Farmland,Recyclable
Emptying,69.7,58.9,6.0,67.4,44.7,84.7,44.6,Accordion,Non Recyclable
Emptying,82.6,56.2,8.0,77.8,40.9,80.4,40.7,Silvertop-b,Non Recyclable
Emptying,93.8,20.4,6.0,79.5,37.8,90.1,32.7,Cubic,Recyclable
Emptying,81.2,51.5,6.0,85.4,56.7,60.3,35.2,Fiberglass Igloo-a,Recyclable
Emptying,80.0,48.2,6.0,85.8,48.5,84.9,46.9,Rectangular,Recyclable
Non Emptying,73.4,27.4,2.0,39.0,35.4,60.1,56.6,Accordion,Non Recyclable
Non Emptying,60.0,58.0,3.0,50.1,33.5,33.7,57.5,Silvertop-b,Mixed
Emptying,64.9,33.9,9.0,97.0,42.2,99.2,30.2,Accordion,Recyclable
Emptying,90.0,37.7,8.0,83.2,56.9,81.0,51.0,Silvertop-a,Non Recyclable
Non Emptying,70.4,26.5,1.0,50.2,57.6,38.2,50.1,Fiberglass Igloo-b,Recyclable
Non Emptying,62.4,34.9,3.0,52.1,35.9,50.3,26.3,Rectangular Farmland,Non Recyclable
Emptying,67.3,37.5,9.0,82.1,24.0,94.2,31.0,Lindstrom City,Non Recyclable
Non Emptying,70.0,32.0,1.0,53.3,32.7,55.8,21.2,Fiberglass Igloo-b,Mixed
Emptying,91.6,33.4,7.0,73.5,36.3,99.6,54.4,BIM-3 FTI bottentomd,Recyclable
Emptying,77.5,37.4,8.0,66.3,32.0,64.2,63.6,Cubic,Non Recyclable
Emptying,93.9,67.2,9.0,78.0,52.3,68.4,20.7,Fiberglass Igloo-a,Recyclable
Emptying,78.1,33.2,6.0,91.0,22.6,97.8,69.9,Rectangular Farmland,Recyclable
Emptying,95.0,27.4,9.0,72.7,59.0,83.1,42.7,Rectangular Farmland,Mixed
Emptying,68.3,47.3,6.0,92.0,41.5,70.0,21.6,Lindstrom-a,Recyclable
Emptying,65.0,44.4,9.0,88.7,39.3,98.8,30.3,Silvertop-a,Mixed
Non Emptying,59.2,24.0,2.0,74.8,66.6,33.6,24.0,Accordion,Non Recyclable
Emptying,78.5,53.5,9.0,96.5,65.0,93.5,31.4,Rectangular,Mixed
Emptying,80.3,27.8,6.0,75.0,60.5,83.7,43.2,Diamond,Recyclable
Non Emptying,32.3,24.2,5.0,63.3,62.2,61.1,21.0,Silvertop-a,Non Recyclable
Non Emptying,52.5,55.1,2.0,56.1,23.9,50.5,31.0,Accordion,Mixed
Emptying,94.1,54.2,7.0,84.5,46.0,93.2,51.0,Cubic,Mixed
Emptying,74.7,54.6,9.0,60.0,49.7,60.5,46.3,BIM-3 FTI bottentomd,Non Recyclable
Non Emptying,52.9,61.8,4.0,52.7,23.9,73.3,62.1,Rectangular Farmland,Recyclable
Emptying,84.2,56.1,6.0,88.8,62.3,99.3,59.0,Rectangular Farmland,Recyclable
Non Emptying,70.7,58.8,5.0,51.0,62.7,50.8,55.5,BIM-3 FTI bottentomd,Non Recyclable
Emptying,63.2,51.2,8.0,92.1,61.8,85.3,32.1,Cubic,Recyclable
Non Emptying,62.5,50.6,1.0,51.7,38.2,62.6,65.6,Fiberglass Igloo-b,Recyclable
Non Emptying,50.0,65.0,3.0,59.0,65.8,62.6,35.2,Fiberglass Igloo-b,Mixed
Non Emptying,54.1,56.0,1.0,38.0,64.0,52.8,28.5,Malmobehallare,Mixed
Emptying,97.5,20.7,7.0,89.5,65.4,93.4,50.1,Malmobehallare,Non Recyclable
Emptying,88.0,46.7,9.0,71.2,53.4,95.2,36.0,Silvertop-b,Recyclable
Non Emptying,31.2,36.5,5.0,36.1,63.7,50.1,25.3,Silvertop-b,Non Recyclable
Emptying,86.9,34.2,6.0,84.8,48.4,65.7,41.2,Lindstrom City,Recyclable
Non Emptying,63.7,56.3,2.0,79.8,33.7,78.9,34.3,BIM-3 FTI bottentomd,Non Recyclable
Non Emptying,61.9,32.4,3.0,30.9,24.2,50.9,20.4,Diamond,Non Recyclable
Non Emptying,50.2,32.7,2.0,52.0,36.4,58.1,50.9,Lindstrom City,Non Recyclable
Non Emptying,71.5,30.8,5.0,65.5,32.7,58.1,38.7,Malmobehallare,Recyclable
Emptying,84.7,54.9,6.0,86.2,23.6,75.4,65.8,Malmobehallare,Recyclable
Non Emptying,30.7,58.0,3.0,39.4,31.7,60.4,27.3,Lindstrom City,Non Recyclable
Non Emptying,69.1,26.6,2.0,65.7,66.8,60.7,54.2,Lindstrom-b,Mixed
Non Emptying,32.2,63.4,4.0,64.5,51.5,59.8,65.8,Cubic,Mixed
Non Emptying,69.0,37.5,4.0,36.5,62.5,62.9,31.6,BIM-3 FTI bottentomd,Non Recyclable
Non Emptying,34.5,56.6,3.0,69.2,37.5,51.2,32.9,Malmobehallare,Mixed
Non Emptying,71.4,50.1,4.0,62.3,36.4,57.8,31.3,Lindstrom-b,Recyclable
Emptying,97.6,52.8,6.0,91.0,43.3,78.0,52.2,Rectangular Farmland,Recyclable
Emptying,87.2,26.8,6.0,93.1,41.6,76.2,29.6,Lindstrom City,Mixed
Emptying,69.0,43.1,9.0,98.0,64.1,81.7,43.2,Cubic,Mixed
Non Emptying,64.0,30.6,3.0,57.2,32.0,74.6,32.6,Accordion,Mixed
Non Emptying,79.7,32.8,1.0,40.0,33.7,58.5,54.4,BIM-3 FTI bottentomd,Recyclable
Non Emptying,63.9,31.8,3.0,54.3,68.8,68.9,30.5,Diamond,Mixed
Emptying,73.3,39.9,8.0,81.7,20.6,60.4,65.1,Cubic,Non Recyclable
Non Emptying,51.9,66.6,4.0,61.1,58.2,53.7,22.0,Lindstrom-a,Non Recyclable
Emptying,94.9,44.1,9.0,95.1,57.9,79.8,63.5,Fiberglass Igloo-a,Recyclable
Emptying,81.1,56.4,6.0,93.9,44.7,84.8,43.2,Lindstrom City,Mixed
Emptying,66.1,50.0,6.0,82.0,56.6,96.8,50.4,Lindstrom-b,Mixed
Non Emptying,76.2,54.2,4.0,34.5,21.0,73.8,30.9,Malmobehallare,Recyclable
Emptying,86.4,32.3,6.0,99.4,49.1,93.8,57.8,Lindstrom City,Recyclable
Non Emptying,71.7,53.7,4.0,33.1,61.0,60.8,35.7,Rectangular,Non Recyclable
Non Emptying,79.0,24.3,2.0,74.1,51.9,36.8,54.7,Lindstrom-a,Recyclable
Non Emptying,54.6,52.9,3.0,61.7,68.5,61.0,55.5,Malmobehallare,Non Recyclable
Non Emptying,76.9,20.0,4.0,67.3,31.1,37.9,56.1,Malmobehallare,Non Recyclable
Non Emptying,62.2,60.5,4.0,55.3,60.1,53.0,31.5,Silvertop-a,Recyclable
Non Emptying,51.7,58.1,4.0,68.1,36.0,31.9,64.3,Cubic,Mixed
Non Emptying,57.3,24.0,5.0,59.9,66.2,61.1,34.8,Rectangular,Mixed
Non Emptying,72.3,54.5,3.0,38.8,50.2,52.1,55.3,Lindstrom City,Recyclable
Non Emptying,51.6,54.6,2.0,58.0,64.0,30.2,51.1,Rectangular Farmland,Non Recyclable
Non Emptying,74.4,53.9,4.0,63.1,38.2,69.7,22.5,Diamond,Mixed
Emptying,82.2,50.5,6.0,69.6,65.1,81.5,53.4,BIM-3 FTI bottentomd,Recyclable
Non Emptying,39.3,63.6,3.0,69.3,32.0,66.4,20.9,Cubic,Mixed
Emptying,91.9,67.3,9.0,83.0,41.6,87.0,66.4,BIM-3 FTI bottentomd,Non Recyclable
Emptying,72.6,54.2,8.0,68.4,51.9,94.2,54.6,Lindstrom City,Mixed
Emptying,65.1,50.0,7.0,91.1,42.6,86.7,56.4,Accordion,Recyclable
Emptying,69.4,25.9,7.0,99.5,47.4,84.1,50.7,Lindstrom-a,Recyclable
Emptying,90.8,30.0,6.0,88.9,52.2,91.2,36.8,Rectangular,Recyclable
Non Emptying,64.5,32.5,3.0,79.1,63.7,66.0,20.4,Cubic,Mixed
Emptying,77.1,47.7,9.0,78.6,25.3,64.9,59.6,Malmobehallare,Non Recyclable
Emptying,72.2,68.5,6.0,76.3,40.4,92.6,48.2,Fiberglass Igloo-a,Non Recyclable
Non Emptying,69.9,33.8,1.0,70.9,58.5,56.3,26.1,Fiberglass Igloo-a,Non Recyclable
Emptying,81.0,29.2,6.0,69.6,48.0,95.3,21.4,Malmobehallare,Recyclable
Non Emptying,67.9,50.6,2.0,75.6,35.9,58.6,33.0,Lindstrom-a,Mixed
Emptying,85.7,27.1,9.0,95.3,33.8,97.1,61.6,Lindstrom City,Recyclable
Non Emptying,78.7,31.9,3.0,67.8,27.6,60.8,53.1,Lindstrom City,Non Recyclable
Non Emptying,68.9,63.3,5.0,75.9,22.7,52.6,21.5,Silvertop-b,Recyclable
Emptying,93.2,47.6,7.0,84.6,59.8,76.5,63.8,BIM-3 FTI bottentomd,Non Recyclable
Non Emptying,72.2,34.6,5.0,30.5,66.2,63.9,57.0,Accordion,Recyclable
Emptying,94.6,64.0,9.0,99.8,50.6,85.8,57.2,Accordion,Non Recyclable
Emptying,98.6,44.0,8.0,93.3,55.4,79.2,53.6,Silvertop-a,Recyclable
Non Emptying,54.7,34.5,2.0,58.0,50.7,39.6,32.5,Rectangular,Non Recyclable
Non Emptying,76.6,25.4,1.0,52.5,31.4,63.9,31.8,Rectangular,Non Recyclable
Emptying,64.2,44.2,7.0,98.9,40.1,83.3,33.5,Lindstrom-a,Recyclable
Non Emptying,59.4,65.0,2.0,74.7,67.0,33.0,50.3,BIM-3 FTI bottentomd,Recyclable
Non Emptying,31.1,64.8,3.0,30.5,63.8,54.2,34.9,Fiberglass Igloo-a,Mixed
Emptying,91.7,44.8,7.0,91.0,58.5,85.2,26.9,Silvertop-a,Recyclable
Emptying,73.7,20.5,6.0,93.2,56.7,90.2,54.5,Fiberglass Igloo-b,Mixed
Non Emptying,56.4,53.3,5.0,58.8,38.5,34.7,36.7,Malmobehallare,Mixed
Emptying,87.5,52.9,6.0,60.0,59.7,60.4,36.5,Malmobehallare,Mixed
Emptying,98.1,51.1,7.0,87.4,54.6,74.1,58.8,Lindstrom-a,Mixed
Non Emptying,61.4,37.7,2.0,68.0,36.1,50.0,58.7,Cubic,Non Recyclable
Emptying,82.5,40.8,7.0,96.0,29.2,97.4,54.8,Rectangular,Recyclable
Non Emptying,62.2,32.1,1.0,37.3,54.8,37.5,50.9,Silvertop-a,Non Recyclable
Non Emptying,65.6,53.2,3.0,54.5,38.7,39.9,53.7,Cubic,Recyclable
Non Emptying,61.9,64.0,3.0,55.8,30.8,55.9,35.9,Diamond,Mixed
Non Emptying,32.4,66.6,2.0,61.7,51.7,62.2,56.7,Silvertop-a,Non Recyclable
Emptying,94.3,47.6,6.0,84.2,54.0,93.0,42.7,Rectangular Farmland,Mixed
Non Emptying,54.1,35.4,5.0,52.6,51.9,64.2,27.0,Silvertop-a,Non Recyclable
Emptying,99.1,57.4,6.0,79.7,32.3,83.3,60.5,Malmobehallare,Recyclable
Emptying,92.9,62.0,6.0,91.4,57.7,75.0,36.8,Fiberglass Igloo-a,Non Recyclable
Emptying,82.6,45.8,9.0,88.6,50.4,81.9,41.9,Malmobehallare,Mixed
Non Emptying,50.1,61.3,1.0,79.5,53.5,33.5,24.7,Rectangular Farmland,Mixed
Non Emptying,55.8,38.6,5.0,54.4,27.7,50.9,31.0,Silvertop-b,Recyclable
Emptying,88.6,55.7,6.0,73.3,56.0,97.6,34.1,Rectangular Farmland,Recyclable
Non Emptying,69.4,34.1,5.0,53.6,38.2,69.1,26.2,Lindstrom-b,Non Recyclable
Emptying,69.3,38.5,7.0,93.3,67.5,89.0,59.5,Silvertop-b,Mixed
Non Emptying,55.8,57.4,1.0,77.8,20.8,79.6,34.0,Accordion,Mixed
Non Emptying,54.6,58.2,5.0,56.4,20.3,74.9,65.5,Accordion,Non Recyclable
Non Emptying,62.0,55.5,1.0,60.0,53.9,38.5,31.8,Malmobehallare,Recyclable
Non Emptying,60.0,55.8,5.0,53.2,36.7,56.5,56.3,Malmobehallare,Mixed
Non Emptying,61.8,26.6,5.0,70.4,66.4,62.5,53.8,Fiberglass Igloo-b,Non Recyclable
Emptying,92.9,48.3,6.0,66.1,50.6,89.5,65.2,Lindstrom-a,Non Recyclable
Emptying,93.9,65.9,7.0,80.6,30.0,68.6,50.1,Silvertop-a,Recyclable
Emptying,81.0,60.1,9.0,82.5,44.5,86.8,53.6,Rectangular,Mixed
Non Emptying,59.7,65.9,3.0,66.4,52.1,50.7,65.7,Silvertop-b,Recyclable
Non Emptying,59.6,56.9,3.0,60.0,38.1,36.1,20.2,Rectangular,Mixed
Emptying,93.9,56.5,8.0,88.6,66.6,83.9,60.2,Cubic,Non Recyclable
Non Emptying,55.4,63.4,5.0,75.5,32.8,64.3,34.2,Cubic,Mixed
Emptying,97.8,67.5,7.0,81.9,54.2,94.0,54.3,Cubic,Mixed
Non Emptying,33.2,34.9,4.0,33.0,56.9,76.5,52.6,Silvertop-a,Non Recyclable
Emptying,87.1,63.9,6.0,65.0,29.5,91.8,65.3,Lindstrom-b,Recyclable
Non Emptying,37.7,35.0,1.0,30.6,55.9,78.7,55.2,Malmobehallare,Recyclable
Emptying,71.4,21.6,9.0,80.8,36.5,68.1,67.2,Lindstrom-b,Non Recyclable
Non Emptying,64.8,34.1,3.0,56.3,34.5,60.6,20.2,Accordion,Non Recyclable
Emptying,89.9,65.7,6.0,73.9,53.3,94.8,33.4,Lindstrom-a,Mixed
Non Emptying,70.3,64.2,1.0,74.7,55.4,50.7,36.7,Fiberglass Igloo-a,Mixed
Non Emptying,32.0,53.3,5.0,62.7,31.1,30.0,33.2,Lindstrom-a,Non Recyclable
Emptying,92.8,45.7,8.0,82.2,56.1,88.3,32.4,Fiberglass Igloo-a,Recyclable
Non Emptying,72.6,21.2,2.0,72.4,36.6,32.3,54.3,Rectangular Farmland,Mixed
Non Emptying,75.8,65.4,4.0,53.6,63.0,70.9,32.1,Diamond,Mixed
Emptying,91.5,55.1,6.0,84.2,27.1,94.0,58.0,BIM-3 FTI bottentomd,Recyclable
Emptying,87.6,47.4,7.0,96.3,55.3,97.4,52.9,Silvertop-b,Non Recyclable
Emptying,70.3,45.2,7.0,76.1,59.0,82.2,24.9,Accordion,Recyclable
Emptying,95.9,58.2,6.0,77.2,46.5,73.1,67.0,Cubic,Non Recyclable
Emptying,91.0,41.7,9.0,85.6,55.3,89.6,46.4,Lindstrom-a,Non Recyclable
Emptying,65.2,55.1,7.0,93.7,38.8,95.2,44.1,Accordion,Non Recyclable
Emptying,98.4,46.9,9.0,80.5,34.6,86.4,44.5,Accordion,Mixed
Emptying,64.4,42.0,6.0,85.2,54.2,86.8,52.3,Silvertop-b,Non Recyclable
Emptying,89.9,57.5,9.0,96.4,67.4,93.5,69.8,Fiberglass Igloo-a,Recyclable
Emptying,94.6,21.4,9.0,71.7,43.3,68.8,31.5,Malmobehallare,Recyclable
Emptying,84.5,42.5,6.0,79.0,23.7,77.3,34.6,Lindstrom-a,Recyclable
Non Emptying,33.3,52.9,1.0,59.8,50.1,63.7,50.5,Accordion,Mixed
Emptying,91.8,47.0,8.0,76.9,20.3,61.2,59.9,Lindstrom-b,Recyclable
Non Emptying,61.6,52.9,4.0,68.4,54.5,54.0,26.7,Rectangular,Non Recyclable
Emptying,93.8,50.0,6.0,73.8,59.4,87.8,30.6,Fiberglass Igloo-a,Recyclable
Emptying,93.2,55.9,6.0,73.1,50.1,79.9,43.1,Lindstrom-b,Non Recyclable
Emptying,92.2,41.6,6.0,63.7,38.9,63.0,55.1,Diamond,Recyclable
Emptying,83.8,47.6,9.0,69.5,48.8,86.4,21.1,Lindstrom City,Recyclable
Non Emptying,64.5,61.2,4.0,74.7,28.7,54.4,35.8,BIM-3 FTI bottentomd,Mixed
Non Emptying,58.4,32.9,3.0,65.2,21.5,52.2,31.3,Rectangular,Recyclable
Non Emptying,59.6,33.3,2.0,31.0,68.4,58.6,61.1,Silvertop-a,Mixed
Non Emptying,77.1,53.6,4.0,68.1,52.7,75.3,61.9,Malmobehallare,Mixed
Non Emptying,59.7,38.3,4.0,73.0,34.5,34.9,58.5,Lindstrom-a,Mixed
Emptying,88.7,30.9,6.0,90.3,52.4,81.8,65.3,Diamond,Mixed
Non Emptying,38.2,33.5,3.0,31.8,30.1,52.7,31.6,Lindstrom-a,Non Recyclable
Non Emptying,51.5,61.2,2.0,35.9,63.8,76.8,64.1,Diamond,Recyclable
Non Emptying,63.0,61.5,2.0,62.1,38.0,55.3,37.1,Rectangular,Mixed
Non Emptying,68.7,58.5,5.0,54.3,61.6,72.4,20.6,Fiberglass Igloo-a,Mixed
Emptying,61.8,56.7,7.0,94.1,54.8,78.7,63.4,Fiberglass Igloo-b,Mixed
Non Emptying,55.2,26.0,2.0,60.3,67.9,51.8,56.4,Rectangular,Non Recyclable
Non Emptying,55.1,35.1,1.0,34.0,25.8,57.4,25.3,Accordion,Non Recyclable
Emptying,92.2,24.8,8.0,77.0,66.9,71.0,61.6,Malmobehallare,Non Recyclable
Emptying,82.9,43.8,6.0,92.9,31.7,87.6,33.6,Accordion,Non Recyclable
Emptying,82.6,63.2,9.0,79.7,69.7,93.7,24.2,Fiberglass Igloo-a,Mixed
Non Emptying,34.8,35.5,1.0,50.0,50.5,35.7,38.5,Accordion,Mixed
Non Emptying,62.1,52.9,3.0,50.1,68.7,57.1,50.1,Diamond,Non Recyclable
Non Emptying,50.7,33.4,2.0,55.4,36.3,61.0,53.3,Silvertop-a,Recyclable
Non Emptying,71.5,53.2,4.0,59.0,30.7,33.8,57.0,Silvertop-a,Non Recyclable
Emptying,89.6,52.2,6.0,91.9,35.1,80.6,61.5,Diamond,Recyclable
Emptying,89.5,41.7,6.0,87.2,63.0,87.9,51.4,Rectangular Farmland,Mixed
Emptying,95.7,53.0,9.0,80.4,50.1,76.1,53.3,Cubic,Recyclable
Non Emptying,35.4,34.4,5.0,35.7,53.5,55.6,61.0,Cubic,Recyclable
Non Emptying,52.2,33.4,5.0,70.0,65.5,36.0,54.2,Rectangular,Non Recyclable
Emptying,89.6,31.1,6.0,91.7,37.2,90.7,52.6,Lindstrom-b,Non Recyclable
Non Emptying,35.8,31.0,1.0,53.4,34.6,56.1,56.5,Malmobehallare,Mixed
Emptying,71.1,58.6,8.0,60.8,44.2,83.2,22.5,Lindstrom-b,Non Recyclable
Non Emptying,33.8,22.4,1.0,59.7,62.8,55.3,56.9,Accordion,Non Recyclable
Emptying,94.9,55.2,9.0,67.8,53.2,94.6,56.0,Fiberglass Igloo-a,Mixed
Emptying,96.1,68.2,6.0,68.0,58.4,96.8,43.9,Diamond,Recyclable
Non Emptying,69.2,58.6,2.0,53.2,65.8,52.7,50.4,Silvertop-a,Recyclable
Emptying,82.8,51.4,9.0,63.3,22.7,97.1,54.3,Fiberglass Igloo-a,Mixed
Non Emptying,64.0,36.5,2.0,72.9,23.1,50.4,51.7,Diamond,Mixed
Emptying,70.5,58.1,8.0,97.9,60.0,89.4,41.7,Lindstrom City,Mixed
Non Emptying,54.5,55.0,3.0,65.8,53.4,78.6,63.2,Accordion,Mixed
Emptying,81.7,41.8,6.0,82.9,40.6,83.5,63.8,Silvertop-a,Recyclable
Emptying,84.5,62.0,6.0,94.6,57.7,88.4,50.0,Lindstrom City,Recyclable
Non Emptying,61.9,67.2,3.0,39.0,37.4,51.3,22.1,Rectangular,Mixed
Emptying,99.1,44.0,7.0,77.5,36.0,87.8,28.1,Lindstrom-b,Recyclable
Emptying,71.7,49.6,6.0,84.3,68.1,64.3,68.6,Fiberglass Igloo-a,Recyclable
Non Emptying,33.4,55.9,1.0,80.0,54.9,39.6,33.7,Lindstrom City,Non Recyclable
Emptying,93.6,63.9,9.0,91.9,48.7,88.8,66.1,BIM-3 FTI bottentomd,Non Recyclable
Emptying,99.6,65.9,8.0,88.1,54.0,82.2,50.3,Silvertop-a,Recyclable
Emptying,73.0,68.7,8.0,80.8,42.9,88.8,39.8,BIM-3 FTI bottentomd,Recyclable
Non Emptying,59.3,23.1,2.0,39.8,35.5,70.6,38.4,Lindstrom-b,Mixed
Emptying,91.6,53.4,8.0,82.0,30.4,84.4,57.6,Accordion,Recyclable
Emptying,86.3,58.8,9.0,94.7,40.6,85.7,32.0,Malmobehallare,Recyclable
Non Emptying,71.5,39.0,1.0,58.2,26.1,50.7,62.0,Silvertop-a,Mixed
Emptying,93.7,42.5,9.0,84.3,31.9,74.9,61.8,Diamond,Recyclable
Non Emptying,61.5,34.2,3.0,76.7,52.7,74.1,51.5,Diamond,Mixed
Non Emptying,68.6,30.9,4.0,56.7,61.8,60.9,33.9,BIM-3 FTI bottentomd,Non Recyclable
Emptying,65.9,65.8,8.0,91.5,33.3,91.8,64.3,Fiberglass Igloo-a,Mixed
Emptying,92.4,55.1,6.0,80.1,41.0,96.0,59.2,Malmobehallare,Recyclable
Non Emptying,58.8,50.2,3.0,60.2,25.9,74.0,30.5,Silvertop-a,Recyclable
Non Emptying,60.2,24.7,2.0,61.2,34.2,51.9,57.1,Rectangular Farmland,Mixed
Non Emptying,64.0,54.2,3.0,61.4,30.4,53.0,21.4,Fiberglass Igloo-b,Non Recyclable
Emptying,78.2,63.1,9.0,80.0,38.0,80.6,42.4,Fiberglass Igloo-b,Non Recyclable
Non Emptying,58.1,36.9,3.0,50.8,37.7,63.1,34.0,Rectangular,Non Recyclable
Emptying,84.8,64.7,9.0,88.7,57.3,86.0,51.4,Fiberglass Igloo-a,Non Recyclable
Non Emptying,64.3,51.2,2.0,36.0,53.5,65.2,65.9,Silvertop-a,Mixed
Emptying,93.4,54.8,9.0,90.4,58.1,98.4,48.9,Accordion,Mixed
Emptying,63.9,57.4,6.0,89.5,51.3,86.5,23.8,Accordion,Non Recyclable
Non Emptying,69.1,63.4,2.0,60.8,33.5,63.8,20.7,Rectangular Farmland,Recyclable
Non Emptying,54.8,20.8,1.0,77.2,35.8,51.3,24.9,Lindstrom-a,Recyclable
Non Emptying,68.3,34.3,1.0,65.2,60.3,78.2,65.4,Malmobehallare,Recyclable
Non Emptying,79.4,64.3,2.0,64.4,52.4,32.5,22.1,Lindstrom-b,Mixed
Non Emptying,34.6,55.2,1.0,56.6,31.7,69.5,31.8,Lindstrom-b,Non Recyclable
Emptying,60.9,55.9,9.0,63.4,23.2,69.0,46.5,Diamond,Mixed
Emptying,83.4,49.4,8.0,82.1,55.4,96.8,61.0,Silvertop-b,Mixed
Non Emptying,71.6,36.9,3.0,64.4,22.9,54.1,52.8,Rectangular,Recyclable
Emptying,84.7,66.5,6.0,98.0,40.4,81.9,34.8,Cubic,Recyclable
Emptying,63.2,38.6,8.0,99.0,51.5,83.3,42.8,Diamond,Non Recyclable
Emptying,97.7,61.9,6.0,98.5,62.0,84.0,40.3,Cubic,Recyclable
Emptying,85.7,55.1,7.0,81.4,55.5,93.0,34.8,Malmobehallare,Non Recyclable
Emptying,62.7,41.0,8.0,90.1,31.2,62.2,43.2,Diamond,Mixed
Non Emptying,50.2,38.0,3.0,52.8,52.5,51.4,51.8,Rectangular Farmland,Non Recyclable
Non Emptying,78.0,53.0,3.0,53.3,25.8,32.4,31.5,Lindstrom City,Non Recyclable
Non Emptying,65.1,38.4,1.0,63.0,55.1,52.8,57.0,Accordion,Non Recyclable
Non Emptying,57.7,50.1,1.0,52.7,51.2,57.7,38.3,Diamond,Non Recyclable
Non Emptying,63.8,52.0,1.0,52.7,51.6,60.8,50.8,Fiberglass Igloo-a,Mixed
Non Emptying,75.0,56.3,5.0,73.5,50.6,78.4,51.0,Diamond,Non Recyclable
Emptying,85.0,41.0,6.0,85.5,53.7,85.6,54.9,Lindstrom-b,Recyclable
Non Emptying,64.7,55.8,2.0,31.2,63.5,51.2,52.1,Silvertop-b,Recyclable
Emptying,91.0,65.4,6.0,82.2,37.2,85.6,50.6,Lindstrom-b,Non Recyclable
Non Emptying,51.8,60.4,5.0,66.9,31.0,32.1,35.5,BIM-3 FTI bottentomd,Non Recyclable
Emptying,86.2,66.2,6.0,93.1,57.4,75.2,57.2,Lindstrom-b,Mixed
Non Emptying,51.4,21.3,4.0,37.1,52.0,50.2,20.7,Silvertop-b,Recyclable
Emptying,72.3,57.2,6.0,60.5,53.9,86.5,50.8,Lindstrom-a,Recyclable
Emptying,99.6,52.0,9.0,64.4,56.9,81.4,55.8,Accordion,Non Recyclable
Emptying,66.7,34.7,9.0,73.2,30.1,83.1,61.5,Silvertop-b,Mixed
Non Emptying,53.6,22.5,2.0,51.3,34.6,54.9,32.0,Lindstrom-b,Recyclable
Non Emptying,62.1,53.7,5.0,76.4,34.1,64.1,36.1,Silvertop-b,Non Recyclable
Non Emptying,30.5,38.4,1.0,37.8,32.1,63.9,54.4,Fiberglass Igloo-a,Recyclable
Non Emptying,64.8,32.3,1.0,66.4,52.0,52.4,24.4,Lindstrom-a,Recyclable
Emptying,84.8,31.8,9.0,93.6,53.6,82.0,58.9,Diamond,Mixed
Non Emptying,68.6,67.9,5.0,60.2,52.1,35.6,54.8,BIM-3 FTI bottentomd,Recyclable
Emptying,62.4,34.7,6.0,88.2,58.1,98.3,59.1,Rectangular Farmland,Recyclable
Non Emptying,54.3,54.9,1.0,75.3,51.5,75.2,35.1,Silvertop-a,Non Recyclable
Non Emptying,66.7,34.0,5.0,76.3,28.1,50.9,24.1,Silvertop-b,Mixed
Emptying,84.0,20.3,6.0,70.5,51.0,97.3,22.6,BIM-3 FTI bottentomd,Non Recyclable
Emptying,94.7,55.3,8.0,75.0,34.6,83.0,51.0,Accordion,Mixed
Emptying,90.3,62.9,7.0,80.3,37.3,68.9,31.8,Rectangular,Mixed
Emptying,61.1,53.1,6.0,70.1,22.7,89.8,45.2,Accordion,Non Recyclable
Emptying,78.6,50.9,7.0,90.1,36.6,98.1,55.4,Silvertop-b,Recyclable
Emptying,82.8,68.6,7.0,66.9,35.0,73.1,53.2,Silvertop-a,Recyclable
Non Emptying,78.5,52.0,5.0,65.9,33.5,59.8,65.8,Silvertop-b,Mixed
Non Emptying,55.2,24.4,2.0,73.3,54.6,50.4,57.3,BIM-3 FTI bottentomd,Recyclable
Emptying,71.5,51.3,6.0,94.7,37.8,94.6,41.9,Lindstrom City,Non Recyclable
Non Emptying,79.4,51.1,5.0,52.7,37.3,51.3,56.6,Lindstrom-a,Mixed
Non Emptying,62.9,38.1,2.0,66.0,36.6,52.0,30.2,BIM-3 FTI bottentomd,Mixed
Non Emptying,54.5,21.4,5.0,60.2,65.2,76.6,34.8,Accordion,Mixed
Non Emptying,53.2,63.1,3.0,70.5,29.0,52.2,50.2,Lindstrom-a,Recyclable
Emptying,62.0,64.2,9.0,93.1,50.2,83.5,40.5,Malmobehallare,Recyclable
Emptying,98.9,53.2,8.0,91.1,59.6,82.8,26.7,Silvertop-b,Non Recyclable
Non Emptying,70.0,61.6,1.0,59.0,52.4,40.0,26.3,Accordion,Mixed
Emptying,62.1,48.8,6.0,94.4,64.6,97.2,66.1,Diamond,Recyclable
Emptying,86.8,53.5,8.0,91.1,63.6,96.7,48.5,Silvertop-b,Mixed
Non Emptying,60.5,50.6,2.0,57.0,37.1,68.3,54.8,Lindstrom-b,Recyclable
Non Emptying,59.9,54.7,1.0,58.8,31.1,53.6,24.9,Lindstrom City,Non Recyclable
Emptying,92.0,42.4,7.0,96.9,41.5,62.7,69.2,Rectangular Farmland,Non Recyclable
Emptying,82.3,56.3,8.0,79.6,41.4,75.0,69.7,Lindstrom City,Non Recyclable
Non Emptying,75.1,53.2,4.0,31.8,64.1,31.5,34.7,Silvertop-a,Mixed
Emptying,91.4,54.1,9.0,98.7,31.3,83.9,50.2,Rectangular,Mixed
Emptying,85.0,46.3,6.0,96.9,40.9,97.6,33.0,BIM-3 FTI bottentomd,Non Recyclable
Emptying,96.4,54.1,6.0,87.9,42.2,78.4,59.7,Cubic,Recyclable
Emptying,98.5,25.5,6.0,80.0,50.9,86.1,49.6,Lindstrom-a,Mixed
Non Emptying,38.6,38.0,2.0,30.5,54.8,69.9,34.2,Lindstrom-a,Recyclable
Emptying,94.6,22.4,7.0,90.6,62.8,78.5,55.1,Rectangular,Non Recyclable
Non Emptying,58.2,55.4,2.0,63.8,50.6,39.9,50.9,Fiberglass Igloo-a,Mixed
Emptying,66.1,31.7,6.0,62.0,38.7,69.1,52.6,Lindstrom-b,Non Recyclable
Non Emptying,62.5,54.6,5.0,31.8,30.6,74.2,33.8,Lindstrom-b,Non Recyclable
Emptying,84.3,68.5,9.0,82.3,53.2,64.5,54.3,Diamond,Recyclable
Emptying,80.6,48.3,9.0,80.4,56.8,99.0,25.6,Malmobehallare,Recyclable
Emptying,80.6,32.4,6.0,83.9,56.6,62.2,33.6,Fiberglass Igloo-a,Recyclable
Emptying,75.6,54.2,8.0,95.5,54.1,67.1,44.1,Lindstrom-a,Mixed
Emptying,71.5,41.5,7.0,91.6,49.3,67.8,51.7,Cubic,Mixed
Non Emptying,69.3,59.0,1.0,50.3,35.6,35.6,30.0,Fiberglass Igloo-a,Recyclable
Non Emptying,64.7,20.8,2.0,72.8,55.5,68.8,50.8,Malmobehallare,Recyclable
Non Emptying,37.3,52.4,1.0,61.9,62.8,66.5,35.7,Silvertop-a,Mixed
Non Emptying,55.4,31.8,2.0,35.2,34.7,58.4,58.4,BIM-3 FTI bottentomd,Recyclable
Emptying,62.8,35.6,9.0,78.9,40.0,77.7,54.3,Accordion,Recyclable
Emptying,63.3,53.5,9.0,82.0,59.0,83.2,49.5,Fiberglass Igloo-b,Recyclable
Emptying,64.8,41.1,6.0,65.5,59.3,84.3,51.8,Lindstrom City,Non Recyclable
Non Emptying,71.9,25.7,4.0,56.7,67.7,63.6,26.2,Lindstrom City,Non Recyclable
Non Emptying,70.9,50.4,3.0,79.8,31.0,68.3,30.0,Diamond,Non Recyclable
Emptying,81.6,54.5,6.0,99.6,53.3,97.5,35.4,Rectangular Farmland,Mixed
Non Emptying,73.3,50.7,3.0,70.8,58.8,61.5,53.4,Lindstrom-a,Mixed
Emptying,66.6,44.9,6.0,78.0,58.7,92.9,55.8,Malmobehallare,Non Recyclable
Emptying,70.1,50.5,9.0,88.3,69.0,85.9,50.2,Fiberglass Igloo-a,Recyclable
Emptying,61.9,50.9,7.0,60.6,51.2,78.2,35.8,Silvertop-b,Recyclable
Emptying,88.3,41.0,9.0,67.8,49.8,74.1,68.7,Fiberglass Igloo-b,Recyclable
Emptying,86.8,35.2,6.0,93.9,35.3,63.6,55.0,Silvertop-b,Recyclable
Emptying,98.3,50.6,8.0,90.3,48.2,92.4,57.1,Fiberglass Igloo-a,Mixed
Emptying,67.7,50.7,6.0,61.6,27.3,92.2,30.7,Fiberglass Igloo-b,Non Recyclable
Non Emptying,77.9,58.9,1.0,65.4,64.3,65.1,51.4,Silvertop-a,Recyclable
Emptying,83.9,56.9,8.0,91.2,52.9,62.4,47.9,Lindstrom-a,Mixed
Non Emptying,55.3,31.0,2.0,73.6,33.3,53.7,61.9,Fiberglass Igloo-a,Recyclable
Non Emptying,64.4,60.5,1.0,79.9,35.5,64.1,50.5,Rectangular,Recyclable
Non Emptying,68.8,33.2,2.0,79.8,58.2,68.0,50.3,Accordion,Non Recyclable
Non Emptying,59.8,58.5,1.0,66.6,60.8,58.7,34.5,Lindstrom City,Recyclable
Non Emptying,63.6,33.4,2.0,76.7,21.9,52.2,50.6,Rectangular Farmland,Recyclable
Non Emptying,70.8,31.4,2.0,50.0,37.1,31.5,55.8,Cubic,Non Recyclable
Emptying,90.0,25.1,7.0,60.8,54.7,73.9,59.1,Rectangular Farmland,Mixed
Emptying,79.1,50.8,7.0,91.6,46.7,70.2,52.7,Fiberglass Igloo-a,Non Recyclable
Non Emptying,63.4,52.6,4.0,68.0,35.2,38.0,24.8,Rectangular,Non Recyclable
Emptying,100.0,69.3,6.0,99.7,44.4,77.2,41.5,Fiberglass Igloo-b,Recyclable
Non Emptying,58.3,36.8,4.0,54.7,65.8,59.0,56.7,Fiberglass Igloo-b,Non Recyclable
Emptying,97.3,60.4,6.0,72.7,30.8,97.8,51.5,Accordion,Recyclable
Non Emptying,65.5,31.0,1.0,58.1,66.7,54.7,31.4,Silvertop-a,Mixed
Emptying,70.5,22.8,9.0,84.4,51.2,89.2,56.8,Fiberglass Igloo-a,Mixed
Non Emptying,71.0,54.0,1.0,56.7,50.6,79.2,22.8,Rectangular,Non Recyclable
Non Emptying,33.8,35.1,5.0,72.2,54.6,31.7,38.4,Lindstrom-a,Recyclable
Non Emptying,77.7,28.1,2.0,33.2,37.6,38.9,33.3,Lindstrom-b,Mixed
Non Emptying,36.4,25.1,2.0,39.4,33.8,39.1,26.4,Silvertop-a,Non Recyclable
Emptying,73.6,34.4,6.0,74.0,41.8,90.7,54.3,Silvertop-b,Mixed
Non Emptying,69.3,20.0,5.0,33.1,36.8,55.0,34.9,Malmobehallare,Non Recyclable
Emptying,65.1,38.9,8.0,86.0,42.3,94.1,33.8,Fiberglass Igloo-b,Mixed
Non Emptying,73.9,37.5,1.0,34.8,34.1,54.2,50.3,Lindstrom-a,Recyclable
Non Emptying,52.9,32.3,5.0,53.1,50.6,31.9,31.6,Fiberglass Igloo-a,Recyclable
Emptying,93.4,40.3,7.0,98.6,57.2,81.3,33.2,Rectangular Farmland,Recyclable
Non Emptying,55.7,33.5,2.0,77.4,35.3,50.3,56.5,Rectangular,Non Recyclable
Non Emptying,68.5,50.9,2.0,39.7,58.4,56.8,50.3,Rectangular Farmland,Mixed
Emptying,85.0,42.9,6.0,71.2,58.4,89.1,58.0,Lindstrom City,Recyclable
Non Emptying,66.6,28.6,1.0,62.3,53.8,56.1,32.3,Fiberglass Igloo-a,Non Recyclable
Non Emptying,71.3,33.4,4.0,61.6,28.7,57.5,53.4,Silvertop-a,Recyclable
Emptying,72.9,47.1,7.0,71.5,48.3,79.4,69.6,Malmobehallare,Recyclable
Emptying,64.1,30.8,9.0,95.1,39.5,92.6,67.6,Lindstrom-b,Recyclable
Emptying,90.7,46.1,6.0,79.2,57.2,80.5,59.0,BIM-3 FTI bottentomd,Recyclable
Emptying,68.3,39.1,8.0,79.5,46.8,85.7,52.5,Lindstrom-b,Non Recyclable
Non Emptying,62.4,65.3,5.0,60.5,22.1,33.5,55.8,Silvertop-b,Recyclable
Non Emptying,70.4,20.3,3.0,39.0,35.8,54.2,35.0,Lindstrom-b,Recyclable
Non Emptying,37.9,33.6,1.0,56.5,66.4,59.6,56.9,Lindstrom City,Mixed
Emptying,81.2,42.1,9.0,91.3,50.9,74.9,32.1,Silvertop-a,Non Recyclable
Non Emptying,66.2,28.4,3.0,35.5,50.8,37.8,24.9,Diamond,Non Recyclable
Non Emptying,78.8,56.6,2.0,51.8,32.6,62.6,30.1,Lindstrom City,Non Recyclable
Non Emptying,62.3,34.2,3.0,72.2,67.5,35.6,25.2,Malmobehallare,Recyclable
Non Emptying,64.6,55.1,3.0,68.7,51.9,59.8,30.6,Lindstrom City,Mixed
Emptying,75.4,41.4,6.0,81.4,52.5,72.1,42.7,Malmobehallare,Non Recyclable
Non Emptying,59.3,30.0,1.0,66.9,52.9,58.5,56.3,Rectangular Farmland,Recyclable
Emptying,80.1,41.6,7.0,77.6,46.5,98.3,53.6,Lindstrom City,Mixed
Non Emptying,56.4,32.9,4.0,58.1,68.0,53.0,63.6,Rectangular Farmland,Recyclable
Non Emptying,70.4,22.8,2.0,33.8,31.5,52.3,31.7,Lindstrom-b,Recyclable
Emptying,62.7,52.2,7.0,92.4,43.6,66.5,66.4,Malmobehallare,Recyclable
Emptying,97.5,48.9,6.0,77.4,56.1,99.8,56.5,Malmobehallare,Mixed
Emptying,75.1,59.8,8.0,83.5,59.8,73.8,50.4,Lindstrom-a,Non Recyclable
Non Emptying,35.9,31.1,1.0,57.6,38.0,64.6,33.1,Diamond,Non Recyclable
Emptying,71.6,62.1,8.0,91.1,53.0,69.7,31.8,Fiberglass Igloo-b,Non Recyclable
Emptying,60.1,53.3,9.0,80.8,53.8,96.7,66.4,Accordion,Non Recyclable
Non Emptying,50.4,67.8,3.0,34.4,24.0,58.4,27.3,Diamond,Recyclable
Non Emptying,51.6,52.4,2.0,31.4,32.4,62.7,21.3,Cubic,Mixed
Emptying,86.7,44.7,8.0,89.9,23.5,71.6,43.9,Lindstrom City,Recyclable
Non Emptying,65.4,27.8,2.0,55.7,33.9,73.4,68.0,Fiberglass Igloo-b,Non Recyclable
Non Emptying,63.4,62.1,5.0,61.3,51.6,66.7,23.7,Rectangular,Non Recyclable
Emptying,89.1,44.0,9.0,95.0,67.3,83.3,41.3,Accordion,Mixed
Emptying,95.6,40.7,6.0,87.8,41.1,81.2,30.4,Lindstrom-b,Mixed
Emptying,97.7,43.1,8.0,64.7,48.9,93.4,41.3,Rectangular Farmland,Mixed
Emptying,80.4,58.3,6.0,93.5,44.9,72.6,48.8,Cubic,Recyclable
Emptying,94.3,67.7,6.0,65.6,50.0,96.3,21.1,Accordion,Mixed
Non Emptying,79.6,56.1,3.0,60.8,35.0,35.4,22.3,Diamond,Recyclable
Emptying,84.9,32.3,6.0,80.7,59.6,81.6,60.4,Fiberglass Igloo-a,Mixed
Non Emptying,31.2,51.7,5.0,33.7,54.9,33.8,67.3,BIM-3 FTI bottentomd,Recyclable
Emptying,90.5,41.0,6.0,98.0,46.8,77.2,48.6,Fiberglass Igloo-b,Mixed
Emptying,77.3,24.4,6.0,81.3,57.3,95.6,51.1,Rectangular Farmland,Non Recyclable
Non Emptying,67.7,20.0,3.0,79.3,56.3,65.3,60.6,Diamond,Recyclable
Non Emptying,54.4,37.7,2.0,51.9,62.6,76.7,65.9,Silvertop-a,Recyclable
Emptying,62.1,41.5,7.0,82.2,43.7,63.0,52.9,Cubic,Recyclable
Non Emptying,55.6,52.5,4.0,32.6,31.6,73.5,50.3,Rectangular,Recyclable
Emptying,74.9,51.3,8.0,61.0,43.2,97.0,31.6,Lindstrom City,Non Recyclable
Emptying,94.5,53.6,6.0,70.1,39.3,87.9,52.4,Fiberglass Igloo-a,Non Recyclable
Non Emptying,59.0,25.3,4.0,62.2,58.0,69.6,20.1,Cubic,Recyclable
Non Emptying,36.7,53.3,4.0,63.4,33.5,78.5,32.2,Accordion,Mixed
Emptying,62.5,54.4,6.0,71.3,47.1,60.6,61.4,Silvertop-a,Non Recyclable
Emptying,93.4,31.6,8.0,75.1,35.0,80.0,36.5,BIM-3 FTI bottentomd,Non Recyclable
Non Emptying,54.1,64.5,4.0,67.2,37.2,78.4,30.3,Rectangular Farmland,Mixed
Emptying,95.8,34.3,9.0,86.3,43.6,85.3,38.0,Cubic,Non Recyclable
Non Emptying,33.6,66.1,2.0,59.5,64.6,54.7,52.6,Malmobehallare,Mixed
Emptying,96.3,44.7,7.0,62.9,47.6,87.1,51.2,Fiberglass Igloo-b,Non Recyclable
Non Emptying,60.0,22.6,3.0,63.4,50.3,50.9,21.1,Accordion,Non Recyclable
Non Emptying,54.8,25.5,4.0,71.0,34.4,73.7,50.9,Accordion,Mixed
Non Emptying,58.2,68.9,2.0,62.7,21.5,71.3,56.9,Lindstrom-b,Recyclable
Emptying,64.1,46.9,6.0,94.3,56.4,62.2,37.4,Malmobehallare,Recyclable
Emptying,84.6,51.9,8.0,90.7,52.4,80.3,22.3,Fiberglass Igloo-b,Recyclable
Non Emptying,79.1,52.4,2.0,60.8,62.8,63.3,58.1,Rectangular Farmland,Mixed
Non Emptying,59.1,35.7,2.0,38.9,54.1,59.1,60.3,Lindstrom-a,Non Recyclable
Emptying,90.1,68.0,7.0,62.0,64.6,91.1,32.5,Fiberglass Igloo-a,Recyclable
Emptying,76.1,42.6,7.0,98.2,43.7,92.9,64.6,Fiberglass Igloo-a,Non Recyclable
Emptying,74.1,22.0,7.0,80.6,51.1,62.3,36.7,Silvertop-b,Recyclable
Non Emptying,75.6,51.1,3.0,50.3,32.6,57.2,65.2,Fiberglass Igloo-a,Recyclable
Emptying,82.5,51.1,6.0,97.4,47.8,85.8,48.4,Fiberglass Igloo-b,Non Recyclable
Non Emptying,65.8,57.7,5.0,58.2,58.9,56.5,35.0,Lindstrom-b,Mixed
Emptying,95.7,44.6,8.0,92.3,50.8,68.2,46.4,Fiberglass Igloo-b,Mixed
Emptying,89.3,55.5,9.0,92.7,53.5,78.3,42.4,Cubic,Recyclable
Emptying,88.4,26.0,7.0,75.2,27.5,88.6,41.7,Fiberglass Igloo-a,Mixed
Emptying,93.4,32.2,8.0,92.8,54.4,83.8,52.3,Cubic,Mixed
Non Emptying,62.9,54.8,3.0,62.0,65.5,75.3,51.4,Rectangular Farmland,Non Recyclable
Non Emptying,57.9,50.7,1.0,78.9,31.5,52.3,31.5,Lindstrom-a,Mixed
Emptying,92.4,43.5,7.0,94.9,42.4,66.5,67.8,Malmobehallare,Recyclable
Emptying,82.3,50.2,6.0,97.3,45.5,90.6,40.0,Malmobehallare,Recyclable
Emptying,87.1,43.7,8.0,94.8,30.7,86.5,44.3,Lindstrom-a,Mixed
Non Emptying,32.0,56.1,3.0,53.5,32.2,37.4,31.9,Lindstrom-a,Recyclable
Emptying,62.7,42.5,9.0,92.7,42.4,93.3,62.9,Lindstrom City,Mixed
Emptying,65.5,35.1,9.0,80.1,30.5,93.1,30.2,Lindstrom-b,Recyclable
Non Emptying,56.2,35.5,5.0,32.8,57.7,79.3,33.6,Lindstrom-a,Recyclable
Emptying,94.8,38.6,8.0,72.8,43.8,78.9,40.3,Rectangular Farmland,Non Recyclable
Non Emptying,61.7,52.3,5.0,52.0,20.1,77.6,31.0,Rectangular Farmland,Mixed
Non Emptying,64.1,57.8,5.0,66.5,58.6,54.5,56.1,Lindstrom-b,Recyclable
Non Emptying,64.8,57.2,2.0,56.8,33.6,64.1,32.5,Accordion,Non Recyclable
Emptying,91.9,64.5,7.0,79.2,69.9,91.3,37.7,Rectangular,Recyclable
Non Emptying,63.7,36.2,4.0,72.0,63.4,59.3,55.7,Lindstrom-a,Non Recyclable
Non Emptying,72.9,32.6,4.0,76.9,31.5,71.7,60.5,Cubic,Mixed
Emptying,93.8,52.1,6.0,81.3,40.7,98.2,53.3,Lindstrom City,Mixed
Non Emptying,60.5,20.4,3.0,33.5,51.7,63.1,28.8,BIM-3 FTI bottentomd,Recyclable
Emptying,66.7,55.9,6.0,69.1,48.7,96.8,56.7,BIM-3 FTI bottentomd,Recyclable
Non Emptying,54.9,54.0,4.0,61.2,36.5,50.4,31.6,Silvertop-b,Non Recyclable
Non Emptying,65.6,31.2,4.0,73.8,33.3,51.2,37.4,Lindstrom City,Recyclable
Non Emptying,77.8,55.8,5.0,57.6,35.4,33.4,37.8,Silvertop-b,Mixed
Non Emptying,63.2,33.2,4.0,72.7,34.7,59.3,36.6,Rectangular Farmland,Recyclable
Emptying,67.5,23.9,9.0,84.2,43.6,81.9,42.3,Lindstrom-a,Recyclable
Non Emptying,51.6,66.1,3.0,31.6,57.6,62.9,60.2,Diamond,Non Recyclable
Emptying,91.3,43.8,6.0,93.0,22.1,68.7,55.6,Rectangular,Mixed
Emptying,87.4,58.8,6.0,97.8,58.8,92.8,53.7,Malmobehallare,Recyclable
Non Emptying,64.0,34.6,2.0,73.9,53.1,70.0,30.1,Malmobehallare,Mixed
Non Emptying,77.3,52.8,2.0,65.3,36.5,38.6,26.8,Diamond,Non Recyclable
Non Emptying,37.1,31.9,3.0,52.4,38.9,68.9,33.0,Lindstrom City,Non Recyclable
Emptying,90.6,54.2,7.0,71.7,48.9,86.9,48.3,Silvertop-a,Mixed
Emptying,73.2,57.4,7.0,80.0,42.2,88.5,43.4,Rectangular Farmland,Non Recyclable
Non Emptying,39.9,60.9,3.0,64.2,56.7,66.7,24.2,Malmobehallare,Mixed
Non Emptying,32.5,34.1,1.0,63.8,37.9,66.5,30.7,Lindstrom-b,Mixed
Emptying,70.2,66.7,6.0,61.8,57.0,94.2,59.5,Lindstrom-b,Recyclable
Emptying,93.6,56.8,7.0,99.7,66.0,72.0,54.4,Rectangular,Mixed
Emptying,86.2,54.1,9.0,80.3,30.6,65.0,30.3,Fiberglass Igloo-b,Mixed
Emptying,77.9,53.5,9.0,100.0,38.2,83.9,67.1,Diamond,Recyclable
Non Emptying,62.6,54.0,1.0,70.2,61.4,74.5,57.8,Accordion,Non Recyclable
Emptying,83.8,39.9,9.0,88.4,54.3,99.9,68.4,Lindstrom-b,Recyclable
Non Emptying,72.1,23.5,3.0,74.5,51.3,64.0,60.2,Silvertop-b,Non Recyclable
Non Emptying,54.8,30.4,1.0,39.8,31.7,59.3,56.0,BIM-3 FTI bottentomd,Recyclable
Non Emptying,65.6,55.2,1.0,72.7,34.6,67.2,32.2,Rectangular Farmland,Mixed
Non Emptying,50.6,37.2,2.0,65.0,56.7,51.5,27.0,Silvertop-b,Non Recyclable
Non Emptying,37.7,33.9,3.0,57.1,28.3,67.8,26.6,Fiberglass Igloo-a,Non Recyclable
Non Emptying,64.7,21.8,1.0,67.1,23.6,53.4,56.5,Lindstrom-a,Non Recyclable
Emptying,82.4,40.2,6.0,62.1,63.5,98.7,58.7,Fiberglass Igloo-a,Mixed
Emptying,72.0,54.1,7.0,82.3,37.0,71.4,56.1,Lindstrom-a,Recyclable
Emptying,74.1,65.7,8.0,62.3,52.1,76.0,39.1,Rectangular,Mixed
Emptying,91.5,32.7,6.0,68.9,44.1,97.5,21.6,Malmobehallare,Mixed
Non Emptying,56.7,52.7,4.0,75.5,55.3,32.9,30.8,Lindstrom City,Non Recyclable
Non Emptying,68.1,38.1,1.0,67.1,51.9,62.0,30.0,Fiberglass Igloo-a,Non Recyclable
Non Emptying,39.4,30.6,3.0,50.8,30.2,39.5,65.4,Fiberglass Igloo-b,Recyclable
Emptying,85.3,52.0,8.0,63.2,43.7,72.6,47.7,Lindstrom City,Mixed
Emptying,94.5,56.9,6.0,96.5,50.1,86.6,52.2,Rectangular,Recyclable
Emptying,63.2,52.1,8.0,90.4,41.5,91.6,31.4,Rectangular,Mixed
Non Emptying,68.7,32.4,1.0,55.7,68.3,62.7,55.2,Diamond,Recyclable
Emptying,70.8,62.5,8.0,66.1,49.6,75.2,47.3,BIM-3 FTI bottentomd,Non Recyclable
Non Emptying,37.4,67.8,1.0,69.9,60.0,37.1,58.2,Fiberglass Igloo-a,Mixed
Emptying,91.3,52.1,6.0,83.8,42.3,74.1,66.9,Rectangular,Recyclable
Non Emptying,70.0,20.6,4.0,63.5,34.6,30.0,33.9,Fiberglass Igloo-a,Mixed
Non Emptying,60.0,34.1,3.0,66.1,22.9,79.1,23.8,Fiberglass Igloo-b,Recyclable
Non Emptying,34.9,23.0,3.0,50.5,50.2,55.5,52.5,Fiberglass Igloo-b,Mixed
Emptying,62.6,58.5,8.0,89.3,56.9,88.9,29.8,Fiberglass Igloo-b,Non Recyclable
Emptying,82.3,42.2,6.0,76.7,37.1,91.8,31.0,Accordion,Recyclable
Emptying,83.9,69.2,6.0,94.7,28.4,86.6,50.5,Lindstrom City,Non Recyclable
Non Emptying,31.9,58.2,3.0,34.5,34.0,79.2,32.9,BIM-3 FTI bottentomd,Recyclable
Non Emptying,36.9,30.1,5.0,66.3,24.7,63.5,64.7,Accordion,Non Recyclable
Emptying,80.5,61.2,6.0,80.7,58.8,93.6,52.7,BIM-3 FTI bottentomd,Mixed
Emptying,78.7,48.3,6.0,92.4,52.4,83.8,53.0,Lindstrom City,Non Recyclable
Non Emptying,51.3,32.4,3.0,53.4,64.6,67.6,22.3,BIM-3 FTI bottentomd,Recyclable
Emptying,80.6,48.6,6.0,97.5,19.3,92.1,45.3,Lindstrom-a,Recyclable
Non Emptying,50.0,27.3,4.0,57.0,33.2,30.2,58.1,Fiberglass Igloo-a,Mixed
Emptying,86.6,46.8,8.0,71.3,67.4,93.2,50.7,Cubic,Mixed
Non Emptying,36.6,36.4,3.0,70.2,66.7,76.1,30.6,Cubic,Non Recyclable
Non Emptying,69.7,54.1,2.0,72.6,50.9,52.8,32.2,Malmobehallare,Non Recyclable
Emptying,84.6,58.1,6.0,80.0,34.5,91.8,40.2,Diamond,Mixed
Emptying,89.2,43.8,6.0,94.9,47.4,81.5,36.1,Rectangular Farmland,Non Recyclable
Emptying,97.8,40.4,6.0,90.2,41.2,98.9,59.3,Silvertop-b,Non Recyclable
Emptying,68.1,66.9,6.0,66.8,45.0,60.4,43.4,Diamond,Recyclable
Non Emptying,64.6,55.2,4.0,61.8,66.6,59.9,25.7,Lindstrom-a,Non Recyclable
Emptying,70.0,40.0,6.0,90.1,51.0,90.7,22.3,Malmobehallare,Non Recyclable
Emptying,87.0,46.9,6.0,84.3,58.3,87.3,58.0,Diamond,Recyclable
Non Emptying,50.2,52.0,4.0,35.5,66.0,66.2,23.2,Fiberglass Igloo-a,Mixed
Non Emptying,69.8,53.1,5.0,55.5,56.3,52.5,57.3,Cubic,Recyclable
Emptying,66.3,43.2,6.0,98.5,60.2,73.6,39.0,Lindstrom-b,Non Recyclable
Non Emptying,35.8,34.7,3.0,61.6,55.9,60.3,36.5,Malmobehallare,Mixed
Non Emptying,60.4,36.8,2.0,66.4,57.8,56.9,61.0,Fiberglass Igloo-a,Recyclable
Emptying,92.2,52.3,9.0,94.6,37.5,77.6,48.5,Fiberglass Igloo-b,Recyclable
Emptying,81.1,57.9,8.0,92.7,57.8,87.9,50.9,Fiberglass Igloo-a,Recyclable
Non Emptying,52.2,54.9,3.0,66.7,20.9,74.4,58.7,Silvertop-a,Non Recyclable
Non Emptying,32.1,57.3,4.0,33.4,33.0,66.3,53.4,Silvertop-a,Non Recyclable
Emptying,93.1,62.3,8.0,67.5,37.6,82.4,54.0,Malmobehallare,Mixed
Non Emptying,61.4,23.2,4.0,60.4,37.4,78.2,24.3,Rectangular Farmland,Non Recyclable
Emptying,91.6,39.3,6.0,82.8,42.5,70.9,58.0,Accordion,Mixed
Non Emptying,52.3,33.6,1.0,54.6,39.0,65.4,32.6,Lindstrom-a,Non Recyclable
Emptying,63.5,34.0,8.0,63.5,45.3,61.4,58.8,BIM-3 FTI bottentomd,Non Recyclable
Non Emptying,63.9,32.7,5.0,61.0,57.8,30.9,53.9,Silvertop-a,Non Recyclable
Emptying,84.2,30.2,8.0,89.8,53.1,63.3,64.9,Malmobehallare,Recyclable
Non Emptying,30.5,35.9,5.0,76.3,28.3,63.8,37.0,Lindstrom City,Non Recyclable
Emptying,84.9,40.4,8.0,99.2,52.0,73.5,51.8,Lindstrom City,Recyclable
Non Emptying,57.2,63.9,2.0,58.4,23.7,78.6,58.8,Lindstrom-a,Non Recyclable
Non Emptying,66.8,30.2,1.0,63.5,34.3,35.1,27.5,Silvertop-b,Recyclable
Emptying,91.3,40.0,7.0,77.4,65.3,91.6,40.0,Rectangular,Non Recyclable
Non Emptying,63.6,60.6,4.0,38.1,34.2,53.8,65.7,Silvertop-b,Mixed
Emptying,68.5,32.6,8.0,80.0,48.2,89.8,27.3,Cubic,Recyclable
Emptying,89.3,40.1,8.0,70.9,52.6,90.9,62.1,Lindstrom City,Mixed
Emptying,76.2,35.1,6.0,75.3,34.5,63.7,32.4,Cubic,Mixed
Emptying,80.0,40.0,6.0,92.6,25.4,82.5,56.7,Cubic,Recyclable
Emptying,84.6,43.5,6.0,85.2,50.3,81.6,33.4,Rectangular,Non Recyclable
Emptying,77.6,58.1,7.0,93.1,58.5,88.8,69.1,Cubic,Non Recyclable
Non Emptying,52.3,57.4,1.0,63.5,64.8,57.5,58.8,BIM-3 FTI bottentomd,Non Recyclable
Non Emptying,79.7,24.2,5.0,64.8,32.7,75.5,61.6,Diamond,Recyclable
Non Emptying,78.3,34.8,4.0,78.6,36.2,52.8,25.6,Accordion,Non Recyclable
Non Emptying,56.3,56.2,2.0,71.0,33.1,62.4,31.6,Diamond,Mixed
Non Emptying,62.6,31.2,3.0,64.7,61.9,50.0,32.6,Lindstrom-b,Recyclable
Non Emptying,67.0,54.9,3.0,50.7,31.9,35.9,53.8,BIM-3 FTI bottentomd,Recyclable
Emptying,64.5,44.6,9.0,92.0,58.6,90.0,54.1,Malmobehallare,Mixed
Non Emptying,60.1,35.7,5.0,67.4,28.9,65.4,56.6,Cubic,Mixed
Emptying,96.9,38.1,7.0,66.9,26.5,98.8,50.5,Fiberglass Igloo-b,Recyclable
Non Emptying,36.6,56.4,5.0,51.5,53.2,54.3,64.8,Accordion,Non Recyclable
Emptying,91.5,37.1,6.0,71.1,58.9,74.2,51.3,Fiberglass Igloo-b,Mixed
Emptying,81.6,51.7,8.0,97.1,35.7,80.9,44.4,Cubic,Mixed
Non Emptying,64.5,57.7,2.0,63.8,62.5,53.0,32.4,Fiberglass Igloo-a,Mixed
Non Emptying,79.7,55.8,5.0,60.8,56.5,75.4,55.4,Silvertop-b,Non Recyclable
Non Emptying,34.0,62.6,5.0,51.6,38.3,67.8,52.3,Diamond,Mixed
Emptying,63.1,44.9,9.0,90.2,45.3,94.0,63.7,Rectangular Farmland,Recyclable
Non Emptying,35.4,26.7,5.0,60.9,27.4,55.5,34.5,Silvertop-b,Mixed
Non Emptying,56.6,31.8,2.0,53.2,63.6,63.9,55.0,Rectangular Farmland,Non Recyclable
Non Emptying,60.9,30.4,3.0,74.9,54.4,31.3,24.9,Silvertop-a,Mixed
Emptying,90.1,53.3,7.0,81.5,69.7,62.8,55.9,Rectangular,Recyclable
Emptying,80.8,22.1,6.0,87.7,51.1,69.6,58.4,Accordion,Mixed
Emptying,64.5,33.7,6.0,62.5,51.3,90.8,55.6,Lindstrom-a,Non Recyclable
Emptying,88.5,35.5,6.0,89.2,43.8,69.4,68.7,Lindstrom-a,Recyclable
Emptying,72.5,50.8,6.0,89.1,52.6,83.4,49.2,Rectangular,Recyclable
Emptying,92.6,51.6,6.0,77.0,24.2,76.6,58.2,Malmobehallare,Non Recyclable
Emptying,75.7,38.5,7.0,95.2,43.3,80.4,40.2,Cubic,Mixed
Non Emptying,56.1,52.2,5.0,72.8,31.6,30.7,55.0,Lindstrom-a,Non Recyclable
Non Emptying,56.0,67.1,4.0,54.6,52.2,60.3,54.3,Lindstrom City,Mixed
Non Emptying,51.7,32.6,4.0,30.8,52.1,66.6,52.5,BIM-3 FTI bottentomd,Mixed
Emptying,75.8,67.7,6.0,71.8,26.3,81.3,42.3,Diamond,Mixed
Non Emptying,61.5,35.0,3.0,57.1,58.3,67.6,24.5,Fiberglass Igloo-a,Mixed
Non Emptying,69.8,64.6,5.0,68.2,57.5,64.7,50.8,Lindstrom-a,Non Recyclable
Emptying,74.6,49.6,6.0,64.3,28.0,96.2,44.8,Lindstrom-b,Recyclable
Non Emptying,68.6,35.0,4.0,30.7,34.9,51.5,52.9,Rectangular,Recyclable
Non Emptying,35.7,56.1,1.0,79.5,51.8,50.4,23.4,Rectangular,Recyclable
Emptying,99.9,51.9,8.0,80.2,55.2,83.6,22.3,Accordion,Mixed
Emptying,69.3,60.0,6.0,98.4,59.7,87.7,38.2,Lindstrom-b,Recyclable
Emptying,67.8,45.1,7.0,66.0,49.1,64.9,60.9,Lindstrom-a,Recyclable
Non Emptying,38.9,31.6,4.0,73.2,36.1,65.9,56.2,Accordion,Non Recyclable
Non Emptying,57.4,63.7,3.0,55.6,52.0,61.8,33.3,Malmobehallare,Recyclable
Emptying,90.7,40.3,7.0,75.5,61.7,95.2,28.3,Lindstrom-b,Non Recyclable
Emptying,94.5,45.6,9.0,68.9,49.5,94.3,31.9,Rectangular Farmland,Non Recyclable
Emptying,62.4,55.0,6.0,74.2,43.9,65.9,49.2,Lindstrom City,Recyclable
Non Emptying,34.0,65.1,3.0,39.7,20.1,31.4,33.7,Lindstrom-b,Mixed
Emptying,81.8,68.3,9.0,72.4,20.2,70.0,57.5,Rectangular Farmland,Recyclable
Non Emptying,31.0,60.0,3.0,78.5,51.8,64.3,58.5,Cubic,Recyclable
Non Emptying,72.5,51.3,3.0,55.8,35.4,70.9,52.5,Rectangular,Non Recyclable
Emptying,95.8,54.9,6.0,91.8,42.0,82.8,41.2,Malmobehallare,Recyclable
Non Emptying,32.1,66.3,1.0,66.1,61.1,56.6,35.3,Accordion,Recyclable
Non Emptying,58.7,54.8,1.0,34.3,62.5,53.3,55.6,Fiberglass Igloo-b,Mixed
Emptying,90.9,52.6,6.0,83.8,43.3,76.4,36.2,Silvertop-b,Non Recyclable
Non Emptying,78.3,33.7,5.0,71.2,55.0,56.7,65.5,Rectangular Farmland,Non Recyclable
Emptying,93.8,41.0,9.0,95.3,68.5,91.2,24.0,Fiberglass Igloo-b,Recyclable
Non Emptying,65.9,32.4,1.0,39.5,33.8,55.2,20.5,Diamond,Mixed
Non Emptying,50.9,26.7,4.0,33.4,55.9,62.9,56.8,Silvertop-b,Mixed
Emptying,80.9,23.0,6.0,95.5,52.6,96.7,32.5,Lindstrom-a,Non Recyclable
Non Emptying,61.3,56.6,2.0,69.5,30.4,52.9,34.9,Malmobehallare,Mixed
Non Emptying,37.6,33.2,2.0,55.0,32.6,32.2,35.6,Lindstrom-a,Non Recyclable
Emptying,68.0,36.6,8.0,87.8,44.4,91.8,52.5,Malmobehallare,Non Recyclable
Non Emptying,51.8,26.9,5.0,52.4,63.0,60.7,23.7,Lindstrom City,Recyclable
Non Emptying,66.4,36.7,4.0,65.6,50.0,54.7,63.8,Cubic,Recyclable
Emptying,96.1,66.0,6.0,81.2,35.2,62.5,66.8,Fiberglass Igloo-a,Mixed
Non Emptying,66.9,34.0,5.0,61.4,53.0,50.3,30.9,Cubic,Mixed
Non Emptying,71.1,52.2,1.0,55.4,30.8,73.1,57.6,Rectangular Farmland,Recyclable
Non Emptying,51.8,34.2,5.0,60.0,31.9,31.7,54.7,Fiberglass Igloo-b,Mixed
Non Emptying,37.3,30.1,4.0,57.8,65.6,73.0,56.7,BIM-3 FTI bottentomd,Mixed
Emptying,82.1,59.5,7.0,62.0,53.0,78.9,52.7,Fiberglass Igloo-b,Non Recyclable
Non Emptying,50.7,23.4,1.0,56.5,31.4,55.8,50.9,Diamond,Mixed
Non Emptying,53.9,30.0,2.0,34.1,51.7,69.9,33.0,Fiberglass Igloo-a,Recyclable
Non Emptying,65.3,64.2,4.0,55.1,38.8,69.4,32.5,Silvertop-a,Non Recyclable
Non Emptying,75.7,52.6,4.0,37.4,32.1,55.4,54.0,Lindstrom-a,Mixed
Non Emptying,54.2,32.7,1.0,62.2,66.3,54.4,24.1,Silvertop-b,Mixed
Non Emptying,58.6,60.9,3.0,74.1,55.7,32.1,32.4,Silvertop-a,Mixed
Emptying,85.0,36.4,6.0,60.8,20.1,91.9,24.1,BIM-3 FTI bottentomd,Non Recyclable
Non Emptying,69.5,54.5,1.0,50.6,27.4,57.4,37.1,Rectangular,Recyclable
Non Emptying,50.0,32.6,3.0,71.8,22.8,68.2,64.1,Fiberglass Igloo-b,Mixed
Non Emptying,69.2,30.0,1.0,51.6,26.2,63.7,61.4,Silvertop-b,Non Recyclable
Emptying,73.3,54.8,9.0,95.8,50.0,81.6,24.3,Malmobehallare,Mixed
Non Emptying,56.8,27.1,4.0,31.4,25.0,57.6,22.3,Diamond,Mixed
Emptying,63.9,41.4,6.0,80.0,54.7,90.3,59.6,Rectangular Farmland,Mixed
Non Emptying,61.1,62.7,4.0,74.2,57.5,55.7,31.9,Lindstrom City,Non Recyclable
Emptying,67.5,40.8,8.0,69.3,23.0,81.9,47.9,Rectangular,Non Recyclable
Non Emptying,70.9,36.5,3.0,51.5,58.6,37.6,36.1,Fiberglass Igloo-a,Non Recyclable
Emptying,82.4,30.6,9.0,84.2,60.0,95.5,46.3,Cubic,Non Recyclable
Emptying,89.7,51.5,8.0,64.6,40.8,87.3,42.6,Lindstrom City,Non Recyclable
Emptying,79.9,23.3,7.0,93.5,23.4,85.2,53.8,Silvertop-b,Mixed
Non Emptying,53.2,65.0,1.0,52.8,25.7,51.0,57.6,Lindstrom City,Recyclable
Emptying,91.5,57.6,8.0,87.3,51.6,96.4,46.0,Accordion,Non Recyclable
Non Emptying,51.0,57.2,2.0,67.1,52.1,32.2,30.8,Fiberglass Igloo-b,Non Recyclable
Non Emptying,67.6,26.0,5.0,63.4,30.3,51.4,66.0,Lindstrom-b,Mixed
Non Emptying,57.3,52.3,3.0,60.0,34.5,69.4,33.1,Rectangular Farmland,Recyclable
Emptying,82.1,32.3,6.0,72.1,41.1,84.7,33.1,Malmobehallare,Recyclable
Non Emptying,59.0,23.1,4.0,68.9,54.2,60.0,57.9,Rectangular,Mixed
Emptying,78.3,53.7,6.0,76.6,52.7,98.5,50.7,Lindstrom-b,Non Recyclable
Emptying,70.7,58.9,9.0,93.3,47.9,94.5,54.1,Lindstrom-a,Non Recyclable
Emptying,64.0,48.1,8.0,85.4,30.9,89.6,58.3,Malmobehallare,Non Recyclable
Non Emptying,77.7,55.7,1.0,64.6,32.0,69.5,25.1,Fiberglass Igloo-a,Non Recyclable
Emptying,84.7,58.7,6.0,63.6,70.0,99.7,54.0,Cubic,Non Recyclable
Non Emptying,74.6,23.8,4.0,64.3,30.2,78.2,31.9,Lindstrom-b,Recyclable
Emptying,87.8,42.9,7.0,81.4,23.1,83.6,57.5,Silvertop-a,Mixed
Emptying,93.7,42.1,7.0,84.2,43.7,79.3,42.7,Rectangular Farmland,Recyclable
Emptying,66.2,29.1,9.0,79.8,30.0,93.6,55.5,Cubic,Recyclable
Emptying,88.6,49.1,6.0,87.0,51.2,81.3,57.0,Fiberglass Igloo-a,Mixed
Emptying,98.1,33.2,8.0,66.0,41.3,60.6,54.3,Malmobehallare,Recyclable
Non Emptying,63.5,32.9,4.0,64.0,52.3,36.9,52.8,Malmobehallare,Mixed
Non Emptying,50.1,67.4,5.0,76.2,24.8,54.1,53.3,Accordion,Recyclable
Non Emptying,57.1,32.4,4.0,67.7,59.0,66.5,54.0,Fiberglass Igloo-a,Mixed
Emptying,89.1,41.6,6.0,73.5,45.8,66.3,57.0,Silvertop-b,Recyclable
Non Emptying,30.3,64.2,3.0,34.6,57.9,60.2,62.9,Lindstrom City,Non Recyclable
Non Emptying,31.7,56.1,1.0,60.0,53.8,36.1,36.4,Rectangular Farmland,Mixed
Non Emptying,56.1,59.0,2.0,68.7,54.9,34.6,50.6,Rectangular,Recyclable
Non Emptying,55.7,54.6,1.0,38.2,34.2,72.8,28.9,Accordion,Mixed
Non Emptying,74.0,53.2,3.0,66.1,67.5,74.6,51.1,Rectangular Farmland,Recyclable
Emptying,86.3,41.1,7.0,94.3,69.5,64.0,23.3,Fiberglass Igloo-b,Recyclable
Non Emptying,75.7,36.3,2.0,58.9,36.2,70.5,37.4,Accordion,Recyclable
Emptying,62.3,46.0,6.0,65.7,47.7,94.7,39.7,Rectangular Farmland,Mixed
Non Emptying,63.2,53.6,2.0,60.4,21.0,63.1,38.6,Lindstrom-a,Non Recyclable
Non Emptying,74.5,20.1,2.0,76.4,50.7,56.2,54.2,Lindstrom-a,Recyclable
Emptying,75.7,42.3,7.0,90.2,37.6,63.1,50.0,Lindstrom-a,Recyclable
Emptying,99.6,42.6,6.0,80.4,65.5,62.6,44.5,Rectangular Farmland,Non Recyclable
Emptying,61.7,41.6,6.0,83.1,37.6,90.9,33.6,Diamond,Non Recyclable
Emptying,86.4,23.3,8.0,62.2,47.4,90.1,47.2,Diamond,Non Recyclable
Non Emptying,53.6,32.3,3.0,53.9,62.4,54.5,31.3,Diamond,Mixed
Non Emptying,60.5,32.0,3.0,34.7,61.1,69.9,56.0,Rectangular,Recyclable
Emptying,83.9,23.5,8.0,92.6,38.9,90.8,40.0,Fiberglass Igloo-a,Non Recyclable
Emptying,74.8,53.8,7.0,63.2,65.5,93.1,56.3,Cubic,Recyclable
Non Emptying,31.1,62.4,2.0,38.1,22.4,36.9,51.3,Rectangular Farmland,Non Recyclable
Non Emptying,52.6,25.4,3.0,61.3,52.2,73.8,22.0,Lindstrom-b,Non Recyclable
Non Emptying,74.6,30.3,4.0,60.7,31.7,64.8,66.3,Silvertop-a,Mixed
Emptying,92.8,50.2,9.0,70.8,42.9,96.6,40.4,Rectangular Farmland,Mixed
Emptying,61.4,50.6,6.0,71.2,64.7,62.9,37.6,Cubic,Recyclable
Emptying,92.1,45.1,7.0,75.5,50.4,83.7,57.8,Fiberglass Igloo-a,Recyclable
Emptying,80.6,38.4,8.0,93.6,47.4,82.1,43.1,Accordion,Recyclable
Emptying,91.3,62.1,8.0,65.5,58.2,98.0,54.8,Cubic,Non Recyclable
Emptying,91.5,37.7,6.0,79.3,43.8,83.2,53.4,Cubic,Recyclable
Emptying,79.3,55.5,8.0,68.7,22.9,88.3,32.6,Malmobehallare,Mixed
Non Emptying,30.8,53.2,2.0,53.4,61.9,63.4,69.0,BIM-3 FTI bottentomd,Mixed
Non Emptying,63.8,33.9,5.0,63.2,32.4,34.2,30.1,Cubic,Mixed
Emptying,80.8,56.3,8.0,85.4,69.8,65.1,45.1,BIM-3 FTI bottentomd,Recyclable
Non Emptying,76.6,28.9,1.0,51.3,51.3,77.0,25.2,Silvertop-a,Mixed
Non Emptying,69.4,51.4,4.0,72.0,21.6,32.4,64.6,Cubic,Recyclable
Non Emptying,79.5,27.5,3.0,64.9,60.7,33.0,35.1,Diamond,Mixed
Non Emptying,61.0,38.9,2.0,33.1,35.1,63.0,30.8,Silvertop-a,Mixed
Emptying,93.2,59.7,6.0,80.9,53.5,80.9,54.2,Lindstrom City,Recyclable
Emptying,80.8,34.5,8.0,92.9,51.5,99.8,53.6,Fiberglass Igloo-b,Mixed
Emptying,61.8,57.0,9.0,95.1,61.9,97.4,20.8,Cubic,Recyclable
Non Emptying,61.2,36.5,5.0,34.4,51.8,73.1,61.3,Rectangular,Recyclable
Non Emptying,51.1,35.1,5.0,78.0,33.0,66.7,68.1,Accordion,Recyclable
Emptying,70.2,39.4,6.0,81.5,66.3,63.7,33.1,Lindstrom City,Mixed
Non Emptying,57.8,25.5,5.0,51.9,21.7,71.1,63.3,BIM-3 FTI bottentomd,Non Recyclable
Non Emptying,52.6,53.8,1.0,64.0,38.6,53.9,54.3,BIM-3 FTI bottentomd,Non Recyclable
Non Emptying,71.1,56.3,3.0,55.6,50.4,64.7,58.4,Fiberglass Igloo-b,Recyclable
Emptying,84.2,68.2,9.0,81.8,40.2,93.9,54.8,Silvertop-b,Mixed
Non Emptying,63.7,32.8,4.0,59.2,67.6,62.0,54.1,Lindstrom City,Recyclable
Emptying,90.8,34.0,9.0,75.5,28.6,95.7,40.9,Lindstrom-a,Non Recyclable
Emptying,92.0,54.7,7.0,85.4,45.5,70.4,67.8,Fiberglass Igloo-b,Non Recyclable
Emptying,81.4,50.8,8.0,92.3,20.8,89.3,42.0,Rectangular Farmland,Non Recyclable
Emptying,81.7,45.3,6.0,77.1,33.0,66.2,47.8,Fiberglass Igloo-b,Non Recyclable
Non Emptying,70.8,37.3,5.0,31.4,60.7,37.8,53.2,Rectangular,Non Recyclable
Emptying,89.7,35.8,9.0,73.0,55.9,86.4,26.8,Silvertop-b,Mixed
Non Emptying,71.5,31.5,2.0,33.2,37.3,67.7,24.1,Fiberglass Igloo-b,Recyclable
Non Emptying,52.1,68.1,5.0,53.8,63.9,60.1,37.3,BIM-3 FTI bottentomd,Mixed
Emptying,80.2,59.9,6.0,76.2,33.2,71.8,35.5,Rectangular,Mixed
Emptying,83.3,43.4,8.0,96.1,68.0,89.4,43.5,Fiberglass Igloo-b,Mixed
Emptying,64.6,46.9,9.0,94.3,46.0,63.8,41.8,Fiberglass Igloo-b,Mixed
Emptying,61.9,58.6,6.0,87.9,44.0,90.4,40.7,BIM-3 FTI bottentomd,Recyclable
Non Emptying,64.9,65.0,4.0,62.1,57.7,53.6,27.2,Silvertop-b,Recyclable
Non Emptying,69.6,56.1,4.0,55.7,54.7,67.6,58.6,Cubic,Recyclable
Emptying,60.7,24.0,9.0,95.8,50.4,81.3,41.7,Silvertop-a,Recyclable
Emptying,90.9,43.1,7.0,98.6,45.3,86.2,67.9,Lindstrom-b,Non Recyclable
Emptying,78.5,40.0,7.0,63.0,46.6,73.6,37.3,Rectangular Farmland,Mixed
Non Emptying,37.0,53.4,4.0,75.9,52.6,30.6,62.0,Rectangular,Non Recyclable
Non Emptying,62.7,23.6,4.0,77.5,51.4,53.7,56.8,Fiberglass Igloo-b,Non Recyclable
Emptying,89.5,54.4,9.0,76.0,57.8,61.8,64.0,BIM-3 FTI bottentomd,Recyclable
Emptying,77.6,32.0,6.0,91.1,49.8,94.7,50.7,Lindstrom City,Non Recyclable
Emptying,64.8,53.8,6.0,80.5,41.4,91.8,59.9,Rectangular Farmland,Non Recyclable
Emptying,91.2,53.5,6.0,61.9,22.5,98.7,53.8,Rectangular Farmland,Mixed
Emptying,85.2,43.9,8.0,94.0,32.5,92.3,21.9,Accordion,Mixed
Emptying,84.6,54.4,6.0,77.9,48.0,89.0,41.5,Lindstrom City,Recyclable
Non Emptying,36.8,37.9,2.0,69.7,54.4,60.3,61.0,Lindstrom-a,Non Recyclable
Emptying,97.8,52.2,8.0,92.8,48.2,88.4,35.3,Malmobehallare,Mixed
Non Emptying,73.9,52.6,5.0,55.3,68.4,74.3,37.0,Accordion,Mixed
Non Emptying,36.7,51.1,2.0,65.0,34.1,34.5,25.2,Fiberglass Igloo-a,Non Recyclable
Emptying,97.9,50.5,6.0,90.9,45.9,80.4,30.9,Rectangular,Mixed
Emptying,92.0,33.4,7.0,80.0,34.4,93.3,43.1,Silvertop-b,Mixed
Emptying,99.3,53.5,6.0,99.0,52.8,76.8,41.5,Lindstrom-a,Non Recyclable
Non Emptying,32.7,35.3,5.0,78.4,52.8,61.2,25.5,Lindstrom City,Mixed
Non Emptying,52.6,56.1,5.0,56.0,23.3,63.5,24.6,Lindstrom-a,Recyclable
Non Emptying,76.3,61.5,4.0,63.0,67.0,72.7,51.5,Diamond,Non Recyclable
Non Emptying,57.6,31.8,1.0,71.1,36.7,50.8,33.4,Fiberglass Igloo-a,Recyclable
Non Emptying,67.4,36.2,1.0,54.2,26.0,67.7,53.8,Accordion,Recyclable
Emptying,62.6,36.8,6.0,67.4,32.9,60.2,30.5,Silvertop-b,Mixed
Emptying,73.3,46.1,6.0,97.5,20.2,85.9,49.1,Malmobehallare,Mixed
Non Emptying,57.7,58.7,3.0,30.4,30.5,54.1,67.4,Malmobehallare,Mixed
Non Emptying,65.0,57.1,5.0,72.9,66.8,68.0,53.0,Lindstrom-b,Mixed
Non Emptying,76.0,32.2,4.0,67.8,28.4,62.5,24.5,Fiberglass Igloo-a,Non Recyclable
Emptying,74.8,22.7,7.0,96.6,58.5,62.9,36.1,Fiberglass Igloo-b,Recyclable
Emptying,87.7,33.3,7.0,83.6,35.1,82.4,57.1,Fiberglass Igloo-b,Recyclable
Non Emptying,72.4,62.4,4.0,30.4,56.7,53.6,53.9,Diamond,Mixed
Non Emptying,32.3,56.2,2.0,60.7,35.1,64.1,38.9,Rectangular,Non Recyclable
Non Emptying,70.0,38.3,4.0,63.9,55.3,65.7,36.4,Silvertop-b,Mixed
Non Emptying,37.6,50.2,2.0,69.6,51.2,72.4,53.8,Lindstrom City,Non Recyclable
Emptying,90.8,70.0,6.0,85.1,21.3,91.7,36.7,Fiberglass Igloo-b,Mixed
Non Emptying,51.6,26.5,2.0,30.8,58.4,66.3,34.0,Rectangular,Recyclable
Emptying,72.2,50.8,9.0,96.4,60.7,99.7,56.6,Silvertop-a,Mixed
Emptying,91.9,46.2,9.0,79.6,40.9,83.6,56.2,Rectangular,Non Recyclable
Emptying,83.5,56.8,6.0,81.1,45.4,80.0,36.0,Lindstrom City,Mixed
Non Emptying,59.5,54.5,5.0,31.0,64.4,55.2,20.0,Lindstrom City,Non Recyclable
Emptying,89.9,38.4,8.0,93.4,30.9,83.0,44.6,Malmobehallare,Non Recyclable
Non Emptying,55.8,53.6,4.0,32.3,35.8,70.5,35.3,Rectangular Farmland,Mixed
Emptying,96.0,59.5,6.0,70.1,65.7,70.2,32.2,Fiberglass Igloo-a,Recyclable
Non Emptying,52.6,61.7,2.0,52.3,31.5,39.5,35.1,Diamond,Non Recyclable
Emptying,100.0,49.1,9.0,82.7,67.1,88.8,28.9,Silvertop-b,Recyclable
Emptying,88.9,53.1,7.0,86.5,33.7,81.0,57.3,BIM-3 FTI bottentomd,Non Recyclable
Emptying,90.0,41.0,6.0,91.5,43.5,97.2,69.6,Malmobehallare,Non Recyclable
Emptying,80.1,63.0,8.0,87.4,69.8,81.8,21.8,Lindstrom City,Non Recyclable
Non Emptying,31.9,37.8,4.0,67.9,52.1,70.0,35.2,Fiberglass Igloo-b,Mixed
Emptying,96.7,65.6,6.0,79.0,29.6,74.0,40.5,Fiberglass Igloo-a,Mixed
Non Emptying,68.6,52.3,1.0,62.4,60.6,54.6,50.2,Accordion,Recyclable
Emptying,99.8,21.1,8.0,86.8,27.9,97.5,46.6,Silvertop-b,Recyclable
Non Emptying,60.8,65.5,2.0,32.3,64.8,68.2,34.7,Accordion,Recyclable
Non Emptying,55.5,32.9,1.0,54.0,23.5,53.2,37.6,Silvertop-a,Non Recyclable
Emptying,97.0,47.5,6.0,61.1,63.7,61.6,53.8,Fiberglass Igloo-a,Mixed
Emptying,90.8,53.9,6.0,90.5,55.4,80.2,53.4,Lindstrom-a,Non Recyclable
Non Emptying,62.5,21.1,5.0,64.8,30.2,73.6,38.9,Lindstrom-a,Mixed
Non Emptying,77.7,21.4,5.0,31.5,35.6,58.3,57.8,Lindstrom City,Mixed
Non Emptying,37.2,30.9,1.0,50.5,27.3,64.2,53.4,Lindstrom-a,Mixed
Emptying,83.7,64.3,6.0,66.2,44.4,80.1,45.5,Lindstrom City,Non Recyclable
Emptying,64.4,41.3,6.0,81.6,69.3,68.6,33.8,Fiberglass Igloo-a,Recyclable
Emptying,94.5,49.4,7.0,70.4,67.7,70.5,45.9,Silvertop-b,Mixed
Emptying,73.6,44.4,9.0,80.7,24.6,82.8,46.5,Silvertop-a,Non Recyclable
Non Emptying,34.6,23.9,4.0,54.8,67.1,62.8,32.4,Fiberglass Igloo-a,Mixed
Non Emptying,66.0,38.5,1.0,70.6,52.8,66.1,30.6,Rectangular Farmland,Non Recyclable
Emptying,94.1,42.7,8.0,95.3,58.4,82.5,57.8,Rectangular Farmland,Non Recyclable
Non Emptying,79.4,64.8,3.0,33.9,34.8,39.2,31.1,Cubic,Non Recyclable
Non Emptying,57.2,34.8,2.0,50.5,35.4,58.0,51.9,Cubic,Non Recyclable
Emptying,87.1,54.5,8.0,97.9,45.6,67.9,27.0,Cubic,Recyclable
Emptying,83.7,51.8,7.0,81.2,34.6,96.0,58.4,Malmobehallare,Mixed
Emptying,61.2,55.0,6.0,96.7,43.8,82.0,35.7,Fiberglass Igloo-b,Recyclable
Non Emptying,72.6,65.6,2.0,54.1,59.0,62.7,33.2,Fiberglass Igloo-a,Recyclable
Emptying,71.9,43.2,6.0,86.9,24.8,92.9,46.8,Silvertop-b,Mixed
Emptying,91.1,57.4,7.0,93.9,43.0,93.4,63.3,Diamond,Non Recyclable
Emptying,88.4,55.8,7.0,74.2,24.6,92.8,37.4,Accordion,Non Recyclable
Emptying,72.8,39.1,8.0,94.0,53.0,89.0,45.7,Accordion,Non Recyclable
Non Emptying,35.6,21.8,2.0,60.7,56.1,51.1,36.5,Rectangular Farmland,Mixed
Non Emptying,40.0,20.0,2.0,86.6,41.7,92.1,69.2,Lindstrom City,Non Recyclable
Emptying,95.2,53.4,7.0,88.5,44.8,51.2,32.0,Malmobehallare,Mixed
Emptying,91.4,66.7,9.0,99.3,60.1,40.0,23.3,Lindstrom-a,Recyclable
Non Emptying,76.8,61.0,4.0,34.9,21.1,88.6,50.4,Diamond,Recyclable
Non Emptying,61.8,50.9,3.0,61.8,39.0,57.5,30.1,Fiberglass Igloo-a,Mixed
Non Emptying,56.9,34.5,2.0,95.3,53.5,73.3,40.9,Lindstrom City,Mixed
Non Emptying,73.7,60.7,4.0,63.1,21.0,94.5,60.3,Silvertop-a,Non Recyclable
Non Emptying,73.8,67.3,5.0,68.8,51.0,67.9,55.9,BIM-3 FTI bottentomd,Mixed
Non Emptying,58.5,31.8,1.0,63.5,28.3,89.8,50.1,Lindstrom City,Recyclable
Emptying,80.5,48.1,6.0,63.8,34.2,69.5,56.1,Malmobehallare,Recyclable
Non Emptying,58.0,33.2,4.0,71.9,66.4,66.6,54.9,Malmobehallare,Recyclable
Emptying,65.4,21.9,8.0,53.8,34.0,93.3,68.7,Silvertop-a,Non Recyclable
Non Emptying,59.9,30.8,3.0,73.7,60.1,54.7,34.6,Silvertop-a,Non Recyclable
Non Emptying,51.4,31.1,2.0,96.7,56.1,37.7,22.2,Accordion,Mixed
Emptying,69.3,30.3,6.0,78.2,31.5,63.5,57.1,Rectangular Farmland,Recyclable
Emptying,61.5,33.8,8.0,34.5,27.4,61.0,55.4,Lindstrom-a,Non Recyclable
Emptying,63.3,26.8,6.0,64.1,58.0,65.5,20.1,Rectangular,Non Recyclable
Non Emptying,54.4,36.6,3.0,39.2,22.4,99.9,66.4,BIM-3 FTI bottentomd,Recyclable
Non Emptying,69.7,52.8,2.0,32.1,25.8,54.8,30.3,Silvertop-a,Mixed
Emptying,74.4,44.7,7.0,53.8,35.7,77.3,67.2,Diamond,Non Recyclable
Emptying,65.4,25.0,9.0,67.3,57.7,63.3,50.9,Fiberglass Igloo-b,Recyclable
Non Emptying,64.9,55.0,1.0,80.2,48.2,78.8,62.1,Fiberglass Igloo-b,Non Recyclable
Emptying,63.5,23.9,7.0,89.1,58.2,92.8,68.1,BIM-3 FTI bottentomd,Non Recyclable
Non Emptying,39.3,28.7,1.0,93.1,62.3,60.9,27.6,BIM-3 FTI bottentomd,Non Recyclable
Emptying,89.4,43.0,8.0,62.3,20.2,36.2,24.5,Diamond,Recyclable
Non Emptying,60.7,51.4,4.0,67.2,39.4,91.3,63.6,Rectangular Farmland,Recyclable
Emptying,84.4,46.6,6.0,70.0,46.0,62.2,21.2,Fiberglass Igloo-b,Mixed
Non Emptying,73.1,68.2,5.0,56.1,30.9,73.4,66.5,Malmobehallare,Mixed
Emptying,88.3,56.9,7.0,54.8,35.9,38.9,26.5,Rectangular Farmland,Recyclable
Emptying,76.7,42.7,9.0,54.8,34.1,65.4,20.3,Fiberglass Igloo-a,Mixed
Emptying,60.9,24.5,8.0,63.2,27.9,31.6,22.3,Accordion,Non Recyclable
Non Emptying,54.6,34.0,3.0,60.2,58.8,60.6,31.3,Lindstrom-a,Non Recyclable
Non Emptying,73.6,66.7,3.0,96.5,50.7,71.8,39.4,Rectangular,Mixed
Non Emptying,63.8,54.8,5.0,72.2,64.6,59.6,38.8,Lindstrom City,Mixed
Emptying,71.0,43.2,6.0,65.5,28.4,52.5,30.1,Fiberglass Igloo-a,Non Recyclable
Emptying,85.1,40.4,6.0,62.7,21.8,91.5,54.3,Fiberglass Igloo-a,Non Recyclable
Emptying,80.2,50.6,8.0,65.3,54.2,99.0,55.0,Fiberglass Igloo-b,Non Recyclable
Non Emptying,69.1,52.2,1.0,59.3,30.8,75.0,36.0,Silvertop-a,Mixed
Non Emptying,70.3,67.4,2.0,31.9,26.8,83.0,54.3,Rectangular,Mixed
Non Emptying,69.8,58.9,5.0,87.5,40.5,89.2,44.6,BIM-3 FTI bottentomd,Recyclable
Non Emptying,35.9,20.4,1.0,96.0,54.4,78.9,66.4,Lindstrom-b,Mixed
Non Emptying,66.4,54.5,1.0,64.0,29.5,62.1,55.4,Silvertop-b,Recyclable
Non Emptying,31.4,25.0,4.0,33.5,28.1,68.0,51.2,Accordion,Non Recyclable
Emptying,73.0,39.6,8.0,52.3,35.6,81.8,50.3,Lindstrom-a,Mixed
Non Emptying,71.4,63.4,2.0,88.8,48.1,88.5,57.4,Diamond,Recyclable
Emptying,61.4,21.2,6.0,38.6,20.4,39.8,26.3,Silvertop-a,Recyclable
Non Emptying,70.2,66.4,1.0,77.7,68.3,62.9,55.7,Malmobehallare,Recyclable
Non Emptying,50.7,38.9,2.0,30.5,20.0,66.6,57.2,BIM-3 FTI bottentomd,Recyclable
Non Emptying,78.2,63.7,2.0,64.0,22.7,68.9,50.2,Fiberglass Igloo-a,Non Recyclable
Emptying,80.7,43.0,7.0,62.8,54.4,80.1,50.0,Malmobehallare,Non Recyclable
Non Emptying,74.3,63.9,2.0,69.2,23.8,70.2,66.5,Malmobehallare,Non Recyclable
Emptying,72.5,34.6,8.0,89.4,43.5,62.8,55.0,Fiberglass Igloo-b,Non Recyclable
Emptying,63.6,37.3,8.0,77.8,64.6,99.7,54.6,Lindstrom-b,Recyclable
Non Emptying,63.8,51.0,1.0,80.1,40.6,53.7,35.9,Silvertop-a,Recyclable
Emptying,78.8,46.1,6.0,92.7,60.2,55.9,33.1,Fiberglass Igloo-a,Mixed
Emptying,65.1,25.4,6.0,81.9,55.2,62.9,56.0,Silvertop-b,Mixed
Emptying,62.8,30.4,9.0,71.7,68.2,52.4,33.4,Silvertop-b,Non Recyclable
Emptying,64.8,21.8,6.0,95.8,59.8,88.0,53.5,Fiberglass Igloo-b,Recyclable
Emptying,63.4,28.8,7.0,34.0,22.6,64.3,52.9,Silvertop-a,Non Recyclable
Non Emptying,63.8,53.9,5.0,91.0,63.7,61.7,24.1,Accordion,Mixed
Non Emptying,76.0,60.4,2.0,72.5,65.5,58.7,37.6,Lindstrom-a,Mixed
Emptying,72.7,31.7,9.0,98.6,66.2,37.2,20.8,Accordion,Recyclable
Non Emptying,58.0,31.1,4.0,60.6,25.8,63.9,34.7,Lindstrom City,Mixed
Non Emptying,31.7,20.2,4.0,62.7,52.2,74.0,64.8,Lindstrom City,Mixed
Emptying,97.5,50.2,9.0,78.3,49.9,75.5,61.5,Silvertop-b,Non Recyclable
Emptying,68.3,20.8,7.0,70.1,41.8,66.3,56.0,Accordion,Non Recyclable
Emptying,93.9,62.4,7.0,70.9,48.9,96.3,54.8,Rectangular,Mixed
Emptying,98.4,69.2,9.0,53.2,34.7,69.4,27.9,Rectangular,Non Recyclable
Non Emptying,33.2,23.4,3.0,82.8,40.2,65.1,54.5,BIM-3 FTI bottentomd,Recyclable
Emptying,70.3,46.9,9.0,36.1,20.8,68.8,53.5,Malmobehallare,Non Recyclable
Emptying,72.1,31.9,9.0,69.2,57.4,33.7,23.6,Malmobehallare,Non Recyclable
Non Emptying,72.4,65.1,2.0,72.5,39.1,51.5,34.5,Lindstrom-a,Recyclable
Emptying,86.0,41.4,6.0,75.0,33.3,52.3,35.2,Lindstrom City,Non Recyclable
Emptying,71.5,34.6,8.0,74.2,39.8,76.5,65.3,Silvertop-b,Recyclable
Non Emptying,52.2,34.9,3.0,86.2,41.2,68.4,55.5,Diamond,Recyclable
Emptying,65.8,31.0,9.0,98.9,59.0,73.0,44.1,Accordion,Recyclable
Non Emptying,76.4,62.6,4.0,68.7,34.1,60.5,50.5,BIM-3 FTI bottentomd,Recyclable
Non Emptying,30.9,25.5,2.0,60.1,58.2,65.8,37.3,Silvertop-b,Non Recyclable
Non Emptying,51.2,38.2,4.0,61.3,22.8,66.7,52.9,Fiberglass Igloo-b,Non Recyclable
Emptying,99.5,60.1,8.0,68.4,53.8,71.1,61.3,Malmobehallare,Mixed
Non Emptying,72.9,60.2,5.0,76.6,32.4,80.1,41.8,BIM-3 FTI bottentomd,Non Recyclable
Non Emptying,63.7,56.2,2.0,82.2,41.7,51.0,32.7,Lindstrom-a,Recyclable
Non Emptying,34.7,22.1,2.0,60.7,20.3,82.7,55.5,Lindstrom-b,Recyclable
Non Emptying,61.1,58.5,4.0,66.3,29.7,87.1,59.6,Silvertop-a,Non Recyclable
Emptying,80.4,47.7,9.0,70.2,46.2,98.6,56.3,Diamond,Non Recyclable
Emptying,86.8,51.6,6.0,71.9,62.4,60.7,55.8,Malmobehallare,Recyclable
Non Emptying,38.2,26.8,1.0,90.8,60.4,90.1,50.4,Malmobehallare,Recyclable
Non Emptying,71.8,66.2,1.0,75.6,61.9,73.9,63.8,Accordion,Recyclable
Non Emptying,76.7,65.0,2.0,91.0,64.3,56.7,31.3,Malmobehallare,Non Recyclable
Non Emptying,31.6,24.5,5.0,33.3,22.1,53.6,32.4,Rectangular Farmland,Recyclable
Non Emptying,51.5,38.5,1.0,96.1,51.2,83.9,56.5,BIM-3 FTI bottentomd,Recyclable
Emptying,94.0,50.1,8.0,63.9,53.3,68.1,39.6,Silvertop-a,Recyclable
Emptying,91.0,53.3,6.0,60.9,54.2,97.1,56.9,Lindstrom City,Mixed
Emptying,74.2,50.0,8.0,92.8,55.5,77.2,35.2,Lindstrom-a,Recyclable
Non Emptying,39.8,28.1,1.0,94.3,54.7,81.0,58.4,Cubic,Non Recyclable
Emptying,93.7,67.8,7.0,68.7,58.6,94.4,64.1,Cubic,Non Recyclable
Non Emptying,52.6,33.8,5.0,68.7,55.4,64.1,30.4,Malmobehallare,Non Recyclable
Non Emptying,54.0,36.9,2.0,58.8,37.9,70.9,68.3,Malmobehallare,Non Recyclable
Non Emptying,54.2,31.7,1.0,33.6,26.7,60.8,30.6,Silvertop-b,Mixed
Non Emptying,61.6,52.3,4.0,91.2,54.7,73.7,48.5,Rectangular,Non Recyclable
Emptying,74.7,30.6,6.0,75.4,63.2,64.7,31.0,Silvertop-a,Recyclable
Non Emptying,32.6,24.3,3.0,58.3,39.0,54.1,31.3,BIM-3 FTI bottentomd,Mixed
Emptying,64.2,29.1,6.0,73.1,35.2,76.5,31.6,Rectangular,Non Recyclable
Emptying,90.4,68.8,8.0,64.8,51.6,81.0,51.7,Rectangular,Mixed
Non Emptying,77.0,60.0,5.0,80.0,45.8,87.8,53.9,Cubic,Non Recyclable
Non Emptying,52.8,35.6,1.0,71.3,38.5,80.3,42.0,Silvertop-b,Non Recyclable
Emptying,74.0,33.5,6.0,63.3,56.1,61.9,37.1,Cubic,Mixed
Emptying,91.1,65.3,7.0,90.4,56.3,38.0,24.3,Fiberglass Igloo-b,Recyclable
Emptying,85.9,43.6,9.0,39.1,23.2,79.7,42.1,Cubic,Mixed
Non Emptying,67.2,57.9,5.0,82.7,48.3,98.6,52.3,Malmobehallare,Non Recyclable
Non Emptying,37.3,20.1,5.0,94.5,61.6,63.4,22.6,Fiberglass Igloo-b,Recyclable
Non Emptying,71.2,66.2,3.0,63.4,55.2,83.6,40.3,BIM-3 FTI bottentomd,Non Recyclable
Non Emptying,79.7,69.0,3.0,51.9,30.4,81.8,55.0,Lindstrom-a,Recyclable
Emptying,81.4,52.7,6.0,62.1,39.3,60.7,58.3,Malmobehallare,Recyclable
Emptying,62.3,20.6,6.0,61.9,57.9,79.7,30.0,Lindstrom-a,Non Recyclable
Non Emptying,35.2,23.5,4.0,71.2,47.2,57.5,32.7,Lindstrom-b,Non Recyclable
Non Emptying,60.5,55.5,4.0,77.9,65.0,72.8,39.7,Silvertop-b,Non Recyclable
Emptying,72.0,43.9,6.0,60.9,50.0,81.2,41.2,Diamond,Non Recyclable
Non Emptying,76.6,61.5,4.0,58.4,31.0,62.8,34.5,Malmobehallare,Mixed
Emptying,68.5,24.2,7.0,89.6,54.0,59.0,37.2,Rectangular,Mixed
Emptying,84.3,47.6,9.0,76.4,64.8,69.5,21.6,Fiberglass Igloo-b,Mixed
Emptying,74.7,44.4,6.0,72.9,42.1,68.5,54.8,Rectangular Farmland,Mixed
Non Emptying,50.6,30.6,4.0,77.7,38.9,98.9,50.1,Silvertop-b,Mixed
Non Emptying,53.0,34.3,4.0,70.6,34.6,74.2,61.9,Lindstrom City,Mixed
Emptying,90.9,68.3,9.0,69.6,53.6,71.3,44.3,Diamond,Mixed
Non Emptying,79.3,66.8,5.0,63.9,20.7,33.3,25.2,Lindstrom City,Mixed
Non Emptying,31.5,23.6,4.0,84.3,40.4,90.4,62.6,Lindstrom-b,Mixed
Emptying,97.6,54.5,8.0,73.8,60.3,71.1,49.6,Fiberglass Igloo-a,Recyclable
Non Emptying,75.5,68.9,5.0,51.0,35.3,33.8,23.5,Lindstrom-a,Non Recyclable
Non Emptying,71.2,60.2,1.0,72.6,40.5,70.4,40.2,Cubic,Mixed
Emptying,78.9,32.8,6.0,52.7,34.6,68.7,39.8,Silvertop-a,Non Recyclable
Non Emptying,35.2,20.5,2.0,86.1,53.9,72.0,34.8,Cubic,Non Recyclable
Non Emptying,57.5,30.0,4.0,81.7,47.4,82.5,41.6,Cubic,Recyclable
Non Emptying,58.4,31.2,4.0,75.2,30.9,76.1,62.2,Lindstrom-b,Recyclable
Emptying,78.9,40.0,9.0,60.1,58.7,38.3,23.9,Fiberglass Igloo-b,Non Recyclable
Non Emptying,55.6,31.1,3.0,31.9,28.6,84.5,48.2,Lindstrom-b,Non Recyclable
Non Emptying,66.3,55.2,4.0,62.2,54.9,72.9,64.7,Silvertop-b,Mixed
Non Emptying,62.3,55.9,3.0,67.6,53.5,55.1,36.8,Rectangular Farmland,Mixed
Emptying,78.2,48.2,6.0,73.3,38.1,78.8,36.4,BIM-3 FTI bottentomd,Recyclable
Non Emptying,73.2,61.7,4.0,75.7,33.2,93.0,67.0,Fiberglass Igloo-a,Non Recyclable
Non Emptying,30.9,23.8,5.0,70.9,66.7,72.6,60.4,Rectangular Farmland,Non Recyclable
Emptying,62.6,28.4,6.0,57.1,33.5,92.4,66.9,Accordion,Recyclable
Emptying,90.1,65.9,7.0,39.6,25.0,64.3,51.7,Rectangular,Recyclable
Non Emptying,62.7,51.1,5.0,72.0,63.9,66.1,36.9,Rectangular Farmland,Mixed
Non Emptying,53.4,37.9,1.0,91.9,68.3,75.7,63.5,Diamond,Recyclable
Emptying,100.0,65.4,6.0,30.6,26.8,76.8,66.6,Rectangular Farmland,Non Recyclable
Non Emptying,56.0,35.3,4.0,55.1,31.1,31.3,21.4,Malmobehallare,Recyclable
Emptying,60.6,23.1,7.0,81.8,43.8,60.5,50.4,Lindstrom-a,Recyclable
Emptying,94.7,55.8,9.0,60.3,26.7,31.6,25.6,Lindstrom-b,Mixed
Non Emptying,54.2,33.6,5.0,77.6,68.8,65.8,23.4,Rectangular Farmland,Mixed
Non Emptying,75.3,62.0,3.0,96.8,59.1,74.9,64.5,Accordion,Mixed
Non Emptying,70.6,62.1,1.0,60.0,34.5,69.0,30.2,Lindstrom-b,Non Recyclable
Non Emptying,61.7,58.8,1.0,65.6,33.8,74.1,65.1,Cubic,Non Recyclable
Non Emptying,61.3,54.1,3.0,85.6,41.0,84.9,40.8,Accordion,Non Recyclable
Emptying,62.1,20.4,9.0,61.1,31.2,70.8,60.4,Accordion,Mixed
Emptying,77.3,32.9,7.0,67.0,54.6,52.1,31.9,Silvertop-b,Non Recyclable
Non Emptying,64.7,54.7,3.0,60.6,23.4,34.2,26.1,Silvertop-b,Recyclable
Emptying,61.3,35.8,9.0,65.9,55.4,58.4,33.8,Lindstrom City,Non Recyclable
Emptying,68.8,35.1,7.0,76.1,33.5,58.6,32.7,Lindstrom City,Non Recyclable
Non Emptying,38.8,24.8,2.0,73.6,67.9,50.4,35.1,Silvertop-b,Non Recyclable
Emptying,83.4,44.5,6.0,74.8,68.7,50.8,34.1,Accordion,Mixed
Non Emptying,59.8,36.5,3.0,71.4,47.1,60.2,22.5,Silvertop-b,Mixed
Non Emptying,31.2,23.8,1.0,67.5,56.6,70.0,35.3,Rectangular,Mixed
Emptying,91.3,60.9,7.0,81.5,51.0,80.7,44.8,Rectangular,Recyclable
Emptying,75.0,40.9,6.0,90.3,53.6,68.8,37.4,Cubic,Recyclable
Emptying,93.7,54.5,9.0,69.1,56.6,67.7,50.5,Silvertop-b,Mixed
Non Emptying,51.0,31.8,1.0,77.0,62.5,39.1,24.9,Lindstrom-a,Mixed
Emptying,97.3,57.8,7.0,92.6,61.8,62.8,36.3,Lindstrom City,Recyclable
Non Emptying,51.2,37.5,3.0,82.7,42.6,51.7,37.3,Diamond,Non Recyclable
Emptying,61.9,21.1,8.0,75.9,44.9,68.9,21.3,Lindstrom-b,Non Recyclable
Emptying,91.5,54.4,7.0,89.5,58.3,61.4,50.2,Cubic,Mixed
Emptying,92.5,67.1,6.0,93.3,62.5,91.9,68.9,Accordion,Recyclable
Non Emptying,39.4,25.2,5.0,51.3,33.8,32.3,23.7,Cubic,Recyclable
Non Emptying,32.8,21.1,2.0,73.1,47.8,71.4,65.2,Silvertop-a,Mixed
Emptying,93.4,53.2,7.0,92.4,60.9,99.9,54.8,Malmobehallare,Recyclable
Non Emptying,51.8,37.7,4.0,76.2,64.5,68.2,57.6,Lindstrom-a,Non Recyclable
Non Emptying,77.5,66.6,4.0,81.0,48.4,86.1,48.5,Silvertop-b,Recyclable
Emptying,66.1,29.9,7.0,83.0,50.7,78.4,64.1,Silvertop-a,Non Recyclable
Non Emptying,62.6,55.1,5.0,75.3,31.4,60.2,32.7,BIM-3 FTI bottentomd,Non Recyclable
Emptying,94.2,51.9,9.0,64.0,57.1,68.2,24.0,Lindstrom-b,Recyclable
Non Emptying,52.9,31.0,2.0,61.4,58.8,77.7,64.0,Rectangular,Recyclable
Emptying,95.0,64.6,8.0,56.8,30.0,30.6,25.3,Cubic,Recyclable
Emptying,61.2,31.5,6.0,92.5,67.3,94.9,68.5,Silvertop-b,Non Recyclable
Non Emptying,36.1,26.5,3.0,36.8,24.5,81.4,56.1,Rectangular Farmland,Recyclable
Emptying,95.5,61.7,9.0,70.4,64.6,85.2,56.6,Cubic,Recyclable
Non Emptying,79.4,65.9,4.0,96.3,52.0,63.8,51.5,Lindstrom-b,Recyclable
Emptying,65.2,39.9,6.0,55.8,31.9,54.4,34.4,Accordion,Mixed
Emptying,90.9,63.7,9.0,57.3,38.8,68.2,27.3,Cubic,Non Recyclable
Non Emptying,35.5,28.8,4.0,61.8,27.2,72.7,61.7,Silvertop-a,Mixed
Emptying,74.4,32.3,6.0,75.6,65.4,83.4,43.1,BIM-3 FTI bottentomd,Non Recyclable
Emptying,84.5,40.1,7.0,71.1,61.9,35.4,24.2,Silvertop-a,Non Recyclable
Non Emptying,51.4,34.5,4.0,91.6,67.9,31.6,22.7,Lindstrom-b,Non Recyclable
Non Emptying,50.9,36.0,1.0,94.0,60.0,74.7,41.5,Rectangular Farmland,Non Recyclable
Emptying,94.5,53.1,6.0,50.7,38.0,50.2,34.8,BIM-3 FTI bottentomd,Mixed
Non Emptying,34.7,24.0,2.0,92.0,66.3,33.4,20.5,Fiberglass Igloo-a,Recyclable
Emptying,98.1,56.4,6.0,77.3,64.9,53.5,37.5,Silvertop-a,Mixed
Non Emptying,52.7,33.5,1.0,33.0,20.7,50.0,31.0,Lindstrom City,Mixed
Non Emptying,53.5,33.8,4.0,68.0,50.6,77.3,40.7,Fiberglass Igloo-a,Non Recyclable
Emptying,70.2,30.1,7.0,93.8,50.6,74.7,45.2,Lindstrom-a,Recyclable
Non Emptying,74.4,68.0,2.0,76.9,38.0,83.4,59.9,Lindstrom-a,Non Recyclable
Non Emptying,57.2,30.7,3.0,81.2,54.9,71.2,64.2,Diamond,Mixed
Emptying,85.4,44.2,6.0,61.6,56.3,87.2,53.6,Accordion,Recyclable
Emptying,92.1,53.9,6.0,98.5,51.6,51.6,37.3,Diamond,Recyclable
Non Emptying,31.7,24.4,2.0,69.6,27.0,54.6,34.3,Lindstrom-b,Recyclable
Emptying,71.7,34.7,8.0,70.0,33.7,34.9,20.9,Fiberglass Igloo-a,Recyclable
Emptying,64.4,30.6,8.0,61.9,26.6,73.5,60.7,Rectangular,Non Recyclable
Non Emptying,56.4,31.3,1.0,32.4,25.1,92.2,61.5,Fiberglass Igloo-a,Mixed
Non Emptying,72.9,66.5,1.0,79.1,40.7,67.4,54.2,Lindstrom-b,Recyclable
Emptying,72.3,31.6,7.0,32.6,27.3,75.8,63.4,BIM-3 FTI bottentomd,Non Recyclable
Emptying,64.3,39.7,7.0,81.1,49.4,64.7,27.4,Fiberglass Igloo-a,Non Recyclable
Non Emptying,73.9,63.0,4.0,92.6,64.5,91.3,62.7,Rectangular Farmland,Mixed
Non Emptying,54.1,34.0,1.0,76.3,36.5,83.2,46.3,Silvertop-a,Non Recyclable
Non Emptying,64.8,50.6,5.0,79.8,66.6,92.1,63.7,Rectangular,Mixed
Non Emptying,62.6,55.3,3.0,86.8,41.2,76.7,43.3,Fiberglass Igloo-a,Recyclable
Emptying,99.0,60.0,8.0,65.2,25.1,77.8,61.2,Diamond,Non Recyclable
Emptying,91.3,56.3,6.0,70.6,65.1,31.8,22.5,Silvertop-a,Recyclable
Non Emptying,60.4,52.5,2.0,64.9,55.1,71.2,49.0,Silvertop-a,Recyclable
Emptying,61.2,36.8,6.0,31.3,24.1,96.8,54.1,Silvertop-a,Mixed
Emptying,88.4,58.0,9.0,32.7,22.3,64.5,20.4,Lindstrom-a,Non Recyclable
Emptying,94.9,56.9,6.0,71.3,42.6,58.0,33.3,Rectangular Farmland,Recyclable
Emptying,83.1,56.4,8.0,52.6,31.2,63.6,55.6,Lindstrom City,Recyclable
Non Emptying,31.2,23.0,2.0,30.7,24.3,34.7,24.0,Fiberglass Igloo-b,Non Recyclable
Emptying,67.6,22.2,9.0,32.9,27.7,71.0,33.0,Silvertop-a,Recyclable
Non Emptying,66.2,50.3,1.0,55.6,31.4,61.9,54.8,Silvertop-b,Mixed
Emptying,74.3,40.7,9.0,60.1,38.0,70.4,38.6,Lindstrom City,Non Recyclable
Emptying,79.4,33.8,6.0,31.8,24.2,60.1,29.9,Fiberglass Igloo-a,Mixed
Non Emptying,77.3,64.1,5.0,61.5,22.3,51.4,39.0,Fiberglass Igloo-a,Non Recyclable
Non Emptying,76.3,63.3,3.0,82.6,57.6,39.3,28.5,Cubic,Recyclable
Non Emptying,30.6,24.8,5.0,31.5,25.9,65.7,26.2,Fiberglass Igloo-a,Mixed
Non Emptying,38.6,21.8,4.0,71.4,66.3,81.1,44.1,Silvertop-a,Non Recyclable
Non Emptying,66.0,53.6,2.0,70.4,46.3,80.5,57.6,Silvertop-b,Mixed
Non Emptying,50.5,36.7,2.0,65.8,39.6,83.6,42.5,Lindstrom-a,Non Recyclable
Emptying,62.5,20.9,6.0,63.5,50.5,86.9,51.3,Fiberglass Igloo-a,Mixed
Emptying,80.5,51.4,7.0,68.3,35.4,70.1,39.5,Accordion,Non Recyclable
Non Emptying,37.8,24.2,5.0,71.4,33.1,93.2,51.6,Lindstrom-a,Non Recyclable
Emptying,93.0,51.5,7.0,87.6,42.8,38.5,25.3,Fiberglass Igloo-b,Recyclable
Non Emptying,73.7,67.7,5.0,96.5,55.9,62.3,24.5,Fiberglass Igloo-b,Recyclable
Non Emptying,63.3,55.7,1.0,99.8,63.1,63.1,54.1,BIM-3 FTI bottentomd,Non Recyclable
Non Emptying,39.7,25.2,1.0,70.2,64.8,88.8,43.3,Accordion,Non Recyclable
Non Emptying,60.4,56.0,4.0,74.1,60.4,58.7,36.5,Fiberglass Igloo-a,Mixed
Emptying,92.4,56.0,6.0,70.8,38.6,97.4,59.8,Silvertop-a,Mixed
Non Emptying,61.5,56.5,5.0,81.4,56.8,90.5,69.1,Fiberglass Igloo-a,Non Recyclable
Emptying,94.9,52.7,6.0,78.6,65.3,77.8,64.3,BIM-3 FTI bottentomd,Non Recyclable
Emptying,62.4,27.4,6.0,32.2,21.2,70.0,34.5,BIM-3 FTI bottentomd,Non Recyclable
Non Emptying,69.0,53.1,2.0,63.0,33.7,84.6,42.2,Fiberglass Igloo-b,Mixed
Non Emptying,79.9,66.4,1.0,60.7,31.3,81.2,42.0,Diamond,Recyclable
Non Emptying,53.6,32.3,5.0,83.1,54.7,88.2,49.4,Malmobehallare,Mixed
Non Emptying,52.4,34.7,3.0,69.9,28.0,93.1,56.8,Silvertop-b,Non Recyclable
Emptying,60.3,24.8,6.0,91.9,55.6,64.8,35.8,Silvertop-b,Recyclable
Non Emptying,74.2,62.3,5.0,66.3,55.8,98.2,51.7,Accordion,Recyclable
Non Emptying,59.7,33.5,3.0,79.9,46.6,70.6,45.9,Rectangular,Recyclable
Non Emptying,50.5,30.1,2.0,31.9,22.4,31.1,27.2,Diamond,Recyclable
Non Emptying,74.4,63.6,5.0,39.3,21.3,65.9,55.7,Rectangular Farmland,Non Recyclable
Non Emptying,55.4,35.2,3.0,30.0,22.8,64.0,21.4,Lindstrom-b,Mixed
Emptying,63.3,33.4,9.0,77.3,32.8,73.7,36.7,Cubic,Non Recyclable
Non Emptying,73.9,62.9,4.0,30.2,20.1,95.5,66.0,Rectangular Farmland,Recyclable
Non Emptying,30.0,23.3,2.0,58.1,32.5,72.8,66.0,Diamond,Non Recyclable
Emptying,70.6,34.3,9.0,75.9,68.3,88.7,44.2,Lindstrom-b,Mixed
Non Emptying,52.5,30.8,1.0,75.0,32.1,71.7,60.1,Lindstrom City,Recyclable
Emptying,63.1,27.0,6.0,94.2,57.5,79.2,34.8,Lindstrom-a,Non Recyclable
Non Emptying,32.3,25.9,3.0,53.9,32.9,60.7,54.4,Lindstrom-a,Non Recyclable
Non Emptying,78.6,67.2,3.0,82.1,57.0,96.9,61.9,Rectangular Farmland,Recyclable
Emptying,88.6,49.7,6.0,53.4,31.2,72.5,48.6,Silvertop-b,Mixed
Non Emptying,36.0,25.7,2.0,76.5,67.6,85.6,56.7,Malmobehallare,Non Recyclable
Emptying,92.7,66.0,9.0,66.7,58.3,72.4,62.4,Lindstrom City,Mixed
Emptying,82.4,43.4,7.0,68.1,58.0,72.3,49.9,Fiberglass Igloo-a,Mixed
Emptying,80.7,52.0,7.0,94.9,50.5,54.0,31.4,Lindstrom City,Recyclable
Emptying,68.8,38.2,8.0,75.3,63.4,60.6,50.7,Accordion,Mixed
Emptying,78.5,31.0,6.0,71.1,30.1,62.9,51.2,Cubic,Non Recyclable
Non Emptying,66.0,53.8,4.0,60.3,53.8,30.7,26.6,Rectangular,Non Recyclable
Non Emptying,70.6,61.3,2.0,84.9,40.7,70.5,47.5,Lindstrom City,Recyclable
Non Emptying,53.0,33.3,3.0,94.5,53.2,68.6,22.4,Diamond,Mixed
Emptying,92.1,58.9,6.0,58.0,36.8,59.5,38.0,Rectangular,Non Recyclable
Emptying,87.3,44.8,9.0,32.0,22.3,65.9,59.0,Fiberglass Igloo-b,Mixed
Emptying,74.1,32.2,7.0,71.8,61.6,77.7,44.5,Accordion,Non Recyclable
Non Emptying,63.0,56.4,2.0,77.5,30.1,80.0,47.8,Rectangular Farmland,Recyclable
Non Emptying,68.5,54.5,4.0,50.6,31.8,34.7,28.8,Lindstrom City,Non Recyclable
Emptying,89.6,45.8,7.0,32.0,20.3,38.3,26.3,Lindstrom City,Mixed
Non Emptying,38.0,27.6,1.0,78.6,35.7,54.4,36.3,Fiberglass Igloo-a,Non Recyclable
Emptying,90.6,64.9,9.0,33.5,25.6,31.1,24.4,Cubic,Recyclable
Non Emptying,50.8,35.2,2.0,59.1,36.5,80.7,40.3,Fiberglass Igloo-a,Recyclable
Non Emptying,37.5,25.9,5.0,98.7,52.7,76.3,31.3,Silvertop-a,Mixed
Emptying,71.7,49.8,6.0,98.4,61.5,66.9,22.1,Lindstrom-b,Non Recyclable
Emptying,80.7,48.8,6.0,84.0,46.1,31.9,22.1,Lindstrom-a,Non Recyclable
Emptying,86.3,57.8,9.0,50.3,33.7,35.2,23.1,Fiberglass Igloo-a,Mixed
Emptying,91.2,56.8,9.0,83.6,43.2,69.2,51.6,Lindstrom-a,Non Recyclable
Non Emptying,53.2,32.3,2.0,33.4,25.2,34.9,24.2,Accordion,Recyclable
Non Emptying,64.1,57.0,5.0,62.4,54.7,63.7,20.8,Accordion,Non Recyclable
Emptying,95.1,52.7,9.0,63.7,52.9,30.8,20.2,Rectangular,Recyclable
Non Emptying,72.5,66.5,2.0,55.6,38.2,95.2,68.4,Fiberglass Igloo-a,Mixed
Emptying,93.2,67.6,9.0,51.3,30.6,97.1,51.3,Rectangular Farmland,Recyclable
Emptying,62.8,23.6,9.0,87.4,51.8,57.4,35.7,BIM-3 FTI bottentomd,Non Recyclable
Emptying,97.1,57.7,6.0,61.8,54.4,66.7,24.3,Lindstrom-a,Mixed
Non Emptying,79.0,68.4,3.0,92.8,51.1,60.4,53.6,BIM-3 FTI bottentomd,Recyclable
Non Emptying,33.8,24.7,4.0,72.7,65.0,90.1,51.9,Diamond,Mixed
Emptying,71.0,30.0,6.0,54.5,36.4,96.4,69.9,Rectangular Farmland,Mixed
Emptying,79.9,35.8,6.0,80.7,40.4,94.5,60.5,Accordion,Non Recyclable
Non Emptying,61.0,53.3,2.0,60.3,31.9,67.0,36.0,Lindstrom-b,Non Recyclable
Non Emptying,50.9,33.3,1.0,74.0,45.5,71.2,36.5,BIM-3 FTI bottentomd,Recyclable
Emptying,66.6,32.8,6.0,63.3,35.6,74.0,60.2,Cubic,Mixed
Emptying,92.6,62.9,8.0,97.4,68.7,31.4,25.8,Rectangular,Mixed
Non Emptying,32.2,25.5,3.0,31.5,24.7,74.9,46.1,Rectangular Farmland,Mixed
Emptying,84.5,48.3,7.0,60.6,50.6,81.7,53.2,Silvertop-a,Recyclable
Emptying,79.5,33.9,6.0,50.1,36.0,66.4,20.0,Cubic,Non Recyclable
Non Emptying,72.0,63.0,3.0,68.2,52.5,83.5,43.5,Rectangular Farmland,Mixed
Emptying,80.1,51.8,6.0,52.8,34.2,67.9,23.1,Diamond,Recyclable
Emptying,81.8,53.5,8.0,55.7,35.5,70.7,63.4,Lindstrom-a,Non Recyclable
Emptying,84.2,58.8,6.0,80.5,54.4,39.6,26.6,Lindstrom-b,Mixed
Non Emptying,34.8,21.9,4.0,77.5,43.5,70.9,33.6,Fiberglass Igloo-b,Recyclable
Non Emptying,32.2,20.3,4.0,66.2,33.5,72.7,32.8,BIM-3 FTI bottentomd,Non Recyclable
Non Emptying,72.6,61.8,2.0,52.9,35.9,34.4,20.8,Rectangular,Mixed
Non Emptying,65.3,51.6,3.0,34.6,24.2,79.1,41.4,Silvertop-b,Non Recyclable
Emptying,93.4,50.3,6.0,30.3,25.4,52.1,34.9,Rectangular,Non Recyclable
Emptying,97.4,50.6,6.0,80.9,51.9,38.0,25.4,Rectangular Farmland,Mixed
Non Emptying,73.9,64.6,3.0,72.3,33.7,75.3,41.1,Fiberglass Igloo-a,Mixed
Non Emptying,35.5,22.6,2.0,54.2,35.8,66.5,56.7,Fiberglass Igloo-b,Non Recyclable
Emptying,95.0,63.4,6.0,61.2,57.3,38.4,25.7,Lindstrom-b,Mixed
Non Emptying,56.5,35.3,1.0,65.4,20.8,62.3,56.5,Lindstrom-a,Recyclable
Emptying,69.4,35.6,7.0,74.0,34.7,67.7,52.2,Rectangular Farmland,Mixed
Emptying,84.1,58.1,8.0,57.2,38.0,36.7,20.1,Diamond,Recyclable
Non Emptying,68.6,52.1,5.0,34.9,21.9,70.3,39.6,Cubic,Non Recyclable
Emptying,76.2,36.6,7.0,79.6,64.0,53.2,36.4,Lindstrom City,Mixed
Emptying,71.2,47.5,6.0,67.9,29.2,56.5,30.6,BIM-3 FTI bottentomd,Recyclable
Non Emptying,79.8,63.0,3.0,72.7,66.2,85.7,59.3,Fiberglass Igloo-b,Non Recyclable
Non Emptying,55.5,32.6,4.0,62.6,24.1,93.9,59.1,Lindstrom-a,Non Recyclable
Emptying,96.0,69.8,7.0,77.1,69.0,90.3,52.7,Lindstrom-b,Mixed
Non Emptying,31.1,20.6,1.0,70.0,48.5,75.1,60.2,Rectangular,Mixed
Non Emptying,31.0,20.0,4.0,77.4,34.8,56.4,31.5,Malmobehallare,Non Recyclable
Non Emptying,60.6,55.0,3.0,68.6,23.5,67.5,58.7,Diamond,Non Recyclable
Non Emptying,34.4,21.7,5.0,69.3,50.5,97.3,55.9,Silvertop-b,Mixed
Emptying,82.6,57.1,7.0,80.0,44.6,89.9,46.5,Accordion,Recyclable
Emptying,83.3,55.5,8.0,80.4,57.8,93.7,51.1,Silvertop-b,Recyclable
Emptying,93.1,62.1,6.0,61.6,23.4,61.2,53.3,Silvertop-b,Recyclable
Non Emptying,63.5,55.1,2.0,32.2,24.6,76.9,61.6,Fiberglass Igloo-b,Mixed
Non Emptying,30.4,27.7,5.0,36.0,28.4,63.4,58.8,Malmobehallare,Recyclable
Emptying,94.5,62.0,6.0,34.6,23.3,92.3,53.9,Silvertop-b,Mixed
Non Emptying,39.8,26.1,5.0,71.3,37.7,86.7,48.8,Cubic,Recyclable
Non Emptying,30.5,24.6,3.0,53.7,31.1,34.5,26.9,Fiberglass Igloo-a,Non Recyclable
Non Emptying,30.2,20.1,5.0,61.4,24.8,72.8,68.9,Cubic,Mixed
Emptying,84.1,56.1,7.0,69.0,51.8,79.8,64.0,Silvertop-b,Mixed
Non Emptying,71.8,65.4,3.0,93.2,62.6,63.6,40.0,Lindstrom City,Recyclable
Emptying,99.4,50.7,6.0,65.6,54.0,65.5,55.0,Fiberglass Igloo-a,Non Recyclable
Emptying,88.4,58.9,6.0,84.4,41.0,94.2,57.2,Malmobehallare,Non Recyclable
Emptying,81.5,59.9,6.0,74.4,48.7,98.1,52.1,Fiberglass Igloo-a,Mixed
Non Emptying,53.2,35.7,1.0,79.2,46.7,92.5,61.8,BIM-3 FTI bottentomd,Non Recyclable
Non Emptying,57.3,33.8,4.0,37.1,26.1,96.1,66.3,Silvertop-b,Recyclable
Non Emptying,62.3,57.4,1.0,34.0,27.4,50.5,35.6,Rectangular Farmland,Non Recyclable
Emptying,71.7,35.0,9.0,53.3,35.4,56.1,31.4,BIM-3 FTI bottentomd,Mixed
Non Emptying,33.6,25.1,1.0,72.9,32.0,73.5,63.3,Fiberglass Igloo-b,Non Recyclable
Emptying,74.3,42.6,8.0,37.8,27.0,57.7,35.1,Fiberglass Igloo-a,Non Recyclable
Emptying,95.9,60.5,7.0,30.3,21.4,59.2,32.2,Cubic,Recyclable
Emptying,60.1,22.0,6.0,51.6,32.3,79.5,49.8,Lindstrom-b,Non Recyclable
Non Emptying,58.9,33.7,3.0,89.4,53.2,69.9,57.3,Malmobehallare,Recyclable
Non Emptying,73.0,64.5,4.0,50.5,32.2,62.5,33.8,Lindstrom City,Recyclable
Non Emptying,67.0,57.1,5.0,72.8,61.2,83.6,40.4,Fiberglass Igloo-b,Non Recyclable
Emptying,97.7,57.9,8.0,31.0,22.0,84.3,59.4,Lindstrom-a,Non Recyclable
Non Emptying,30.6,27.0,4.0,55.3,32.1,96.2,52.5,Rectangular Farmland,Mixed
Non Emptying,72.2,62.3,3.0,64.2,50.1,94.6,50.6,Rectangular,Mixed
Non Emptying,30.7,23.1,5.0,77.3,37.5,54.3,30.7,BIM-3 FTI bottentomd,Mixed
Emptying,71.4,37.8,9.0,88.0,55.4,64.1,58.2,Fiberglass Igloo-b,Non Recyclable
Emptying,95.4,52.2,8.0,56.4,38.3,86.3,44.7,Accordion,Non Recyclable
Non Emptying,72.7,66.0,2.0,33.1,27.0,50.0,35.6,BIM-3 FTI bottentomd,Non Recyclable
Non Emptying,68.4,51.2,2.0,64.4,56.4,85.7,47.9,Fiberglass Igloo-a,Mixed
Emptying,68.4,22.5,8.0,56.0,34.0,57.8,33.5,Lindstrom City,Mixed
Emptying,96.9,58.5,7.0,90.5,68.2,95.5,54.4,Malmobehallare,Mixed
Emptying,80.9,50.9,8.0,67.8,24.9,62.7,52.1,Diamond,Recyclable
Emptying,93.0,51.4,6.0,96.7,70.0,78.2,67.1,Silvertop-b,Recyclable
Emptying,62.3,20.6,6.0,65.4,20.9,92.5,62.3,Cubic,Mixed
Non Emptying,68.6,51.6,2.0,74.2,66.5,100.0,59.4,Fiberglass Igloo-b,Recyclable
Emptying,67.7,20.1,7.0,33.8,28.5,68.4,55.9,Accordion,Mixed
Emptying,70.6,41.1,6.0,37.7,20.4,85.8,50.2,Lindstrom City,Non Recyclable
Emptying,97.8,61.9,8.0,50.5,37.9,93.8,61.4,Rectangular Farmland,Non Recyclable
Emptying,86.6,55.6,8.0,33.6,24.6,72.2,61.1,Fiberglass Igloo-a,Mixed
Non Emptying,69.3,51.2,5.0,71.0,40.0,60.2,24.8,Lindstrom City,Recyclable
Emptying,93.2,54.0,8.0,75.1,37.6,60.9,54.5,Lindstrom-b,Mixed
Emptying,61.8,25.7,6.0,85.4,44.5,71.5,65.8,Lindstrom-a,Non Recyclable
Emptying,84.1,47.9,6.0,31.2,21.9,30.3,21.7,Lindstrom-b,Non Recyclable
Non Emptying,60.9,58.6,4.0,52.1,38.7,77.9,40.0,Lindstrom City,Recyclable
Emptying,75.7,46.6,8.0,55.2,31.6,63.3,55.5,Silvertop-b,Non Recyclable
Emptying,97.8,59.3,6.0,50.7,34.0,66.2,30.5,Fiberglass Igloo-b,Recyclable
Non Emptying,66.5,52.3,5.0,99.6,64.1,64.9,53.1,Rectangular Farmland,Mixed
Non Emptying,64.7,56.6,4.0,80.7,42.3,88.4,56.2,Rectangular,Mixed
Non Emptying,35.7,25.3,1.0,78.8,62.1,79.9,68.3,Cubic,Non Recyclable
Non Emptying,64.4,56.9,2.0,35.3,22.0,63.2,55.4,Lindstrom-b,Mixed
Emptying,81.5,55.3,7.0,56.0,33.1,61.1,53.9,BIM-3 FTI bottentomd,Non Recyclable
Non Emptying,72.7,66.7,5.0,84.6,40.8,64.3,36.1,Rectangular Farmland,Non Recyclable
Non Emptying,32.0,20.7,1.0,72.0,33.4,63.7,58.0,Lindstrom City,Recyclable
Non Emptying,61.8,58.5,2.0,97.1,51.7,35.6,20.8,Silvertop-b,Non Recyclable
Non Emptying,52.9,36.3,1.0,60.2,53.4,61.5,58.4,Fiberglass Igloo-b,Mixed
Non Emptying,35.8,21.9,3.0,78.2,69.0,85.4,56.3,Rectangular,Mixed
Non Emptying,65.3,56.0,2.0,64.5,51.1,66.9,55.6,Silvertop-a,Recyclable
Emptying,97.7,53.7,6.0,38.2,22.2,62.3,32.5,Rectangular,Mixed
Non Emptying,54.3,37.0,2.0,82.3,43.1,68.9,56.9,Fiberglass Igloo-b,Non Recyclable
Emptying,86.7,47.4,6.0,75.2,65.4,90.0,50.8,Fiberglass Igloo-b,Recyclable
Non Emptying,64.4,53.1,2.0,66.6,58.1,56.0,36.0,Lindstrom City,Recyclable
Emptying,67.3,37.5,6.0,85.1,43.7,35.9,20.2,Cubic,Recyclable
Non Emptying,30.1,26.0,2.0,82.9,52.1,63.8,27.1,Rectangular,Non Recyclable
Emptying,63.0,24.6,6.0,94.4,52.3,53.0,35.5,BIM-3 FTI bottentomd,Recyclable
Non Emptying,56.8,38.5,2.0,73.3,63.0,99.8,58.6,Malmobehallare,Recyclable
Non Emptying,79.1,66.2,4.0,81.2,46.2,66.0,58.0,Lindstrom-a,Non Recyclable
Emptying,79.0,45.2,8.0,74.7,41.2,81.3,44.8,Lindstrom-a,Recyclable
Emptying,87.3,56.5,6.0,78.2,33.3,85.5,54.7,Diamond,Non Recyclable
Non Emptying,55.9,34.8,2.0,64.8,28.2,68.4,31.6,Fiberglass Igloo-a,Recyclable
Emptying,93.6,56.7,6.0,94.7,55.7,36.8,22.0,Cubic,Mixed
Emptying,94.6,67.9,6.0,70.5,43.9,88.6,46.4,Fiberglass Igloo-a,Non Recyclable
Emptying,95.7,68.2,6.0,53.2,35.5,76.2,61.1,Lindstrom City,Non Recyclable
Non Emptying,72.4,61.3,2.0,73.4,44.1,85.0,52.4,Diamond,Mixed
Non Emptying,62.5,52.6,2.0,76.3,62.9,61.7,55.2,Lindstrom-a,Recyclable
Emptying,75.0,41.6,7.0,72.8,67.0,69.0,57.1,Lindstrom City,Non Recyclable
Non Emptying,31.8,25.8,1.0,64.0,54.3,98.9,58.1,Accordion,Mixed
Non Emptying,61.3,55.9,3.0,78.7,34.1,63.9,55.1,Fiberglass Igloo-a,Recyclable
Non Emptying,60.7,55.7,2.0,71.2,63.3,90.2,52.0,Silvertop-a,Recyclable
Non Emptying,54.7,36.2,3.0,69.9,55.4,96.8,53.1,Silvertop-a,Non Recyclable
Emptying,96.3,61.0,6.0,67.8,51.8,67.1,52.9,Silvertop-a,Recyclable
Emptying,87.5,55.0,7.0,80.7,43.6,94.3,62.8,Accordion,Mixed
Non Emptying,65.2,54.8,4.0,75.9,64.3,36.1,25.4,Lindstrom-b,Recyclable
Non Emptying,53.7,35.5,1.0,66.5,25.9,65.0,21.1,Lindstrom City,Non Recyclable
Non Emptying,52.3,36.6,5.0,76.9,40.3,90.0,55.4,Lindstrom-b,Recyclable
Emptying,88.8,43.5,6.0,99.3,63.9,67.2,27.5,Malmobehallare,Recyclable
Non Emptying,58.8,33.7,2.0,85.8,55.1,62.7,52.8,Silvertop-b,Mixed
Non Emptying,71.8,66.9,5.0,50.4,30.2,73.5,64.5,Malmobehallare,Mixed
Emptying,67.8,39.5,8.0,70.2,33.2,82.1,40.6,Diamond,Mixed
Emptying,87.9,41.7,6.0,72.1,63.6,69.9,20.6,Silvertop-a,Non Recyclable
Non Emptying,53.1,32.5,3.0,81.2,59.9,60.9,20.6,Rectangular Farmland,Non Recyclable
Emptying,82.2,56.6,6.0,64.9,58.7,74.9,35.1,Lindstrom City,Recyclable
Emptying,97.9,69.9,9.0,71.3,67.1,51.5,33.4,Accordion,Mixed
Non Emptying,65.0,54.7,5.0,51.7,30.4,72.6,49.5,Fiberglass Igloo-b,Recyclable
Non Emptying,30.3,20.7,5.0,73.9,37.8,96.3,67.1,Lindstrom City,Recyclable
Non Emptying,55.0,35.4,5.0,56.6,32.8,62.6,29.0,Lindstrom City,Mixed
Non Emptying,72.1,67.8,5.0,95.3,60.3,68.5,26.5,Rectangular,Non Recyclable
Emptying,82.9,44.8,8.0,60.5,24.3,71.9,67.3,Accordion,Mixed
Non Emptying,31.9,24.8,3.0,63.2,23.2,76.5,64.6,BIM-3 FTI bottentomd,Non Recyclable
Non Emptying,62.2,56.7,2.0,98.2,62.2,74.4,49.1,BIM-3 FTI bottentomd,Recyclable
Emptying,61.0,25.2,8.0,78.7,32.7,64.4,24.4,Fiberglass Igloo-b,Mixed
Emptying,82.1,52.1,9.0,71.7,66.2,84.5,44.3,Fiberglass Igloo-b,Recyclable
Emptying,86.5,42.7,8.0,32.8,26.2,33.9,20.1,Lindstrom-b,Mixed
Emptying,90.5,69.7,9.0,72.6,40.1,33.7,23.1,Silvertop-b,Mixed
Emptying,83.4,40.9,9.0,64.7,37.6,88.1,56.8,Lindstrom-b,Recyclable
Emptying,78.4,37.4,6.0,79.0,67.7,57.3,33.9,Silvertop-a,Mixed
Non Emptying,71.6,61.7,1.0,67.4,27.3,35.6,27.9,Lindstrom-a,Recyclable
Non Emptying,61.5,50.0,1.0,51.6,33.8,95.4,51.8,Lindstrom-a,Recyclable
Emptying,92.9,52.4,7.0,62.1,20.0,64.2,25.3,Silvertop-b,Non Recyclable
Emptying,81.6,41.2,9.0,91.1,55.4,79.1,33.7,Accordion,Recyclable
Non Emptying,76.9,64.9,3.0,94.0,50.7,58.1,34.4,Silvertop-b,Mixed
Non Emptying,52.1,33.6,4.0,92.7,58.2,93.3,50.8,Accordion,Non Recyclable
Non Emptying,62.9,56.3,4.0,86.4,59.4,82.4,43.7,Malmobehallare,Non Recyclable
Non Emptying,73.0,66.7,5.0,99.1,67.7,95.2,57.1,Silvertop-a,Mixed
Non Emptying,33.3,22.9,1.0,74.5,64.1,83.5,49.9,Lindstrom City,Non Recyclable
Non Emptying,73.1,65.5,2.0,54.0,30.1,61.3,28.7,Silvertop-a,Recyclable
Non Emptying,37.9,26.4,4.0,68.7,34.6,82.0,51.6,Fiberglass Igloo-b,Non Recyclable
Emptying,76.5,46.4,6.0,59.4,36.9,59.5,36.0,Lindstrom-a,Non Recyclable
Emptying,85.0,46.2,8.0,68.3,55.1,87.4,45.3,Lindstrom City,Mixed
Non Emptying,53.7,33.0,3.0,53.5,32.9,58.3,34.0,BIM-3 FTI bottentomd,Non Recyclable
Emptying,92.0,52.3,6.0,79.3,63.6,74.5,37.8,BIM-3 FTI bottentomd,Mixed
Emptying,60.5,32.5,6.0,91.2,61.9,79.5,47.2,Cubic,Non Recyclable
Non Emptying,35.0,28.3,2.0,73.2,62.0,31.8,21.5,Diamond,Non Recyclable
Non Emptying,37.0,26.8,1.0,70.3,65.6,94.0,58.9,Lindstrom-b,Mixed
Non Emptying,80.0,61.6,3.0,90.2,58.8,80.3,46.9,Malmobehallare,Recyclable
Emptying,71.2,40.2,8.0,97.0,54.3,86.7,52.6,Lindstrom-a,Non Recyclable
Emptying,93.2,52.2,6.0,97.6,52.4,84.2,41.5,Silvertop-a,Recyclable
Emptying,64.6,21.7,6.0,81.5,52.4,72.1,68.6,Rectangular Farmland,Recyclable
Non Emptying,33.8,25.6,1.0,63.3,58.4,83.7,45.4,Silvertop-a,Mixed
Non Emptying,51.8,32.1,2.0,63.8,23.1,64.5,24.6,Lindstrom-b,Recyclable
Emptying,83.5,41.9,8.0,81.6,44.5,89.8,55.1,Fiberglass Igloo-a,Non Recyclable
Non Emptying,75.7,61.8,4.0,51.1,37.0,72.4,65.1,Fiberglass Igloo-b,Non Recyclable
Non Emptying,69.0,51.9,1.0,65.1,26.9,30.3,21.8,BIM-3 FTI bottentomd,Recyclable
Emptying,83.2,44.3,6.0,93.4,53.9,89.3,47.1,Malmobehallare,Mixed
Emptying,70.6,31.5,7.0,54.7,37.4,75.4,43.9,Silvertop-a,Non Recyclable
Emptying,64.2,33.1,6.0,95.5,60.6,57.4,33.8,Lindstrom-b,Mixed
Non Emptying,77.2,67.6,4.0,52.7,35.3,37.3,26.4,Cubic,Mixed
Non Emptying,35.0,22.5,4.0,61.3,51.9,64.8,31.7,Silvertop-b,Non Recyclable
Emptying,90.4,63.1,7.0,30.8,24.1,76.4,65.8,Lindstrom-b,Non Recyclable
Non Emptying,68.3,53.2,1.0,85.7,58.1,91.7,52.0,Lindstrom City,Recyclable
Non Emptying,58.6,38.8,1.0,81.7,42.1,70.0,50.5,Cubic,Non Recyclable
Emptying,74.8,38.1,6.0,79.8,31.7,67.8,53.9,Silvertop-a,Recyclable
Non Emptying,32.6,26.1,4.0,95.0,53.0,83.8,59.7,Rectangular Farmland,Non Recyclable
Emptying,70.7,34.2,6.0,30.1,25.3,75.5,65.1,Cubic,Mixed
Non Emptying,75.9,68.1,4.0,37.5,28.2,61.9,55.6,Rectangular,Recyclable
Non Emptying,53.5,38.3,2.0,35.8,22.9,74.2,35.7,BIM-3 FTI bottentomd,Non Recyclable
Emptying,76.3,49.2,6.0,62.3,23.6,86.3,57.1,Rectangular,Recyclable
Non Emptying,57.5,36.1,4.0,66.0,35.1,63.4,25.5,Fiberglass Igloo-b,Mixed
Non Emptying,62.0,52.7,2.0,89.8,40.6,51.5,30.8,Diamond,Non Recyclable
Non Emptying,65.1,50.9,5.0,60.0,53.7,72.8,30.8,Silvertop-b,Recyclable
Emptying,92.5,54.6,9.0,83.0,40.9,95.3,60.2,Cubic,Mixed
Non Emptying,38.3,28.1,1.0,62.7,20.3,79.9,37.1,Lindstrom-b,Mixed
Non Emptying,70.0,64.4,1.0,57.3,30.7,64.1,20.9,BIM-3 FTI bottentomd,Recyclable
Emptying,98.0,61.1,7.0,70.8,34.2,75.3,37.0,Diamond,Mixed
Emptying,67.5,20.1,8.0,66.9,54.5,37.0,21.6,Fiberglass Igloo-a,Non Recyclable
Non Emptying,59.6,38.1,3.0,72.0,33.6,38.4,20.3,Silvertop-a,Non Recyclable
Emptying,97.0,56.5,6.0,79.8,63.7,55.2,31.6,Accordion,Non Recyclable
Emptying,98.2,54.2,9.0,79.2,61.8,53.5,35.4,Rectangular Farmland,Recyclable
Non Emptying,63.0,52.0,2.0,72.8,64.0,86.6,43.1,Diamond,Mixed
Non Emptying,39.0,22.8,5.0,62.5,54.1,86.4,46.2,Diamond,Non Recyclable
Emptying,85.5,40.6,8.0,62.1,55.5,56.3,30.7,Lindstrom-b,Mixed
Emptying,85.3,45.1,9.0,65.1,20.1,74.6,36.9,Silvertop-b,Recyclable
Emptying,90.4,59.5,9.0,35.0,20.0,55.0,30.6,Diamond,Non Recyclable
Non Emptying,63.5,54.2,1.0,34.2,23.0,80.0,49.2,Accordion,Mixed
Non Emptying,72.0,63.8,2.0,90.4,50.6,52.0,30.0,Lindstrom-a,Mixed
Non Emptying,57.4,37.4,1.0,37.3,21.0,78.8,61.0,Silvertop-a,Recyclable
Emptying,91.9,51.8,7.0,64.2,28.5,94.7,69.3,Fiberglass Igloo-a,Mixed
Non Emptying,57.9,35.5,3.0,73.8,62.7,80.4,40.7,Accordion,Mixed
Non Emptying,71.6,60.9,2.0,94.7,54.5,61.8,53.0,BIM-3 FTI bottentomd,Mixed
Emptying,65.0,36.5,6.0,91.1,55.2,62.1,51.7,Rectangular Farmland,Recyclable
Non Emptying,72.3,66.8,5.0,72.4,31.8,95.0,67.6,Rectangular,Recyclable
Non Emptying,62.1,53.7,3.0,54.3,36.7,74.1,65.9,Rectangular Farmland,Recyclable
Non Emptying,71.7,63.1,2.0,68.5,54.5,53.2,32.2,Lindstrom-a,Recyclable
Emptying,81.1,44.7,7.0,30.1,20.5,73.0,63.4,Silvertop-b,Non Recyclable
Emptying,84.9,47.3,7.0,67.3,24.2,30.8,24.3,Rectangular Farmland,Recyclable
Non Emptying,73.4,67.4,5.0,93.9,51.4,76.3,34.0,Diamond,Mixed
Emptying,91.1,53.5,8.0,62.2,25.4,76.1,33.4,Diamond,Mixed
Non Emptying,61.9,52.2,5.0,74.6,62.9,71.9,31.0,Silvertop-b,Recyclable
Emptying,60.8,34.0,6.0,74.6,49.3,60.9,24.6,Silvertop-b,Recyclable
Non Emptying,37.7,20.3,3.0,57.6,33.0,94.7,62.9,Lindstrom City,Non Recyclable
Emptying,82.4,59.0,6.0,65.7,53.0,72.0,68.0,Fiberglass Igloo-a,Recyclable
Emptying,74.1,48.0,9.0,60.8,21.0,71.0,42.2,Rectangular Farmland,Mixed
Emptying,82.6,44.1,7.0,57.4,33.9,85.3,54.1,Lindstrom City,Mixed
Non Emptying,71.7,63.1,3.0,37.6,28.9,64.6,34.9,Rectangular,Non Recyclable
Emptying,68.1,32.4,6.0,73.6,37.9,78.1,67.6,BIM-3 FTI bottentomd,Non Recyclable
Non Emptying,70.3,63.2,5.0,66.3,51.8,80.9,41.0,Malmobehallare,Recyclable
Non Emptying,66.3,55.2,3.0,97.7,57.7,39.3,21.1,Lindstrom-a,Recyclable
Non Emptying,79.4,61.2,5.0,80.5,54.5,79.6,63.1,Malmobehallare,Recyclable
Emptying,87.7,58.4,8.0,93.7,51.3,59.2,33.9,Rectangular Farmland,Recyclable
Non Emptying,55.4,32.3,4.0,77.3,63.8,64.0,32.2,Lindstrom City,Recyclable
Non Emptying,76.8,67.5,5.0,72.6,42.3,35.1,27.2,Accordion,Non Recyclable
Non Emptying,38.7,24.5,4.0,90.1,61.0,90.9,69.5,Fiberglass Igloo-a,Mixed
Non Emptying,62.8,50.6,5.0,50.1,34.1,51.9,38.9,Rectangular,Non Recyclable
Emptying,98.6,52.9,9.0,55.2,32.0,62.8,50.8,Accordion,Non Recyclable
Emptying,82.5,45.3,6.0,77.5,62.7,71.6,47.1,Rectangular,Non Recyclable
Emptying,79.3,35.7,7.0,71.7,49.1,70.1,66.2,Accordion,Mixed
Emptying,73.7,36.2,7.0,87.0,53.3,91.9,58.0,Accordion,Mixed
Emptying,90.1,62.2,6.0,31.3,24.3,56.3,31.5,Silvertop-a,Mixed
Emptying,83.3,45.7,6.0,73.4,31.2,87.5,42.3,BIM-3 FTI bottentomd,Recyclable
Emptying,83.2,47.5,7.0,67.0,27.1,38.8,21.7,Malmobehallare,Recyclable
Emptying,65.5,26.0,9.0,32.5,26.5,34.4,23.3,Lindstrom-a,Non Recyclable
Non Emptying,34.3,21.7,1.0,58.6,30.9,63.9,21.0,Malmobehallare,Mixed
Non Emptying,74.3,63.6,4.0,61.4,27.7,69.0,21.1,Cubic,Recyclable
Non Emptying,71.3,67.1,4.0,36.0,29.0,99.1,52.5,Lindstrom City,Non Recyclable
Emptying,73.7,48.4,9.0,58.5,33.9,72.0,60.5,Lindstrom-a,Mixed
Non Emptying,72.8,64.8,3.0,64.7,50.7,71.3,46.7,Silvertop-a,Mixed
Non Emptying,64.5,53.8,4.0,74.4,40.8,62.4,31.9,Accordion,Mixed
Emptying,71.8,42.9,6.0,37.6,27.2,91.0,64.4,Cubic,Non Recyclable
Emptying,61.1,25.3,7.0,70.4,36.9,59.7,32.4,Lindstrom City,Mixed
Emptying,94.1,66.1,8.0,63.2,23.9,70.3,34.7,Accordion,Mixed
Non Emptying,71.6,60.5,1.0,32.7,21.1,51.4,35.9,Rectangular Farmland,Non Recyclable
Emptying,69.9,26.1,9.0,100.0,54.1,94.4,53.4,Lindstrom City,Mixed
Non Emptying,33.8,22.5,5.0,59.9,35.2,64.3,24.8,Lindstrom City,Non Recyclable
Non Emptying,70.1,68.8,1.0,61.1,54.1,39.6,21.6,Malmobehallare,Non Recyclable
Emptying,98.9,60.3,9.0,82.5,40.3,33.1,29.0,Accordion,Non Recyclable
Non Emptying,56.3,30.1,3.0,74.2,61.4,90.4,59.5,Cubic,Recyclable
Non Emptying,62.2,54.4,5.0,96.0,53.8,30.2,27.8,Cubic,Recyclable
Non Emptying,36.6,22.2,3.0,34.4,21.5,82.6,41.6,Lindstrom-a,Recyclable
Emptying,75.7,37.1,6.0,37.5,22.0,50.2,33.0,Lindstrom-b,Recyclable
Emptying,79.6,45.6,7.0,98.4,53.2,73.5,44.6,Lindstrom-b,Recyclable
Emptying,60.9,28.7,6.0,88.9,40.0,72.9,33.1,Fiberglass Igloo-b,Mixed
Emptying,97.3,64.5,8.0,66.1,34.8,54.1,33.7,Accordion,Non Recyclable
Emptying,77.5,45.0,6.0,50.4,33.6,68.0,57.0,Rectangular Farmland,Non Recyclable
Non Emptying,62.0,58.2,2.0,70.3,39.3,72.1,60.6,Fiberglass Igloo-b,Recyclable
Non Emptying,72.9,61.5,4.0,59.1,37.8,76.2,67.0,Lindstrom-a,Mixed
Non Emptying,51.0,34.9,1.0,97.2,51.5,72.2,60.3,Lindstrom-b,Non Recyclable
Emptying,99.4,61.2,6.0,71.1,45.0,61.7,55.3,Diamond,Mixed
Non Emptying,55.7,37.7,1.0,73.2,49.0,87.6,44.3,Fiberglass Igloo-a,Recyclable
Non Emptying,63.9,57.8,2.0,35.9,22.4,62.8,56.2,Silvertop-b,Mixed
Emptying,80.1,48.5,6.0,95.9,66.6,75.1,61.9,Malmobehallare,Recyclable
Non Emptying,59.2,31.7,3.0,68.2,26.4,50.9,32.0,Rectangular,Mixed
Emptying,61.7,26.3,6.0,62.9,23.1,37.9,26.5,Fiberglass Igloo-b,Recyclable
Non Emptying,50.3,36.1,2.0,96.6,63.5,77.5,63.8,Fiberglass Igloo-b,Non Recyclable
Emptying,85.8,53.7,9.0,83.2,42.9,82.5,51.0,Rectangular Farmland,Recyclable
Emptying,83.7,55.8,6.0,68.1,50.1,54.3,35.0,Diamond,Mixed
Emptying,73.1,34.7,7.0,63.4,52.3,97.4,55.8,Fiberglass Igloo-b,Non Recyclable
Emptying,80.9,41.2,6.0,71.6,62.8,70.1,31.8,Malmobehallare,Recyclable
Emptying,72.6,43.7,8.0,73.0,63.1,60.8,59.0,Diamond,Mixed
Non Emptying,57.3,32.9,1.0,52.3,34.9,30.9,25.8,Silvertop-b,Recyclable
Emptying,85.2,48.9,6.0,83.7,41.9,53.1,31.1,Lindstrom City,Recyclable
Emptying,82.2,49.3,9.0,64.5,22.0,82.4,45.8,Fiberglass Igloo-b,Mixed
Emptying,80.8,40.3,6.0,77.8,39.4,63.2,25.2,Diamond,Recyclable
Non Emptying,32.1,21.2,4.0,61.7,22.5,73.0,32.6,Silvertop-b,Mixed
Non Emptying,52.0,38.9,4.0,32.9,27.7,78.0,65.6,Rectangular,Non Recyclable
Non Emptying,57.6,34.1,4.0,67.1,52.4,76.3,65.7,Cubic,Mixed
Emptying,76.8,45.9,6.0,64.8,52.9,71.6,49.7,Lindstrom-b,Mixed
Non Emptying,30.2,29.0,4.0,82.0,42.4,50.8,38.2,Malmobehallare,Non Recyclable
Emptying,98.6,65.7,6.0,98.7,53.4,70.8,33.0,Silvertop-a,Mixed
Non Emptying,50.9,30.0,2.0,50.8,32.7,72.9,65.9,Fiberglass Igloo-a,Mixed
Non Emptying,66.8,55.6,2.0,86.5,44.0,81.1,54.2,Diamond,Non Recyclable
Emptying,83.0,42.9,6.0,72.4,62.2,77.7,61.8,Silvertop-b,Recyclable
Non Emptying,52.7,36.4,3.0,31.2,24.7,31.3,20.7,BIM-3 FTI bottentomd,Mixed
Emptying,82.0,59.6,8.0,74.1,67.9,73.4,62.6,Accordion,Recyclable
Emptying,76.1,30.2,6.0,69.5,29.4,59.6,33.6,Accordion,Non Recyclable
Emptying,74.4,32.4,6.0,89.5,58.8,74.8,66.8,Rectangular Farmland,Mixed
Non Emptying,68.1,57.3,3.0,76.2,41.7,56.8,32.2,BIM-3 FTI bottentomd,Recyclable
Non Emptying,79.0,61.5,4.0,79.4,61.1,78.2,37.5,Rectangular Farmland,Non Recyclable
Non Emptying,67.9,50.0,3.0,97.8,69.1,33.4,23.4,Malmobehallare,Recyclable
Non Emptying,35.1,25.8,3.0,54.1,36.3,32.5,21.9,Lindstrom-a,Mixed
Emptying,78.1,37.0,7.0,62.3,53.1,60.1,23.9,Silvertop-b,Mixed
Emptying,63.2,32.6,7.0,80.3,47.0,37.6,25.8,Lindstrom City,Recyclable
Emptying,61.2,22.3,6.0,82.2,44.7,61.5,20.2,Silvertop-b,Mixed
Non Emptying,64.8,51.6,1.0,62.9,52.3,72.5,30.2,Accordion,Recyclable
Non Emptying,51.0,37.3,3.0,37.3,21.8,60.0,50.1,Accordion,Mixed
Non Emptying,56.4,31.9,2.0,33.8,25.9,93.4,53.5,Rectangular Farmland,Non Recyclable
Emptying,62.9,22.6,6.0,63.0,24.7,73.4,35.0,Fiberglass Igloo-a,Recyclable
Emptying,63.7,20.9,7.0,62.2,50.9,54.5,36.5,Rectangular Farmland,Mixed
Non Emptying,77.7,62.4,2.0,95.8,67.0,88.7,46.7,Rectangular Farmland,Non Recyclable
Non Emptying,71.7,68.7,5.0,66.9,51.3,66.0,24.4,Lindstrom-b,Mixed
Emptying,93.5,51.2,8.0,89.9,55.9,30.1,20.6,Rectangular,Recyclable
Non Emptying,56.0,34.2,5.0,59.5,33.8,65.5,28.5,Accordion,Recyclable
Emptying,95.6,52.0,6.0,73.4,43.2,92.7,57.0,Malmobehallare,Mixed
Non Emptying,56.5,31.5,5.0,82.5,44.1,61.4,50.4,Silvertop-a,Non Recyclable
Emptying,81.1,51.2,8.0,74.7,67.5,54.8,34.6,Cubic,Recyclable
Non Emptying,50.6,31.0,3.0,62.3,56.7,77.6,32.5,Rectangular Farmland,Non Recyclable
Non Emptying,67.0,54.9,3.0,64.6,52.2,68.0,38.9,Rectangular,Recyclable
Non Emptying,70.2,60.8,5.0,62.6,50.7,70.2,43.4,Fiberglass Igloo-a,Recyclable
Emptying,94.3,69.0,8.0,60.8,54.9,34.5,21.2,Malmobehallare,Recyclable
Non Emptying,34.6,28.0,4.0,55.9,38.5,60.4,36.4,Silvertop-b,Recyclable
Emptying,83.1,46.3,7.0,74.3,63.0,53.3,38.5,BIM-3 FTI bottentomd,Non Recyclable
Emptying,83.9,54.2,6.0,64.4,55.0,86.2,41.7,Malmobehallare,Non Recyclable
Emptying,73.2,30.2,8.0,62.5,55.8,93.4,54.6,Rectangular,Non Recyclable
Non Emptying,39.0,20.8,5.0,61.9,33.6,86.0,54.5,Rectangular,Mixed
Emptying,73.7,33.7,6.0,69.7,55.3,92.2,70.0,Accordion,Mixed
Emptying,62.1,31.2,8.0,62.1,55.5,51.6,33.2,Silvertop-b,Non Recyclable
Emptying,66.4,37.9,9.0,65.9,39.5,87.9,43.4,Lindstrom-b,Mixed
Non Emptying,51.9,38.0,5.0,51.4,36.6,84.8,49.3,Silvertop-b,Recyclable
Emptying,87.8,57.9,9.0,88.1,58.0,93.1,55.6,Rectangular,Mixed
Emptying,66.3,27.8,6.0,77.6,60.0,52.0,38.3,Rectangular,Non Recyclable
Emptying,67.1,27.5,8.0,75.5,65.3,34.3,24.6,Rectangular,Mixed
Non Emptying,38.0,21.7,1.0,69.0,21.2,74.1,31.2,Rectangular Farmland,Mixed
Non Emptying,52.6,32.5,4.0,95.4,65.4,53.7,38.4,Rectangular,Non Recyclable
Non Emptying,34.3,21.1,4.0,34.5,23.6,34.0,27.1,Cubic,Recyclable
Emptying,69.7,30.0,9.0,74.5,37.2,76.1,61.2,Accordion,Mixed
Non Emptying,53.2,32.0,3.0,93.5,52.5,82.5,53.1,BIM-3 FTI bottentomd,Mixed
Non Emptying,65.9,50.2,4.0,37.9,24.4,91.2,61.1,BIM-3 FTI bottentomd,Non Recyclable
Non Emptying,51.7,38.8,3.0,64.6,30.3,81.4,51.9,BIM-3 FTI bottentomd,Recyclable
Non Emptying,75.1,68.3,3.0,91.5,52.3,93.5,54.7,Silvertop-b,Recyclable
Emptying,94.8,55.4,8.0,38.1,24.7,57.8,32.1,BIM-3 FTI bottentomd,Mixed
Emptying,71.5,33.4,7.0,68.2,57.7,97.6,63.3,Fiberglass Igloo-a,Mixed
Emptying,99.7,53.6,7.0,59.9,33.2,87.4,40.5,Diamond,Mixed
Emptying,73.4,44.3,6.0,67.0,56.9,84.3,59.0,Fiberglass Igloo-a,Recyclable
Emptying,78.0,47.4,6.0,68.8,38.7,63.4,33.9,Rectangular,Mixed
Emptying,99.2,55.7,7.0,80.8,52.5,53.8,30.5,Lindstrom-a,Non Recyclable
Non Emptying,65.4,55.1,4.0,78.2,60.7,82.9,42.6,Fiberglass Igloo-a,Non Recyclable
Non Emptying,34.5,21.5,3.0,77.5,60.2,73.6,45.7,Lindstrom-a,Recyclable
Non Emptying,34.9,22.8,2.0,74.2,45.4,79.4,67.9,Fiberglass Igloo-b,Non Recyclable
Non Emptying,69.2,58.4,3.0,92.7,63.4,78.3,32.8,Rectangular Farmland,Recyclable
Non Emptying,72.8,62.3,4.0,51.0,36.7,60.3,37.8,Fiberglass Igloo-b,Recyclable
Non Emptying,32.9,23.3,2.0,50.1,35.8,73.2,48.4,Rectangular,Non Recyclable
Non Emptying,69.4,51.3,3.0,72.1,64.2,80.6,41.3,Rectangular,Recyclable
Emptying,90.7,55.0,6.0,52.8,37.2,99.1,60.4,Silvertop-a,Mixed
Non Emptying,61.2,59.0,4.0,66.8,25.5,90.9,54.4,Cubic,Recyclable
Non Emptying,36.5,24.9,5.0,76.7,43.6,79.4,64.6,Lindstrom-a,Recyclable
Non Emptying,61.6,57.5,1.0,60.7,52.4,85.1,59.1,Silvertop-a,Non Recyclable
Non Emptying,30.3,24.3,4.0,54.4,32.1,36.2,23.9,Lindstrom-b,Non Recyclable
Emptying,70.0,35.9,9.0,60.0,51.7,67.3,38.1,Diamond,Non Recyclable
Non Emptying,73.6,65.3,2.0,39.7,25.4,61.8,38.5,Fiberglass Igloo-a,Non Recyclable
Non Emptying,61.3,58.0,2.0,78.1,67.4,74.5,67.5,Diamond,Recyclable
Non Emptying,72.2,66.3,1.0,82.4,53.6,62.0,32.3,Cubic,Mixed
Emptying,82.5,42.8,8.0,68.4,23.3,57.1,34.0,Accordion,Non Recyclable
Emptying,80.4,57.5,8.0,87.1,47.6,60.9,54.3,Rectangular,Recyclable
Emptying,63.0,29.3,8.0,59.6,32.2,70.5,40.8,Fiberglass Igloo-a,Recyclable
Non Emptying,51.9,34.1,4.0,62.0,23.3,75.9,62.0,Cubic,Non Recyclable
Non Emptying,61.4,50.2,5.0,55.5,33.9,58.2,33.2,Cubic,Non Recyclable
Emptying,74.0,43.3,8.0,92.1,68.4,51.3,35.1,Lindstrom-a,Mixed
Non Emptying,70.0,64.3,4.0,74.7,64.8,75.9,31.4,Diamond,Non Recyclable
Non Emptying,66.6,50.5,4.0,89.3,56.9,70.5,60.3,Fiberglass Igloo-b,Mixed
Non Emptying,61.1,51.1,4.0,73.7,32.3,32.1,28.5,Fiberglass Igloo-b,Recyclable
Non Emptying,79.6,60.3,4.0,30.7,28.2,95.4,63.2,Fiberglass Igloo-a,Mixed
Non Emptying,32.3,24.2,2.0,59.0,32.7,93.0,52.6,Silvertop-a,Non Recyclable
Non Emptying,56.2,36.9,2.0,60.4,28.1,68.4,23.0,Lindstrom City,Recyclable
Emptying,93.6,64.1,8.0,71.3,61.7,56.5,32.0,Rectangular Farmland,Recyclable
Non Emptying,60.1,54.9,3.0,61.0,21.6,54.1,31.2,Accordion,Mixed
Non Emptying,36.2,26.9,3.0,79.1,63.9,33.2,25.5,Lindstrom City,Recyclable
Non Emptying,35.3,25.7,5.0,74.5,67.8,36.8,22.2,BIM-3 FTI bottentomd,Non Recyclable
Emptying,91.0,67.0,9.0,90.0,69.3,52.6,34.1,Fiberglass Igloo-b,Non Recyclable
Emptying,71.8,39.9,9.0,58.6,34.6,65.6,53.2,Lindstrom-a,Non Recyclable
Emptying,72.8,36.3,9.0,83.6,59.0,37.1,25.7,Silvertop-b,Recyclable
Non Emptying,53.7,32.7,3.0,30.9,21.8,56.6,31.1,Rectangular,Non Recyclable
Non Emptying,79.3,65.9,4.0,71.1,65.9,67.0,29.4,Rectangular,Mixed
Non Emptying,67.6,50.1,3.0,90.7,50.9,60.0,20.2,Rectangular,Non Recyclable
Non Emptying,30.8,24.4,5.0,33.4,20.6,63.6,21.0,Cubic,Recyclable
Emptying,98.7,64.8,6.0,92.1,60.5,54.0,38.6,Lindstrom City,Non Recyclable
Emptying,93.8,66.2,8.0,87.8,45.1,36.0,24.9,Cubic,Non Recyclable
Emptying,99.6,52.3,7.0,69.8,23.8,56.2,34.3,Lindstrom-b,Recyclable
Non Emptying,36.1,24.3,5.0,69.7,29.1,36.5,27.9,Silvertop-a,Recyclable
Emptying,69.1,40.0,7.0,70.5,32.3,85.9,51.5,Fiberglass Igloo-b,Recyclable
Non Emptying,33.5,20.8,2.0,63.0,55.6,99.4,61.7,Rectangular Farmland,Non Recyclable
Emptying,80.4,43.6,8.0,87.2,41.5,66.6,31.2,Fiberglass Igloo-a,Recyclable
Non Emptying,30.1,26.9,2.0,92.5,56.6,30.5,25.7,BIM-3 FTI bottentomd,Recyclable
Emptying,72.7,41.0,9.0,73.6,31.3,72.3,32.3,Lindstrom-b,Recyclable
Emptying,64.0,29.0,6.0,98.0,59.3,69.4,34.6,Lindstrom City,Mixed
Non Emptying,51.5,31.6,3.0,80.0,34.0,88.5,47.4,Fiberglass Igloo-b,Non Recyclable
Non Emptying,36.7,24.6,5.0,55.3,36.4,95.6,53.5,Fiberglass Igloo-a,Mixed
Emptying,61.3,22.5,8.0,78.9,31.1,33.5,29.0,Accordion,Mixed
Non Emptying,70.8,66.6,1.0,70.8,66.4,78.2,61.7,Rectangular,Recyclable
Non Emptying,54.6,36.6,4.0,74.5,44.4,77.9,62.5,Silvertop-a,Mixed
Non Emptying,63.5,51.9,5.0,53.6,36.3,78.9,39.8,Rectangular Farmland,Recyclable
Emptying,73.2,45.3,6.0,71.8,39.0,51.2,31.6,BIM-3 FTI bottentomd,Mixed
Non Emptying,54.4,37.3,1.0,93.5,57.9,63.4,51.5,Lindstrom-b,Mixed
Non Emptying,30.7,21.2,4.0,78.0,62.3,67.9,55.0,Fiberglass Igloo-a,Recyclable
Emptying,61.6,37.0,6.0,31.7,23.0,53.9,31.0,Lindstrom City,Recyclable
Emptying,83.8,56.8,6.0,61.5,21.7,32.9,21.4,Fiberglass Igloo-b,Recyclable
Non Emptying,60.5,56.5,5.0,56.5,31.0,73.2,65.7,Lindstrom-a,Mixed
Emptying,62.7,28.9,6.0,83.9,57.7,38.5,25.2,Diamond,Non Recyclable
Non Emptying,71.3,60.0,2.0,58.8,35.9,66.4,51.9,Cubic,Mixed
Emptying,64.0,24.7,9.0,50.8,32.4,89.5,58.8,Cubic,Recyclable
Emptying,67.8,21.0,7.0,92.5,61.3,97.3,54.3,Malmobehallare,Recyclable
Non Emptying,35.8,26.1,2.0,92.4,56.9,96.6,68.3,Fiberglass Igloo-a,Non Recyclable
Non Emptying,66.7,55.4,3.0,55.1,34.8,81.2,48.3,Fiberglass Igloo-b,Recyclable
Non Emptying,34.0,28.3,1.0,82.8,51.5,61.8,54.1,Lindstrom City,Mixed
Emptying,91.3,68.0,9.0,76.2,66.1,73.7,66.9,Rectangular Farmland,Non Recyclable
Non Emptying,67.5,51.0,1.0,61.8,26.0,50.6,35.3,BIM-3 FTI bottentomd,Recyclable
Emptying,60.5,29.4,9.0,78.4,60.1,73.8,62.9,Diamond,Non Recyclable
Non Emptying,59.1,36.3,2.0,90.3,51.8,30.0,20.0,Silvertop-b,Recyclable
Non Emptying,53.4,32.4,4.0,69.9,56.3,67.5,24.3,Lindstrom-a,Recyclable
Emptying,86.2,52.9,6.0,69.3,21.6,60.5,22.0,Cubic,Mixed
Non Emptying,55.1,33.4,3.0,84.5,49.2,86.1,41.8,Lindstrom City,Mixed
Non Emptying,39.7,25.1,4.0,33.1,23.8,70.4,64.7,Accordion,Recyclable
Emptying,64.1,21.4,9.0,66.7,32.8,70.7,43.5,Rectangular Farmland,Non Recyclable
Non Emptying,55.9,35.7,3.0,61.8,55.9,70.2,66.3,Malmobehallare,Recyclable
Non Emptying,74.9,68.9,1.0,70.7,61.5,69.3,26.3,BIM-3 FTI bottentomd,Recyclable
Non Emptying,77.4,61.7,3.0,66.8,54.3,70.7,44.9,Lindstrom-a,Mixed
Emptying,73.3,30.7,9.0,33.7,26.1,64.6,23.3,Fiberglass Igloo-a,Mixed
Non Emptying,30.0,20.5,4.0,62.9,57.5,93.6,65.0,BIM-3 FTI bottentomd,Non Recyclable
Non Emptying,37.2,25.0,1.0,54.6,33.4,69.8,52.0,Silvertop-b,Non Recyclable
Non Emptying,65.2,56.7,3.0,52.3,33.6,94.1,59.0,Lindstrom-b,Mixed
Emptying,90.1,54.1,6.0,38.7,27.5,79.4,48.1,Silvertop-b,Mixed
Emptying,84.3,59.3,7.0,72.4,31.1,30.2,27.5,Rectangular,Non Recyclable
Emptying,73.6,34.1,6.0,63.0,56.0,97.5,54.9,BIM-3 FTI bottentomd,Recyclable
Emptying,72.4,40.4,8.0,62.0,55.6,67.2,56.8,Fiberglass Igloo-b,Mixed
Emptying,70.1,35.5,6.0,97.8,55.3,54.9,32.6,Silvertop-a,Mixed
Non Emptying,75.2,64.4,2.0,31.6,21.7,57.2,34.7,Fiberglass Igloo-a,Non Recyclable
Emptying,86.9,45.9,6.0,87.4,51.4,74.6,63.0,Lindstrom City,Non Recyclable
Non Emptying,68.5,51.4,3.0,82.3,43.9,74.5,67.0,Diamond,Non Recyclable
Non Emptying,33.4,21.5,5.0,57.7,33.3,92.7,69.6,Fiberglass Igloo-a,Non Recyclable
Non Emptying,50.5,37.1,1.0,53.0,30.2,98.8,58.8,Fiberglass Igloo-a,Non Recyclable
Emptying,96.9,53.1,9.0,64.0,34.0,62.7,51.1,Rectangular,Recyclable
Emptying,86.6,48.4,7.0,50.9,31.9,83.0,54.9,Silvertop-b,Mixed
Emptying,92.3,53.9,7.0,61.7,56.2,64.1,54.9,Fiberglass Igloo-b,Non Recyclable
Non Emptying,62.9,52.5,5.0,60.6,51.1,80.4,43.6,Diamond,Non Recyclable
Non Emptying,63.9,54.0,1.0,90.1,51.5,79.8,31.1,BIM-3 FTI bottentomd,Recyclable
Non Emptying,75.8,62.7,1.0,70.0,36.9,35.2,26.8,Diamond,Non Recyclable
Emptying,70.3,37.6,6.0,62.5,55.7,61.7,56.4,Rectangular,Recyclable
Non Emptying,69.5,52.2,2.0,36.5,20.5,91.7,68.2,Lindstrom-a,Mixed
Non Emptying,65.7,51.9,2.0,83.9,58.6,35.0,23.4,Malmobehallare,Mixed
Emptying,72.5,33.4,8.0,80.2,58.7,63.0,56.3,Rectangular Farmland,Mixed
Emptying,64.1,21.5,6.0,68.8,55.8,30.6,22.0,Cubic,Non Recyclable
Emptying,69.2,30.8,7.0,85.5,41.6,70.3,45.1,Lindstrom City,Mixed
Emptying,91.8,64.3,6.0,82.0,47.1,92.3,53.2,Cubic,Non Recyclable
Emptying,94.0,52.6,6.0,34.3,27.6,62.5,33.5,Fiberglass Igloo-b,Mixed
Non Emptying,73.0,68.6,5.0,74.1,31.0,66.1,21.8,Fiberglass Igloo-a,Recyclable
Emptying,79.5,33.8,7.0,64.2,58.1,51.6,36.7,Lindstrom-b,Non Recyclable
Emptying,67.0,24.3,7.0,75.8,42.5,39.2,27.1,Silvertop-b,Recyclable
Emptying,60.5,39.3,9.0,92.1,54.6,84.0,58.5,Silvertop-b,Non Recyclable
Emptying,93.5,54.7,7.0,97.0,66.5,85.6,52.2,Diamond,Recyclable
Non Emptying,60.3,55.7,1.0,37.0,21.8,64.5,28.8,Silvertop-a,Non Recyclable
Emptying,90.7,61.5,6.0,61.3,53.4,34.6,22.2,Fiberglass Igloo-a,Non Recyclable
Non Emptying,75.5,60.4,3.0,91.0,55.8,84.6,56.9,Fiberglass Igloo-a,Recyclable
Emptying,68.0,20.2,6.0,52.8,33.7,94.1,65.1,Rectangular Farmland,Recyclable
Emptying,90.9,50.6,6.0,70.6,39.2,71.7,65.0,Lindstrom-a,Recyclable
Non Emptying,57.9,32.8,3.0,84.2,44.2,68.1,51.4,Rectangular Farmland,Non Recyclable
Non Emptying,52.5,33.6,3.0,62.4,20.2,53.6,32.5,Rectangular Farmland,Non Recyclable
Emptying,64.5,27.7,8.0,74.7,66.0,59.4,34.8,Malmobehallare,Mixed
Emptying,81.9,41.1,6.0,71.6,44.5,78.6,46.3,Silvertop-a,Mixed
Emptying,84.7,43.9,9.0,64.3,50.1,76.0,47.8,Fiberglass Igloo-b,Non Recyclable
Emptying,81.9,53.0,6.0,99.1,65.0,55.6,31.2,Fiberglass Igloo-a,Mixed
Emptying,65.1,28.3,6.0,92.0,67.6,74.6,36.8,Lindstrom City,Mixed
Emptying,63.8,22.4,8.0,63.3,58.3,75.0,67.1,Malmobehallare,Mixed
Emptying,73.9,43.8,9.0,57.2,34.3,99.4,59.6,Lindstrom City,Mixed
Non Emptying,78.8,61.2,3.0,65.0,36.1,57.3,31.3,Lindstrom-b,Non Recyclable
Non Emptying,76.1,64.0,2.0,32.7,23.7,65.2,50.7,Fiberglass Igloo-a,Non Recyclable
Emptying,87.2,44.0,9.0,50.2,33.4,96.1,53.6,Fiberglass Igloo-b,Mixed
Emptying,72.5,47.1,7.0,78.5,45.1,98.3,61.6,Lindstrom City,Recyclable
Emptying,90.3,57.5,6.0,86.7,42.7,77.4,44.8,Diamond,Recyclable
Emptying,80.5,53.4,9.0,54.9,32.3,64.8,54.6,Silvertop-b,Non Recyclable
Non Emptying,33.7,23.5,3.0,87.1,53.7,38.7,23.8,Lindstrom-a,Non Recyclable
Non Emptying,60.2,50.2,5.0,83.9,58.9,57.9,34.8,Accordion,Non Recyclable
Non Emptying,54.1,32.1,5.0,83.1,50.0,52.5,31.8,Accordion,Recyclable
Non Emptying,34.6,22.3,1.0,63.6,37.9,60.8,51.3,Diamond,Non Recyclable
Non Emptying,61.7,53.8,2.0,67.3,31.1,61.6,57.5,Lindstrom-a,Mixed
Non Emptying,37.4,24.1,4.0,62.9,25.3,62.4,52.7,BIM-3 FTI bottentomd,Mixed
Emptying,64.0,37.1,7.0,90.2,68.5,73.8,63.7,Lindstrom-a,Mixed
Emptying,76.7,49.6,6.0,67.1,29.8,77.4,32.1,BIM-3 FTI bottentomd,Recyclable
Non Emptying,39.1,28.9,1.0,80.4,44.6,97.2,52.4,Lindstrom City,Recyclable
Emptying,82.8,43.8,7.0,72.7,49.6,82.7,53.3,Accordion,Non Recyclable
Emptying,95.7,52.8,9.0,66.0,28.6,64.6,54.3,Silvertop-a,Recyclable
Emptying,83.6,50.4,9.0,99.2,57.4,66.9,56.4,Cubic,Non Recyclable
Non Emptying,36.2,28.9,2.0,63.7,57.4,74.1,30.7,Rectangular Farmland,Non Recyclable
Non Emptying,35.9,26.7,5.0,98.9,53.1,89.2,45.6,Fiberglass Igloo-b,Recyclable
Emptying,67.5,20.5,6.0,53.6,37.5,54.6,34.9,Lindstrom City,Non Recyclable
Non Emptying,59.6,31.4,5.0,54.3,35.8,78.0,46.6,Silvertop-a,Non Recyclable
Non Emptying,63.7,51.5,1.0,79.7,63.7,84.6,57.8,Lindstrom City,Non Recyclable
Emptying,68.2,39.8,8.0,67.4,52.2,39.9,23.6,Lindstrom City,Recyclable
Non Emptying,62.7,53.5,4.0,74.9,60.0,53.7,32.9,Rectangular,Recyclable
Emptying,80.6,54.1,7.0,33.8,22.7,91.2,65.4,Cubic,Recyclable
Emptying,99.1,50.0,8.0,33.3,23.9,81.3,46.8,Accordion,Mixed
Non Emptying,30.1,23.7,5.0,31.7,28.1,71.9,32.6,Lindstrom-a,Recyclable
Emptying,71.9,42.8,6.0,79.3,33.8,75.6,66.8,Fiberglass Igloo-a,Non Recyclable
Emptying,81.8,57.3,6.0,71.7,40.4,71.5,65.7,Rectangular Farmland,Non Recyclable
Emptying,82.4,44.7,9.0,93.3,57.3,33.0,21.0,Lindstrom-a,Recyclable
Emptying,67.1,31.9,6.0,82.1,41.9,39.4,28.4,Lindstrom-a,Recyclable
Non Emptying,70.9,65.4,2.0,69.4,53.2,31.9,22.4,Accordion,Mixed
Non Emptying,63.9,56.6,3.0,31.4,25.1,69.3,39.4,Rectangular,Mixed
Emptying,62.0,20.7,6.0,35.9,24.4,90.2,50.9,Fiberglass Igloo-a,Mixed
Non Emptying,76.0,64.7,3.0,85.0,56.2,74.3,38.2,BIM-3 FTI bottentomd,Recyclable
Emptying,72.9,34.9,7.0,78.0,60.9,78.5,67.9,Rectangular Farmland,Non Recyclable
Non Emptying,33.3,28.4,5.0,75.7,60.1,37.9,21.2,Malmobehallare,Non Recyclable
Non Emptying,61.0,55.3,4.0,85.4,46.9,32.2,20.0,Malmobehallare,Mixed
Non Emptying,73.2,60.2,5.0,61.1,27.5,69.8,52.4,Diamond,Mixed
Emptying,63.6,31.1,6.0,76.3,64.9,72.7,32.0,Diamond,Mixed
Emptying,68.3,21.0,7.0,80.2,50.5,73.3,63.2,Fiberglass Igloo-a,Recyclable
Non Emptying,36.6,20.1,3.0,62.7,25.7,72.4,47.9,Accordion,Mixed
Non Emptying,59.2,34.3,2.0,80.3,49.5,63.0,50.1,Lindstrom-a,Mixed
Non Emptying,50.1,36.2,4.0,96.9,68.8,94.8,59.7,Rectangular Farmland,Recyclable
Emptying,74.6,46.0,7.0,77.2,37.1,60.7,28.6,Silvertop-b,Recyclable
Non Emptying,36.9,26.2,2.0,94.8,59.2,76.9,65.0,Diamond,Mixed
Emptying,65.2,39.1,9.0,69.1,50.4,67.8,56.3,Fiberglass Igloo-b,Non Recyclable
Non Emptying,62.4,57.2,1.0,64.1,50.2,70.6,44.7,Cubic,Recyclable
Emptying,74.9,36.9,6.0,74.6,36.0,64.3,58.1,Lindstrom-a,Non Recyclable
Emptying,91.7,51.7,6.0,87.7,43.4,84.4,40.1,Silvertop-b,Recyclable
Emptying,73.5,42.2,7.0,32.6,24.5,54.7,34.5,Fiberglass Igloo-b,Mixed
Emptying,83.4,51.3,6.0,56.1,36.8,92.8,62.1,Lindstrom-b,Mixed
Emptying,83.5,45.0,6.0,62.0,56.5,80.2,48.1,Accordion,Recyclable
Emptying,71.8,33.3,9.0,69.8,22.1,62.2,58.5,Silvertop-a,Recyclable
Emptying,70.9,45.8,6.0,32.2,27.3,83.3,49.7,Lindstrom-a,Non Recyclable
Emptying,68.0,38.3,6.0,73.0,35.4,74.3,64.9,Lindstrom-b,Recyclable
Emptying,94.5,53.2,8.0,64.1,20.9,80.8,52.5,Fiberglass Igloo-a,Recyclable
Emptying,64.4,26.2,7.0,36.6,20.6,73.7,66.0,Diamond,Recyclable
Emptying,93.4,50.0,6.0,31.0,23.0,83.1,55.7,Fiberglass Igloo-a,Mixed
Emptying,90.0,68.5,9.0,71.7,68.1,55.5,36.8,Cubic,Recyclable
Non Emptying,34.7,23.1,5.0,91.8,64.8,90.6,66.1,Silvertop-b,Mixed
Non Emptying,61.1,58.3,2.0,72.4,65.9,74.4,62.5,Rectangular Farmland,Mixed
Emptying,63.0,27.2,6.0,87.5,55.7,38.2,22.4,Accordion,Non Recyclable
Non Emptying,54.0,30.2,4.0,97.5,56.5,69.8,37.9,Rectangular Farmland,Mixed
Emptying,78.8,34.4,6.0,91.4,67.2,73.6,63.6,Silvertop-b,Mixed
Non Emptying,64.3,58.4,5.0,75.1,36.1,32.0,21.5,Lindstrom-a,Recyclable
Non Emptying,73.8,64.7,5.0,54.3,38.4,80.3,44.0,Lindstrom City,Non Recyclable
Emptying,73.0,30.7,9.0,51.8,36.3,76.0,60.2,BIM-3 FTI bottentomd,Mixed
Non Emptying,50.3,30.7,5.0,68.8,31.8,30.9,25.0,Lindstrom-b,Recyclable
Non Emptying,33.1,20.6,4.0,54.2,30.5,57.0,34.1,Rectangular,Non Recyclable
Emptying,94.4,50.8,7.0,30.9,22.1,59.3,33.3,Rectangular Farmland,Recyclable
Emptying,81.2,40.1,6.0,86.9,51.1,52.7,38.1,Silvertop-a,Recyclable
Non Emptying,59.7,38.7,2.0,92.2,52.4,32.4,20.5,Fiberglass Igloo-a,Non Recyclable
Emptying,94.2,66.3,7.0,39.0,24.9,65.3,23.1,Rectangular,Recyclable
Emptying,80.2,51.5,6.0,62.7,54.7,77.6,60.6,Silvertop-b,Non Recyclable
Non Emptying,70.7,63.4,1.0,71.9,47.9,52.6,37.7,Lindstrom-b,Recyclable
Non Emptying,64.3,56.2,3.0,62.0,21.5,50.3,36.9,Fiberglass Igloo-b,Recyclable
Emptying,77.9,33.1,8.0,51.0,30.8,94.7,55.2,Malmobehallare,Mixed
Non Emptying,67.7,55.8,3.0,99.7,51.9,57.2,35.2,Lindstrom City,Non Recyclable
Non Emptying,62.3,51.8,5.0,79.0,65.0,31.7,21.3,Lindstrom City,Mixed
Emptying,85.6,47.8,6.0,35.2,23.3,75.3,65.9,Silvertop-a,Non Recyclable
Non Emptying,59.3,32.0,1.0,77.4,49.4,68.3,53.0,Silvertop-b,Non Recyclable
Emptying,96.6,58.4,6.0,61.2,26.3,73.2,63.9,Lindstrom-a,Non Recyclable
Emptying,96.1,64.0,7.0,73.5,60.6,35.9,28.9,Rectangular,Recyclable
Emptying,62.9,23.1,8.0,94.3,53.1,87.3,51.8,Malmobehallare,Non Recyclable
Emptying,98.2,63.9,7.0,69.2,34.7,88.9,47.6,Lindstrom-b,Non Recyclable
Non Emptying,34.2,24.4,2.0,56.7,32.3,86.5,40.8,Rectangular,Recyclable
Emptying,93.9,59.9,9.0,74.0,60.0,30.4,23.8,Fiberglass Igloo-b,Recyclable
Non Emptying,57.7,37.5,4.0,60.4,54.1,39.7,26.9,Silvertop-a,Non Recyclable
Emptying,66.0,23.5,7.0,34.4,23.5,95.9,64.7,Diamond,Mixed
Non Emptying,72.1,61.0,4.0,62.3,35.0,52.8,37.8,Malmobehallare,Mixed
Non Emptying,54.4,38.4,4.0,65.5,53.5,79.0,61.8,Lindstrom-b,Recyclable
Emptying,64.7,21.8,8.0,71.1,32.8,59.3,32.9,Silvertop-a,Non Recyclable
Emptying,71.3,33.6,6.0,80.0,64.2,37.7,24.1,Cubic,Non Recyclable
Non Emptying,69.1,52.0,1.0,52.4,38.1,63.8,26.7,Silvertop-a,Recyclable
Non Emptying,78.7,60.1,4.0,78.3,60.3,36.0,25.5,Silvertop-a,Non Recyclable
Non Emptying,72.8,60.6,2.0,65.6,57.8,64.5,54.6,Accordion,Mixed
Non Emptying,39.6,26.7,2.0,82.6,53.8,61.3,50.6,Rectangular,Non Recyclable
Emptying,68.7,23.0,6.0,61.7,52.1,84.0,58.9,Malmobehallare,Recyclable
Emptying,91.1,69.5,8.0,73.4,66.5,76.4,31.8,Lindstrom City,Recyclable
Non Emptying,54.5,30.8,2.0,66.9,32.5,62.0,52.4,Lindstrom-b,Non Recyclable
Non Emptying,60.8,51.5,2.0,54.2,34.7,77.1,64.4,BIM-3 FTI bottentomd,Recyclable
Emptying,93.5,66.8,7.0,94.5,68.9,78.7,32.2,Lindstrom City,Non Recyclable
Non Emptying,51.9,37.2,1.0,71.2,44.7,36.6,23.6,Diamond,Non Recyclable
Emptying,65.7,30.1,6.0,65.1,50.4,92.2,53.8,Fiberglass Igloo-b,Mixed
Emptying,67.2,36.3,6.0,93.6,58.7,64.1,55.1,Silvertop-a,Mixed
Emptying,73.3,47.3,8.0,52.7,30.3,71.6,68.4,Fiberglass Igloo-a,Recyclable
Emptying,62.4,22.0,7.0,65.0,57.0,61.4,29.6,Accordion,Non Recyclable
Non Emptying,71.1,62.2,4.0,76.8,33.9,69.0,55.3,Malmobehallare,Mixed
Non Emptying,32.1,27.4,4.0,79.5,61.7,61.0,55.8,Rectangular Farmland,Mixed
Non Emptying,36.3,24.1,4.0,57.5,34.3,60.4,20.5,Fiberglass Igloo-b,Mixed
Emptying,64.8,23.7,9.0,60.6,51.3,65.3,39.0,Malmobehallare,Mixed
Non Emptying,39.4,26.3,1.0,61.7,21.2,64.6,55.8,Rectangular,Recyclable
Non Emptying,58.1,32.5,1.0,78.3,66.9,60.0,36.4,Rectangular Farmland,Mixed
Non Emptying,75.1,64.7,5.0,97.2,51.6,67.8,38.4,Lindstrom City,Mixed
Emptying,62.0,22.9,8.0,62.8,53.1,72.1,42.0,Rectangular Farmland,Mixed
Emptying,75.2,49.3,6.0,72.8,30.6,68.7,53.7,Cubic,Non Recyclable
Non Emptying,79.7,67.1,5.0,77.7,32.2,74.6,66.2,Lindstrom-a,Recyclable
Non Emptying,78.5,63.7,1.0,69.1,37.8,65.3,56.8,Lindstrom-a,Non Recyclable
Non Emptying,55.7,35.9,5.0,51.9,35.2,92.6,68.0,Diamond,Non Recyclable
Emptying,94.4,64.7,8.0,56.5,35.6,70.0,61.3,Fiberglass Igloo-a,Non Recyclable
Non Emptying,62.6,50.1,5.0,61.1,51.4,65.6,21.5,Fiberglass Igloo-a,Mixed
Emptying,62.7,22.8,6.0,36.4,22.3,58.1,33.0,Silvertop-a,Recyclable
Emptying,92.7,51.3,6.0,66.5,35.8,68.0,22.0,Silvertop-b,Recyclable
Non Emptying,65.6,58.6,3.0,73.1,37.0,32.1,22.3,Silvertop-a,Recyclable
Non Emptying,75.6,62.2,3.0,35.1,22.2,99.2,53.0,BIM-3 FTI bottentomd,Recyclable
Emptying,77.1,32.0,9.0,37.2,20.7,68.5,57.4,Rectangular,Mixed
Emptying,68.7,33.6,9.0,65.4,54.8,70.6,30.6,Lindstrom-b,Mixed
Emptying,98.7,63.3,6.0,59.4,30.7,79.5,65.4,Lindstrom-a,Non Recyclable
Emptying,63.2,39.2,6.0,77.1,39.6,86.4,57.9,Fiberglass Igloo-a,Mixed
Non Emptying,73.8,66.9,4.0,70.2,61.9,68.2,51.8,Silvertop-b,Recyclable
Emptying,100.0,54.7,8.0,77.6,33.0,82.3,42.8,Accordion,Mixed
Emptying,88.9,44.1,6.0,79.7,34.2,94.9,64.6,Malmobehallare,Recyclable
Emptying,98.5,62.5,7.0,97.3,54.2,63.8,51.8,Lindstrom-b,Recyclable
Non Emptying,58.4,32.2,4.0,60.5,58.5,92.4,50.3,Lindstrom City,Non Recyclable
Non Emptying,74.2,68.7,5.0,60.4,25.0,77.2,30.5,Diamond,Recyclable
Emptying,83.5,57.0,8.0,37.9,28.5,74.8,69.0,Silvertop-b,Non Recyclable
Non Emptying,72.4,64.4,5.0,65.1,54.6,89.1,41.5,Malmobehallare,Non Recyclable
Non Emptying,54.6,39.0,2.0,60.3,34.3,35.5,23.7,BIM-3 FTI bottentomd,Recyclable
Non Emptying,57.7,35.0,1.0,72.5,30.8,34.1,28.1,Rectangular,Mixed
Emptying,68.5,22.4,9.0,54.7,36.6,55.7,34.6,Malmobehallare,Non Recyclable
Emptying,92.4,54.3,6.0,72.7,63.5,61.0,32.1,Rectangular,Mixed
Non Emptying,67.3,54.5,3.0,74.8,60.7,63.5,50.1,Lindstrom-b,Mixed
Emptying,84.2,46.1,7.0,60.5,57.3,76.8,33.2,Lindstrom-b,Mixed
Emptying,91.9,51.1,8.0,63.2,56.0,62.2,57.0,Rectangular,Non Recyclable
Emptying,88.2,40.0,6.0,51.8,30.2,73.2,63.5,Accordion,Non Recyclable
Non Emptying,62.8,50.5,3.0,39.5,29.0,50.1,35.0,Diamond,Recyclable
Emptying,75.3,46.5,6.0,92.0,60.8,72.0,32.9,Fiberglass Igloo-b,Mixed
Non Emptying,62.8,56.1,1.0,70.3,65.2,81.5,40.1,Cubic,Recyclable
Non Emptying,54.7,35.1,5.0,77.0,49.8,75.4,65.6,Lindstrom-a,Recyclable
Emptying,86.1,57.7,7.0,61.1,52.7,60.8,35.0,Lindstrom-b,Mixed
Emptying,80.3,40.3,7.0,92.2,53.7,82.2,43.8,Lindstrom-a,Mixed
Emptying,91.6,52.9,8.0,84.8,44.4,71.7,38.3,Rectangular Farmland,Non Recyclable
Emptying,60.9,30.2,8.0,72.5,64.7,93.1,52.7,Silvertop-a,Non Recyclable
Emptying,89.8,41.9,9.0,84.1,44.8,51.0,35.9,Diamond,Non Recyclable
Non Emptying,63.4,54.9,1.0,93.8,67.1,80.7,44.9,Malmobehallare,Recyclable
Emptying,62.7,26.6,9.0,50.9,34.9,97.8,50.5,Lindstrom-a,Mixed
Emptying,70.1,34.8,6.0,60.2,26.2,75.1,38.5,Fiberglass Igloo-b,Non Recyclable
Non Emptying,33.3,23.2,2.0,64.2,21.4,74.3,38.0,BIM-3 FTI bottentomd,Mixed
Emptying,91.7,60.2,9.0,79.2,33.4,93.7,53.9,Silvertop-b,Mixed
Non Emptying,61.9,57.6,4.0,90.4,58.9,32.5,27.3,Lindstrom City,Recyclable
Emptying,70.8,31.7,9.0,50.8,30.3,75.5,42.6,Malmobehallare,Recyclable
Non Emptying,65.8,57.1,3.0,73.7,38.7,96.9,67.3,Fiberglass Igloo-b,Recyclable
Emptying,84.2,52.4,9.0,37.1,20.2,83.0,43.4,Accordion,Non Recyclable
Non Emptying,73.4,66.0,3.0,76.5,41.0,60.5,51.1,Lindstrom-a,Mixed
Emptying,64.6,37.8,6.0,36.6,25.7,32.7,20.0,Lindstrom-b,Non Recyclable
Emptying,85.1,57.2,8.0,72.8,43.3,78.0,65.3,BIM-3 FTI bottentomd,Recyclable
Non Emptying,70.2,60.4,1.0,92.9,52.6,60.2,54.4,BIM-3 FTI bottentomd,Non Recyclable
Emptying,92.0,68.4,8.0,63.9,51.5,78.2,45.3,Lindstrom-b,Mixed
Non Emptying,73.4,66.6,4.0,95.2,63.8,56.7,38.7,Lindstrom-b,Mixed
Non Emptying,70.5,63.5,4.0,68.0,58.9,76.5,34.4,Lindstrom City,Mixed
Emptying,65.6,21.5,7.0,93.8,50.5,63.8,57.8,BIM-3 FTI bottentomd,Mixed
Non Emptying,74.1,65.8,4.0,83.5,48.9,92.0,57.9,Diamond,Non Recyclable
Emptying,93.9,62.6,6.0,63.0,50.5,30.7,22.7,BIM-3 FTI bottentomd,Mixed
Emptying,91.7,59.0,9.0,63.8,26.5,61.5,53.4,Silvertop-a,Mixed
Emptying,60.7,21.1,8.0,53.0,35.1,99.2,55.5,Rectangular Farmland,Mixed
Non Emptying,65.1,58.2,4.0,63.1,20.4,83.1,41.3,Silvertop-a,Mixed
Emptying,73.9,43.6,8.0,69.8,52.0,95.8,55.4,Fiberglass Igloo-a,Non Recyclable
Non Emptying,77.1,68.8,5.0,64.2,56.8,36.4,22.5,Fiberglass Igloo-b,Non Recyclable
Non Emptying,72.3,63.9,1.0,55.0,32.0,71.0,63.0,Lindstrom-b,Recyclable
Emptying,92.0,59.4,8.0,79.7,35.0,75.8,48.2,Silvertop-b,Non Recyclable
Emptying,63.7,24.2,6.0,73.5,31.6,71.5,63.8,Diamond,Recyclable
Non Emptying,77.3,68.3,2.0,83.3,48.8,69.6,57.9,Fiberglass Igloo-a,Mixed
Non Emptying,50.0,34.4,5.0,32.4,22.9,74.4,62.7,Lindstrom-a,Mixed
Emptying,88.8,41.0,6.0,89.7,43.0,69.9,27.7,Silvertop-a,Non Recyclable
Non Emptying,65.6,51.3,1.0,34.3,24.4,72.6,61.3,Malmobehallare,Mixed
Non Emptying,38.8,22.7,1.0,91.1,61.1,93.7,69.7,Fiberglass Igloo-b,Mixed
Emptying,81.1,54.6,7.0,76.0,63.2,75.2,67.8,Diamond,Non Recyclable
Non Emptying,71.9,63.5,3.0,69.9,34.9,60.4,52.5,Silvertop-b,Non Recyclable
Emptying,64.9,39.0,8.0,75.1,62.4,77.0,64.6,Cubic,Mixed
Emptying,90.3,65.8,9.0,83.8,40.1,76.3,63.3,Diamond,Recyclable
Non Emptying,59.0,30.4,4.0,70.7,41.5,62.1,22.3,Silvertop-b,Recyclable
Non Emptying,30.9,22.6,2.0,79.5,37.4,94.0,67.5,BIM-3 FTI bottentomd,Recyclable
Emptying,69.2,20.8,7.0,31.3,20.9,74.0,45.5,Accordion,Recyclable
Non Emptying,32.9,25.9,2.0,70.9,42.9,69.2,20.7,Fiberglass Igloo-a,Non Recyclable
Emptying,94.0,56.1,8.0,34.7,22.2,32.4,25.1,Lindstrom City,Recyclable
Emptying,82.3,40.2,6.0,65.0,24.7,93.9,61.2,Lindstrom-b,Recyclable
Non Emptying,53.1,38.2,3.0,39.8,25.9,77.3,33.3,Silvertop-a,Non Recyclable
Non Emptying,38.6,23.0,1.0,63.2,53.7,59.1,35.4,Rectangular Farmland,Recyclable
Non Emptying,70.5,64.0,4.0,30.6,26.4,31.5,21.9,Accordion,Non Recyclable
Emptying,89.0,41.7,9.0,84.7,54.3,31.0,23.0,Rectangular,Recyclable
Non Emptying,63.7,57.7,4.0,82.3,60.0,67.8,21.4,Accordion,Recyclable
Emptying,78.4,44.5,8.0,84.7,55.8,62.5,30.1,Lindstrom City,Recyclable
Emptying,91.4,56.2,6.0,90.5,66.0,68.1,27.0,Diamond,Recyclable
Emptying,78.0,30.3,9.0,57.0,31.9,69.6,23.7,Cubic,Mixed
Emptying,72.4,32.6,6.0,78.9,30.9,38.7,20.3,Lindstrom City,Mixed
Non Emptying,32.5,22.4,2.0,84.5,59.6,34.1,20.4,Fiberglass Igloo-a,Non Recyclable
Non Emptying,50.7,37.6,1.0,38.1,26.6,63.2,55.1,Lindstrom-b,Recyclable
Non Emptying,51.6,36.4,2.0,66.2,54.9,71.8,62.6,Cubic,Mixed
Emptying,82.8,42.0,9.0,61.0,39.2,71.9,66.4,Rectangular Farmland,Non Recyclable
Emptying,62.2,26.4,7.0,77.4,68.6,84.4,47.0,Lindstrom-b,Non Recyclable
Emptying,82.1,53.1,9.0,94.9,53.7,87.0,40.9,Rectangular,Recyclable
Non Emptying,52.8,30.3,4.0,66.8,30.8,67.2,37.2,Lindstrom-a,Mixed
Non Emptying,33.5,22.9,3.0,72.3,68.9,81.9,46.1,Fiberglass Igloo-a,Recyclable
Emptying,77.0,36.7,6.0,72.4,66.1,90.7,50.5,Fiberglass Igloo-b,Mixed
Non Emptying,54.3,30.9,4.0,32.1,25.7,84.7,43.6,Silvertop-a,Mixed
Non Emptying,31.9,21.6,4.0,67.2,24.1,78.4,48.8,Silvertop-b,Non Recyclable
Non Emptying,54.3,32.8,1.0,31.1,23.2,63.6,54.2,Silvertop-b,Recyclable
Emptying,71.4,38.7,7.0,73.1,63.6,55.9,36.6,Fiberglass Igloo-a,Recyclable
Emptying,82.3,43.2,7.0,56.9,31.2,90.7,50.0,Cubic,Recyclable
Non Emptying,52.3,34.0,4.0,57.4,38.5,67.7,25.1,Lindstrom City,Recyclable
Non Emptying,64.5,57.8,1.0,74.9,67.2,98.0,66.2,Fiberglass Igloo-a,Recyclable
Non Emptying,78.0,61.4,2.0,30.5,26.6,84.4,43.3,Rectangular Farmland,Mixed
Non Emptying,74.0,65.5,5.0,80.6,48.7,70.9,43.0,Accordion,Recyclable
Emptying,81.8,48.2,6.0,88.5,56.6,75.9,36.6,Rectangular,Non Recyclable
Non Emptying,53.3,30.9,3.0,76.1,67.3,64.0,55.2,Fiberglass Igloo-b,Non Recyclable
Emptying,61.5,29.7,9.0,60.0,36.7,70.7,47.7,BIM-3 FTI bottentomd,Mixed
Emptying,98.1,52.5,9.0,70.0,56.4,91.7,64.2,Malmobehallare,Mixed
Emptying,95.5,53.0,9.0,63.4,37.2,67.0,58.9,Fiberglass Igloo-b,Mixed
Emptying,83.8,48.7,8.0,63.8,58.6,72.6,33.3,Silvertop-b,Non Recyclable
Non Emptying,62.0,54.6,3.0,66.1,57.2,52.9,35.3,Cubic,Mixed
Emptying,74.5,38.8,7.0,87.7,56.7,72.8,68.5,Diamond,Mixed
Emptying,69.6,23.2,6.0,61.8,56.5,37.4,21.4,Lindstrom-a,Mixed
Non Emptying,51.4,34.7,1.0,86.3,47.7,78.1,42.4,BIM-3 FTI bottentomd,Non Recyclable
Emptying,92.8,61.6,7.0,64.6,56.6,94.3,53.0,Fiberglass Igloo-a,Recyclable
Non Emptying,66.1,50.4,5.0,90.6,54.8,37.4,23.0,Lindstrom-a,Recyclable
Emptying,92.1,60.7,6.0,73.0,42.4,72.2,61.8,Accordion,Non Recyclable
Non Emptying,66.5,50.8,4.0,64.5,57.1,54.6,34.2,Lindstrom City,Mixed
Emptying,61.6,35.0,7.0,75.5,61.3,60.3,22.7,BIM-3 FTI bottentomd,Recyclable
Emptying,82.1,52.3,7.0,74.6,60.2,97.6,63.9,Rectangular Farmland,Mixed
Non Emptying,63.6,52.5,5.0,81.9,42.4,73.9,33.9,Lindstrom City,Non Recyclable
Non Emptying,77.6,64.6,3.0,30.0,21.6,61.9,22.6,Accordion,Non Recyclable
Emptying,62.4,23.3,8.0,91.3,52.1,60.2,52.8,Malmobehallare,Non Recyclable
Non Emptying,51.7,37.6,4.0,33.9,25.3,54.2,33.9,Lindstrom-b,Recyclable
Non Emptying,32.9,24.7,4.0,56.3,37.7,100.0,65.8,Rectangular,Recyclable
Emptying,88.3,41.3,7.0,88.3,46.6,96.7,52.6,Fiberglass Igloo-b,Recyclable
Emptying,76.5,43.5,7.0,60.0,32.4,79.1,64.3,Lindstrom City,Recyclable
Non Emptying,64.0,57.6,5.0,78.9,64.4,62.7,21.9,Silvertop-a,Recyclable
Emptying,88.6,43.4,9.0,64.9,30.9,86.8,41.2,Diamond,Recyclable
Emptying,71.3,31.8,6.0,35.1,20.3,67.3,53.5,Fiberglass Igloo-b,Non Recyclable
Non Emptying,70.5,63.8,5.0,70.8,31.3,61.8,52.1,Lindstrom-a,Non Recyclable
Emptying,67.0,37.7,6.0,98.6,56.7,37.1,26.2,Silvertop-b,Mixed
Non Emptying,33.0,26.0,3.0,76.7,66.4,38.6,20.6,Diamond,Non Recyclable
Non Emptying,50.2,35.7,3.0,53.8,33.3,92.6,51.1,Fiberglass Igloo-a,Recyclable
Emptying,80.1,54.3,6.0,90.0,43.3,78.8,39.0,Cubic,Recyclable
Emptying,91.6,50.5,6.0,39.9,24.6,73.7,62.8,Lindstrom-a,Recyclable
Emptying,60.2,32.7,6.0,65.8,22.2,86.5,44.2,Lindstrom-a,Mixed
Non Emptying,60.1,57.9,4.0,86.6,43.1,77.0,60.0,Lindstrom-b,Mixed
Non Emptying,38.9,21.6,5.0,54.4,34.8,94.5,52.8,BIM-3 FTI bottentomd,Non Recyclable
Emptying,86.2,58.3,6.0,32.6,23.9,61.5,29.1,BIM-3 FTI bottentomd,Recyclable
Emptying,94.6,50.9,7.0,83.8,49.3,60.7,25.7,Lindstrom-a,Recyclable
Emptying,66.6,23.8,9.0,38.6,22.6,91.1,52.9,Accordion,Recyclable
Emptying,90.2,57.3,7.0,72.0,34.3,63.5,58.5,Cubic,Recyclable
Emptying,85.4,41.6,9.0,85.0,51.6,98.2,67.8,Diamond,Non Recyclable
Emptying,73.5,30.4,8.0,77.9,66.8,56.8,32.8,Rectangular,Non Recyclable
Emptying,64.7,27.3,6.0,56.8,35.2,61.8,20.5,BIM-3 FTI bottentomd,Non Recyclable
Non Emptying,50.1,30.3,2.0,71.9,31.9,39.5,28.8,Lindstrom City,Non Recyclable
Emptying,96.7,69.1,6.0,67.5,32.6,87.3,57.7,Fiberglass Igloo-a,Non Recyclable
Emptying,79.2,49.1,7.0,85.3,40.2,33.7,23.5,Silvertop-a,Mixed
Non Emptying,30.3,27.5,2.0,33.3,23.1,53.4,35.7,Fiberglass Igloo-a,Non Recyclable
Non Emptying,33.4,21.6,2.0,73.8,34.7,73.6,34.1,Lindstrom-b,Recyclable
Emptying,64.6,24.0,9.0,58.1,30.8,52.3,31.7,Fiberglass Igloo-b,Mixed
Emptying,79.1,38.9,8.0,70.5,61.3,72.5,60.9,Accordion,Non Recyclable
Non Emptying,67.7,52.0,5.0,99.0,67.8,70.0,21.5,Fiberglass Igloo-b,Mixed
Emptying,91.0,53.3,9.0,61.4,36.8,50.6,37.6,Lindstrom-a,Non Recyclable
Emptying,64.5,23.2,7.0,61.2,22.9,63.0,53.8,Lindstrom City,Recyclable
Emptying,70.0,48.6,9.0,36.7,25.5,98.3,52.2,Silvertop-a,Recyclable
Non Emptying,57.0,30.4,2.0,61.4,50.3,71.6,64.2,Lindstrom City,Non Recyclable
Non Emptying,58.1,33.3,1.0,52.2,35.0,63.6,51.2,Cubic,Recyclable
Emptying,76.6,39.7,9.0,81.6,44.9,69.1,29.8,Lindstrom-a,Mixed
Emptying,77.9,34.0,6.0,70.6,66.2,60.1,31.5,Fiberglass Igloo-a,Recyclable
Non Emptying,51.3,33.9,2.0,73.1,66.1,31.7,27.7,Lindstrom-b,Mixed
Non Emptying,71.5,64.1,2.0,61.5,55.7,87.9,45.5,Cubic,Non Recyclable
Emptying,84.8,45.6,6.0,66.5,53.9,70.3,64.4,Fiberglass Igloo-b,Mixed
Non Emptying,31.1,26.3,4.0,52.5,31.4,73.9,41.3,Silvertop-b,Non Recyclable
Non Emptying,64.2,54.4,3.0,32.0,21.7,96.5,56.0,Rectangular Farmland,Mixed
Emptying,64.1,24.4,7.0,55.9,33.2,77.2,66.4,BIM-3 FTI bottentomd,Non Recyclable
Emptying,93.7,65.5,7.0,96.9,57.8,69.1,22.4,Rectangular,Non Recyclable
Emptying,85.7,54.8,7.0,98.1,69.2,69.8,23.4,Diamond,Mixed
Non Emptying,60.8,51.5,4.0,70.1,31.2,69.6,53.8,Lindstrom-b,Non Recyclable
Emptying,75.4,43.0,9.0,87.3,42.3,62.9,33.3,Fiberglass Igloo-a,Recyclable
Emptying,65.8,21.7,7.0,85.1,59.8,70.7,62.9,Fiberglass Igloo-a,Mixed
Emptying,83.0,46.0,8.0,89.0,44.7,73.4,64.9,Silvertop-a,Non Recyclable
Emptying,84.0,54.5,7.0,74.1,68.2,87.6,48.4,Accordion,Mixed
Emptying,72.6,32.3,6.0,76.2,37.3,66.0,21.3,Cubic,Mixed
Emptying,76.4,47.9,8.0,71.8,68.0,98.1,50.2,Silvertop-a,Recyclable
Emptying,93.3,52.8,7.0,78.4,41.1,75.3,66.6,Diamond,Non Recyclable
Emptying,87.0,49.8,8.0,73.9,60.8,75.6,65.5,Fiberglass Igloo-b,Mixed
Non Emptying,70.6,62.4,5.0,35.5,25.6,79.8,68.9,Rectangular,Mixed
Emptying,63.3,34.2,6.0,35.4,25.6,74.3,43.1,Fiberglass Igloo-a,Recyclable
Emptying,71.6,32.6,8.0,70.9,41.3,75.4,66.1,Lindstrom-a,Non Recyclable
Emptying,98.4,54.6,8.0,60.0,50.4,96.4,62.2,Diamond,Non Recyclable
Emptying,91.8,67.3,6.0,52.1,36.5,39.8,20.9,Rectangular Farmland,Non Recyclable
Emptying,70.8,49.7,8.0,87.3,53.0,31.4,23.4,Accordion,Recyclable
Non Emptying,38.2,22.2,5.0,66.6,24.0,97.5,57.6,Fiberglass Igloo-a,Mixed
Non Emptying,60.0,37.1,1.0,76.8,65.4,62.2,53.6,Lindstrom-a,Non Recyclable
Emptying,70.5,42.1,9.0,63.7,50.8,33.9,25.2,Fiberglass Igloo-b,Non Recyclable
Non Emptying,66.2,52.3,1.0,62.5,36.2,73.1,30.4,Fiberglass Igloo-b,Recyclable
Emptying,81.2,43.2,6.0,71.2,67.2,79.0,30.1,Diamond,Non Recyclable
Emptying,70.7,44.6,6.0,85.9,43.2,61.2,26.4,Malmobehallare,Mixed
Non Emptying,33.6,28.5,3.0,85.5,40.1,88.9,44.6,Fiberglass Igloo-b,Recyclable
Non Emptying,57.1,33.9,3.0,71.0,64.3,80.2,53.4,BIM-3 FTI bottentomd,Recyclable
Emptying,89.5,50.1,8.0,69.1,24.4,64.4,57.7,Rectangular,Non Recyclable
Emptying,97.1,63.5,7.0,98.5,65.7,90.8,61.0,BIM-3 FTI bottentomd,Non Recyclable
Emptying,95.1,51.8,6.0,35.6,23.6,71.1,30.0,Lindstrom City,Mixed
Non Emptying,34.3,26.4,3.0,66.6,30.4,78.9,32.7,Lindstrom-b,Mixed
Non Emptying,71.5,66.4,3.0,62.6,53.4,61.6,52.3,Accordion,Recyclable
Non Emptying,38.5,25.6,5.0,55.4,30.5,95.8,51.4,Diamond,Recyclable
Emptying,83.9,46.5,7.0,39.1,23.5,73.1,68.8,Lindstrom City,Mixed
Emptying,89.7,42.8,6.0,70.9,65.5,64.2,34.2,Diamond,Recyclable
Emptying,71.6,30.8,6.0,51.8,30.5,62.4,53.4,Rectangular Farmland,Non Recyclable
Non Emptying,39.5,21.8,2.0,70.4,66.3,52.9,30.4,BIM-3 FTI bottentomd,Recyclable
Emptying,87.0,40.8,7.0,59.6,38.9,70.2,42.7,Cubic,Recyclable
Non Emptying,62.2,56.1,4.0,62.8,22.8,82.1,52.3,Fiberglass Igloo-a,Mixed
Non Emptying,65.5,52.6,1.0,75.0,64.3,32.1,24.3,Lindstrom-b,Recyclable
Non Emptying,51.5,30.9,1.0,73.7,62.4,67.4,29.7,BIM-3 FTI bottentomd,Recyclable
Non Emptying,31.3,25.3,3.0,30.8,26.4,83.9,59.5,Accordion,Mixed
Emptying,77.0,46.2,7.0,78.4,38.4,78.6,62.1,Silvertop-a,Non Recyclable
Emptying,75.5,34.4,8.0,81.4,44.3,82.6,43.8,Lindstrom-b,Mixed
Emptying,88.1,42.4,8.0,34.7,27.9,58.8,37.0,Fiberglass Igloo-b,Non Recyclable
Non Emptying,55.8,35.5,2.0,86.5,56.5,82.0,47.5,Rectangular Farmland,Mixed
Emptying,74.5,30.0,6.0,80.8,56.0,79.3,61.4,Accordion,Non Recyclable
Non Emptying,32.7,21.4,3.0,51.1,32.9,64.7,50.3,Lindstrom City,Recyclable
Emptying,94.2,50.7,9.0,72.6,60.7,57.6,35.3,Fiberglass Igloo-a,Mixed
Non Emptying,32.8,20.2,3.0,53.7,32.8,60.1,55.5,Lindstrom City,Non Recyclable
Non Emptying,73.5,64.5,5.0,70.8,62.5,63.5,32.9,Fiberglass Igloo-a,Non Recyclable
Emptying,66.2,21.4,6.0,81.9,49.8,67.6,25.6,Fiberglass Igloo-a,Mixed
Emptying,60.7,23.8,6.0,80.0,61.4,32.4,24.4,Diamond,Mixed
Non Emptying,76.3,60.3,5.0,93.0,67.5,75.7,63.6,Silvertop-b,Recyclable
Emptying,99.8,52.1,8.0,34.4,24.3,50.9,32.8,Cubic,Recyclable
Emptying,80.0,59.8,6.0,83.3,57.3,59.8,37.8,Malmobehallare,Non Recyclable
Non Emptying,53.9,35.1,1.0,50.5,32.4,93.2,60.1,Cubic,Non Recyclable
Emptying,90.0,63.2,9.0,71.5,64.5,61.7,35.7,Accordion,Non Recyclable
Emptying,76.2,32.9,8.0,71.7,47.3,73.3,68.0,Diamond,Mixed
Non Emptying,67.2,53.0,1.0,99.4,55.0,38.8,26.5,Rectangular Farmland,Mixed
Emptying,87.1,45.4,6.0,56.9,36.6,58.5,37.1,Fiberglass Igloo-a,Mixed
Non Emptying,64.6,58.0,1.0,76.0,61.6,74.1,44.4,BIM-3 FTI bottentomd,Non Recyclable
Emptying,85.8,49.5,9.0,61.9,52.0,91.8,65.9,Cubic,Mixed
Non Emptying,51.8,33.1,3.0,38.5,23.4,76.4,64.8,Lindstrom City,Recyclable
Non Emptying,73.7,64.3,4.0,56.7,32.4,68.7,53.8,Fiberglass Igloo-a,Non Recyclable
Emptying,92.2,61.3,6.0,32.3,25.5,77.1,33.9,Lindstrom-b,Mixed
Non Emptying,60.0,52.7,4.0,36.9,22.7,55.7,38.5,Accordion,Non Recyclable
Non Emptying,79.2,62.0,2.0,81.5,43.4,35.0,28.4,Malmobehallare,Recyclable
Emptying,85.0,57.4,7.0,64.1,32.0,74.2,46.4,Cubic,Recyclable
Non Emptying,61.7,52.9,2.0,55.5,38.8,66.4,36.7,Rectangular,Recyclable
Non Emptying,56.3,37.8,1.0,62.6,21.1,73.0,67.2,Diamond,Recyclable
Non Emptying,54.8,36.5,3.0,88.2,45.7,85.2,48.7,Silvertop-a,Recyclable
Non Emptying,63.4,50.1,1.0,67.9,59.0,51.8,35.6,Lindstrom-a,Mixed
Non Emptying,65.5,58.8,3.0,74.3,64.2,70.4,62.4,Diamond,Recyclable
Non Emptying,36.5,23.3,4.0,30.9,20.1,65.1,33.7,Lindstrom-a,Recyclable
Non Emptying,56.7,33.5,2.0,63.1,30.6,61.9,51.0,Rectangular,Recyclable
Non Emptying,55.0,35.0,3.0,64.3,53.0,55.4,30.0,Fiberglass Igloo-b,Recyclable
Emptying,62.8,24.6,8.0,31.4,24.2,92.3,54.1,Silvertop-b,Non Recyclable
Non Emptying,72.7,64.9,2.0,89.8,45.2,33.6,20.5,Diamond,Recyclable
Non Emptying,63.6,53.4,1.0,85.2,41.4,86.6,44.5,Fiberglass Igloo-a,Non Recyclable
Emptying,63.2,21.9,9.0,31.4,20.6,78.3,66.5,Lindstrom-a,Mixed
Emptying,75.6,39.5,6.0,74.3,61.0,50.1,36.2,Diamond,Mixed
Emptying,96.4,50.4,8.0,92.8,57.1,39.2,28.7,Malmobehallare,Mixed
Non Emptying,67.6,56.8,2.0,75.9,41.9,91.1,60.8,Rectangular Farmland,Non Recyclable
Emptying,67.9,24.3,6.0,77.8,67.6,88.4,55.8,Silvertop-b,Mixed
Emptying,60.6,30.9,7.0,30.8,21.6,98.7,63.4,Fiberglass Igloo-b,Recyclable
Emptying,64.4,29.8,9.0,76.4,65.7,50.4,30.2,Silvertop-b,Non Recyclable
Non Emptying,33.9,23.5,5.0,72.6,63.1,69.7,24.5,Rectangular Farmland,Recyclable
Emptying,79.9,38.6,6.0,96.4,54.3,74.5,62.2,Rectangular,Non Recyclable
Non Emptying,51.3,32.6,3.0,83.1,49.9,60.4,33.1,Malmobehallare,Non Recyclable
Emptying,90.8,53.6,8.0,36.1,28.4,90.0,53.2,Malmobehallare,Recyclable
Non Emptying,60.4,59.0,2.0,57.6,31.5,86.9,52.0,Rectangular,Recyclable
Emptying,74.2,40.5,6.0,96.6,61.2,98.5,52.3,Silvertop-a,Recyclable
Emptying,63.1,33.0,6.0,90.6,69.7,70.3,66.3,Lindstrom City,Non Recyclable
Emptying,77.6,31.3,6.0,83.8,57.2,62.5,52.6,Rectangular,Mixed
Non Emptying,74.8,65.1,3.0,87.8,49.1,71.6,60.7,Rectangular Farmland,Mixed
Non Emptying,73.5,61.1,4.0,60.4,20.1,61.7,34.4,Silvertop-a,Non Recyclable
Non Emptying,35.7,24.0,2.0,69.5,35.7,78.6,61.5,Lindstrom-a,Recyclable
Non Emptying,63.6,54.2,1.0,68.9,30.7,72.9,62.0,Fiberglass Igloo-a,Non Recyclable
Emptying,99.6,62.3,6.0,66.1,53.3,74.0,65.5,Lindstrom-a,Recyclable
Emptying,85.9,50.8,8.0,89.6,57.1,50.8,31.9,Fiberglass Igloo-b,Recyclable
Non Emptying,68.4,58.1,5.0,66.4,53.8,32.2,24.7,Silvertop-b,Recyclable
Emptying,67.6,24.5,9.0,78.1,64.4,34.7,23.2,Fiberglass Igloo-b,Mixed
Non Emptying,63.1,51.0,5.0,95.9,51.9,57.7,33.2,Silvertop-a,Recyclable
Emptying,72.2,40.3,6.0,65.8,54.0,53.8,38.8,Lindstrom City,Mixed
Emptying,99.1,67.5,6.0,94.1,66.9,59.4,31.7,Silvertop-a,Mixed
Emptying,73.5,39.3,6.0,72.3,33.8,98.0,53.6,Lindstrom City,Recyclable
Emptying,73.6,32.4,6.0,52.9,35.7,81.6,51.4,BIM-3 FTI bottentomd,Recyclable
Emptying,98.3,61.8,6.0,76.4,33.6,70.3,64.4,Rectangular Farmland,Mixed
Emptying,95.8,50.9,9.0,79.1,65.6,67.2,56.7,Lindstrom City,Non Recyclable
Emptying,87.4,60.0,9.0,56.3,33.7,52.4,34.7,Rectangular Farmland,Mixed
Non Emptying,36.4,20.7,3.0,82.5,47.5,74.9,63.5,Silvertop-a,Recyclable
Emptying,70.5,41.2,8.0,99.9,69.4,72.6,66.6,Cubic,Recyclable
Non Emptying,72.6,65.4,3.0,71.4,63.3,58.0,34.7,Fiberglass Igloo-b,Mixed
Emptying,88.0,53.3,6.0,33.7,21.0,72.7,63.9,BIM-3 FTI bottentomd,Non Recyclable
Emptying,70.4,41.4,6.0,63.6,50.0,62.1,23.8,Fiberglass Igloo-a,Recyclable
Emptying,90.8,51.4,8.0,80.6,59.7,63.2,35.1,Lindstrom City,Non Recyclable
Non Emptying,63.0,52.7,1.0,78.6,61.1,61.5,32.8,Lindstrom-b,Mixed
Non Emptying,38.1,29.0,1.0,71.5,49.2,84.0,53.7,Malmobehallare,Non Recyclable
Non Emptying,74.0,65.2,2.0,53.9,35.3,60.9,50.0,Malmobehallare,Non Recyclable
Non Emptying,52.2,36.4,2.0,67.6,21.3,50.9,38.0,Accordion,Mixed
Emptying,86.9,45.2,6.0,70.0,62.1,71.4,34.0,Silvertop-a,Mixed
Non Emptying,35.4,25.7,1.0,70.7,47.0,71.4,66.7,Lindstrom City,Mixed
Non Emptying,78.7,61.1,2.0,53.4,33.5,65.0,52.8,Silvertop-a,Recyclable
Emptying,70.0,38.1,6.0,66.2,26.1,39.0,24.8,Diamond,Mixed
Emptying,84.7,48.6,6.0,72.9,33.9,96.5,51.0,Rectangular Farmland,Recyclable
Emptying,88.0,49.9,7.0,34.3,23.7,65.8,54.7,BIM-3 FTI bottentomd,Recyclable
Non Emptying,72.5,61.6,1.0,92.3,54.1,81.9,55.6,Lindstrom-b,Recyclable
Non Emptying,79.5,65.2,3.0,78.4,62.9,36.3,28.7,Diamond,Non Recyclable
Emptying,65.6,38.7,6.0,70.3,61.0,53.5,34.0,Lindstrom City,Mixed
Non Emptying,57.6,35.4,5.0,97.9,54.0,79.8,34.3,Malmobehallare,Non Recyclable
Emptying,82.0,40.7,6.0,66.4,36.4,39.7,21.3,Lindstrom-b,Mixed
Emptying,91.8,57.0,6.0,66.2,52.7,77.3,62.7,Fiberglass Igloo-a,Non Recyclable
Non Emptying,51.6,30.5,1.0,59.0,36.0,79.4,37.9,Fiberglass Igloo-b,Mixed
Emptying,81.0,42.9,6.0,70.4,65.8,79.1,65.6,Fiberglass Igloo-a,Recyclable
Non Emptying,53.9,34.3,5.0,95.7,57.2,61.4,22.7,Rectangular,Non Recyclable
Emptying,61.8,23.4,7.0,91.5,59.6,65.6,51.0,Accordion,Non Recyclable
Emptying,72.9,40.6,8.0,38.2,27.5,50.3,33.5,Rectangular,Non Recyclable
Non Emptying,74.1,62.9,2.0,88.0,42.7,90.9,66.6,BIM-3 FTI bottentomd,Recyclable
Emptying,84.6,42.3,6.0,31.7,24.0,73.2,31.5,Malmobehallare,Recyclable
Emptying,94.7,54.4,6.0,72.2,68.0,92.6,51.5,Malmobehallare,Recyclable
Non Emptying,53.8,31.7,4.0,38.7,21.2,62.6,57.7,BIM-3 FTI bottentomd,Non Recyclable
Non Emptying,36.4,24.1,2.0,95.6,55.1,63.2,28.3,Silvertop-b,Mixed
Emptying,70.7,30.3,6.0,57.7,34.4,61.6,37.6,Fiberglass Igloo-a,Recyclable
Non Emptying,38.5,27.9,1.0,61.0,52.3,82.9,42.7,Silvertop-a,Non Recyclable
Non Emptying,52.5,31.5,1.0,84.0,48.0,36.6,25.9,Malmobehallare,Recyclable
Emptying,82.0,52.8,8.0,35.3,24.9,51.4,33.0,Silvertop-b,Non Recyclable
Non Emptying,51.3,33.9,4.0,30.4,23.5,72.1,68.2,Silvertop-b,Non Recyclable
Non Emptying,60.9,50.7,2.0,94.4,69.6,31.8,26.4,BIM-3 FTI bottentomd,Non Recyclable
Emptying,80.2,58.2,9.0,86.9,47.3,71.3,64.0,Silvertop-a,Mixed
Emptying,92.9,61.4,6.0,95.1,53.6,31.5,21.9,BIM-3 FTI bottentomd,Non Recyclable
Non Emptying,74.2,63.3,1.0,32.3,25.0,50.6,34.4,Lindstrom-b,Non Recyclable
Non Emptying,73.3,67.0,4.0,61.3,55.1,63.0,35.2,Rectangular Farmland,Non Recyclable
Non Emptying,58.5,33.7,3.0,31.8,25.0,67.1,23.7,Fiberglass Igloo-b,Non Recyclable
Emptying,79.3,34.8,6.0,79.0,45.7,65.9,26.8,Rectangular Farmland,Mixed
Emptying,83.3,55.4,9.0,69.4,23.6,76.1,32.9,Rectangular Farmland,Mixed
Non Emptying,54.8,37.4,4.0,58.0,34.9,68.5,22.8,Accordion,Non Recyclable
Emptying,89.0,50.5,6.0,64.6,52.7,71.3,60.1,Fiberglass Igloo-b,Non Recyclable
Non Emptying,39.6,22.1,1.0,67.8,20.5,73.6,63.6,Lindstrom City,Mixed
Non Emptying,65.0,54.7,4.0,30.7,28.7,60.3,20.3,Fiberglass Igloo-a,Recyclable
Non Emptying,60.3,51.7,4.0,68.6,56.2,68.7,29.3,Accordion,Recyclable
Non Emptying,61.8,51.2,4.0,70.6,32.6,77.4,66.1,Accordion,Recyclable
Non Emptying,37.2,26.6,5.0,86.1,42.2,75.1,46.2,Lindstrom-b,Recyclable
Non Emptying,60.9,50.8,2.0,59.7,31.7,80.1,52.9,Diamond,Mixed
Emptying,64.3,34.3,6.0,32.5,20.3,83.5,52.8,Diamond,Non Recyclable
Emptying,83.7,44.4,8.0,63.5,24.0,74.6,62.9,Accordion,Recyclable
Emptying,66.1,25.1,7.0,94.2,53.8,80.0,45.8,Cubic,Recyclable
Emptying,84.0,46.7,6.0,95.4,52.5,77.9,64.9,Malmobehallare,Mixed
Non Emptying,34.5,28.6,5.0,70.5,41.4,65.2,35.6,Rectangular,Recyclable
Emptying,75.1,30.5,8.0,51.2,36.2,74.1,63.2,Lindstrom-a,Recyclable
Non Emptying,64.9,52.8,2.0,93.1,50.3,33.3,27.4,Lindstrom City,Recyclable
Non Emptying,66.7,54.6,5.0,61.6,20.0,66.4,54.7,Lindstrom-b,Mixed
Non Emptying,71.1,65.2,3.0,70.6,61.0,72.6,31.5,Malmobehallare,Mixed
Non Emptying,59.4,34.1,2.0,73.8,31.4,66.8,38.0,BIM-3 FTI bottentomd,Non Recyclable
Non Emptying,33.5,21.9,3.0,34.2,23.4,60.5,21.2,Rectangular,Mixed
Emptying,84.3,42.4,6.0,66.0,50.9,79.7,63.1,Cubic,Recyclable
Non Emptying,78.6,60.8,2.0,66.0,55.2,70.9,39.9,Silvertop-b,Recyclable
Emptying,99.9,59.1,8.0,72.3,61.8,58.5,30.9,Rectangular,Mixed
Emptying,85.7,55.9,6.0,50.3,31.6,68.1,53.2,BIM-3 FTI bottentomd,Non Recyclable
Non Emptying,53.8,34.6,2.0,52.6,36.5,51.1,36.7,Rectangular,Non Recyclable
Non Emptying,64.1,54.4,5.0,71.5,34.5,63.0,32.4,BIM-3 FTI bottentomd,Non Recyclable
Emptying,66.5,33.9,6.0,65.7,55.6,85.5,44.4,Accordion,Non Recyclable
Emptying,62.5,24.7,6.0,60.0,22.3,67.3,55.2,Lindstrom City,Recyclable
Emptying,77.4,45.1,6.0,36.8,20.8,31.3,27.4,Rectangular,Non Recyclable
Non Emptying,50.8,39.0,1.0,38.9,21.2,30.6,26.0,Lindstrom-b,Recyclable
Emptying,61.9,29.2,6.0,76.1,42.8,37.2,22.9,Malmobehallare,Recyclable
Non Emptying,51.7,30.7,4.0,91.6,54.6,31.2,20.1,BIM-3 FTI bottentomd,Recyclable
Non Emptying,69.6,55.0,3.0,98.0,50.4,57.0,35.8,Fiberglass Igloo-b,Non Recyclable
Non Emptying,70.4,68.6,1.0,72.0,66.7,53.1,31.7,Accordion,Mixed
Non Emptying,52.3,35.9,5.0,63.9,24.8,37.6,22.1,Malmobehallare,Mixed
Emptying,81.9,50.0,6.0,50.2,34.8,50.7,31.4,Diamond,Recyclable
Emptying,70.2,47.8,9.0,38.8,23.3,62.5,53.6,Malmobehallare,Non Recyclable
Emptying,66.0,23.7,9.0,38.9,25.8,89.6,58.2,Lindstrom-a,Mixed
Non Emptying,75.2,65.6,5.0,73.6,66.6,31.1,26.2,BIM-3 FTI bottentomd,Mixed
Non Emptying,30.7,25.8,2.0,59.5,33.0,53.0,32.3,Lindstrom-a,Mixed
Non Emptying,59.4,30.6,1.0,39.7,21.4,91.6,60.7,Accordion,Non Recyclable
Emptying,78.5,39.2,9.0,89.2,52.2,80.5,42.4,Lindstrom City,Recyclable
Emptying,93.1,51.9,7.0,60.7,23.2,64.3,22.8,Lindstrom-a,Non Recyclable
Emptying,88.5,43.3,6.0,36.4,28.0,81.5,41.4,Lindstrom-b,Recyclable
Emptying,98.5,68.1,8.0,66.8,58.2,78.5,67.7,BIM-3 FTI bottentomd,Recyclable
Emptying,72.1,39.0,7.0,74.2,48.8,63.1,57.6,Lindstrom-a,Mixed
Non Emptying,36.8,21.0,2.0,88.3,45.3,81.6,47.3,Rectangular Farmland,Mixed
Non Emptying,73.3,66.5,1.0,89.3,46.0,32.9,21.8,Lindstrom-b,Recyclable
Emptying,89.2,50.3,8.0,38.3,20.8,75.2,68.1,Fiberglass Igloo-b,Non Recyclable
Non Emptying,38.7,26.6,2.0,88.6,55.3,33.5,23.0,BIM-3 FTI bottentomd,Non Recyclable
Emptying,80.0,39.8,6.0,68.5,20.8,89.7,44.7,Lindstrom City,Non Recyclable
Non Emptying,78.4,65.9,4.0,90.1,64.7,62.0,26.6,Accordion,Mixed
Non Emptying,70.7,60.0,4.0,92.4,54.4,58.3,30.3,Cubic,Non Recyclable
Non Emptying,67.9,57.3,5.0,54.5,34.5,55.2,30.5,Lindstrom City,Non Recyclable
Non Emptying,61.2,55.8,4.0,91.8,59.9,92.9,53.3,Rectangular Farmland,Non Recyclable
Emptying,92.2,52.6,7.0,75.8,35.8,95.3,54.0,Malmobehallare,Mixed
Emptying,70.5,31.3,8.0,95.2,63.0,91.3,58.7,Diamond,Non Recyclable
Non Emptying,63.2,51.7,3.0,64.4,37.0,75.4,44.0,Rectangular,Mixed
Non Emptying,52.0,31.9,3.0,77.0,65.7,73.8,30.1,Cubic,Recyclable
Emptying,69.3,30.7,6.0,73.2,67.7,50.5,38.9,Accordion,Recyclable
Non Emptying,58.6,34.5,3.0,82.6,49.0,82.8,42.4,Fiberglass Igloo-a,Mixed
Emptying,61.3,28.5,7.0,78.0,35.1,61.0,53.4,Fiberglass Igloo-a,Recyclable
Non Emptying,35.1,22.7,4.0,72.0,60.5,61.3,52.6,Lindstrom City,Recyclable
Emptying,82.7,58.6,6.0,62.4,35.2,82.3,49.6,Lindstrom-a,Recyclable
Emptying,63.4,31.4,6.0,53.9,32.2,36.5,27.0,Diamond,Mixed
Non Emptying,67.1,54.3,1.0,99.4,64.9,99.3,51.8,Lindstrom City,Recyclable
Emptying,79.6,30.5,8.0,72.9,67.1,74.4,32.1,Lindstrom-a,Recyclable
Emptying,83.1,51.7,9.0,31.6,20.7,35.8,24.5,Fiberglass Igloo-a,Non Recyclable
Emptying,61.6,33.7,8.0,65.0,52.8,77.5,64.3,Fiberglass Igloo-a,Mixed
Non Emptying,63.2,54.3,3.0,39.5,26.5,78.3,63.1,Diamond,Recyclable
Emptying,90.3,67.7,6.0,59.7,38.1,78.5,30.3,Silvertop-b,Mixed
Non Emptying,79.6,62.8,2.0,56.2,33.3,60.4,52.0,Fiberglass Igloo-a,Non Recyclable
Non Emptying,50.4,31.4,1.0,63.3,28.8,73.3,62.0,Silvertop-a,Recyclable
Non Emptying,62.1,53.6,3.0,63.5,54.6,72.0,67.6,BIM-3 FTI bottentomd,Mixed
Non Emptying,39.2,23.6,1.0,31.1,25.1,51.0,33.5,Malmobehallare,Non Recyclable
Non Emptying,32.4,20.4,2.0,67.7,57.6,82.3,41.1,Silvertop-a,Non Recyclable
Non Emptying,77.9,63.1,1.0,74.5,68.6,63.1,21.6,Lindstrom-a,Non Recyclable
Non Emptying,65.8,53.2,3.0,36.2,22.5,61.8,21.8,Cubic,Recyclable
Emptying,75.6,45.5,8.0,65.7,32.3,62.0,57.2,BIM-3 FTI bottentomd,Non Recyclable
Non Emptying,72.1,65.3,2.0,71.1,66.7,72.4,32.7,Fiberglass Igloo-b,Mixed
Non Emptying,74.3,61.6,2.0,88.2,57.9,93.6,67.4,Silvertop-a,Non Recyclable
Emptying,60.4,34.8,8.0,30.2,22.6,71.1,32.0,Diamond,Non Recyclable
Emptying,81.0,40.0,6.0,87.0,54.6,36.7,24.0,Rectangular Farmland,Mixed
Emptying,77.2,37.5,6.0,50.4,34.7,67.7,28.2,Silvertop-a,Non Recyclable
Non Emptying,68.8,54.1,1.0,62.7,53.9,82.8,42.1,Accordion,Recyclable
Emptying,86.1,46.4,6.0,64.5,32.1,61.3,22.9,Malmobehallare,Recyclable
Emptying,61.4,36.4,6.0,93.6,59.4,60.7,25.0,Lindstrom-a,Recyclable
Non Emptying,57.2,34.4,2.0,71.6,68.9,61.6,22.9,Malmobehallare,Recyclable
Non Emptying,64.1,56.9,2.0,71.0,65.3,92.1,67.9,Accordion,Mixed
Non Emptying,71.0,65.3,1.0,36.3,28.3,75.5,31.7,Lindstrom-b,Recyclable
Emptying,80.3,42.1,9.0,62.8,55.9,89.4,57.5,Lindstrom-a,Recyclable
Non Emptying,34.1,24.9,3.0,69.8,51.2,72.2,40.3,Lindstrom City,Non Recyclable
Emptying,94.8,58.1,7.0,99.0,64.4,82.2,43.9,Silvertop-b,Recyclable
Non Emptying,70.9,64.1,1.0,50.0,37.1,32.8,23.7,Lindstrom-a,Non Recyclable
Non Emptying,69.7,50.8,2.0,51.2,37.4,91.5,54.7,Rectangular,Recyclable
Emptying,71.1,33.3,8.0,73.6,66.0,61.1,32.6,Silvertop-a,Mixed
Emptying,99.5,55.9,6.0,90.5,62.0,69.6,30.0,Fiberglass Igloo-b,Mixed
Emptying,82.9,40.9,7.0,65.4,52.8,67.1,55.9,Accordion,Non Recyclable
Emptying,72.3,31.1,6.0,36.9,26.0,66.3,24.2,BIM-3 FTI bottentomd,Non Recyclable
Non Emptying,59.9,36.2,4.0,80.5,59.3,56.6,32.4,Silvertop-a,Recyclable
Emptying,83.0,43.7,8.0,37.4,24.8,52.8,36.9,Accordion,Mixed
Emptying,71.2,45.7,9.0,70.8,63.0,36.3,26.1,Fiberglass Igloo-a,Non Recyclable
Non Emptying,77.9,63.5,5.0,90.0,58.4,71.5,47.4,Fiberglass Igloo-a,Mixed
Emptying,75.8,41.3,9.0,63.1,51.1,94.0,59.2,Accordion,Recyclable
Emptying,62.5,38.6,6.0,83.5,46.8,90.4,54.5,Diamond,Recyclable
Emptying,72.7,34.2,9.0,91.4,65.8,83.7,40.2,Accordion,Non Recyclable
Non Emptying,63.1,56.1,3.0,78.1,47.5,72.4,61.6,Lindstrom City,Non Recyclable
Non Emptying,64.6,53.1,3.0,78.7,68.5,73.9,63.3,Lindstrom-a,Mixed
Non Emptying,69.9,56.3,1.0,76.4,30.6,70.1,63.9,Lindstrom-b,Mixed
Emptying,89.6,53.8,6.0,73.7,46.5,79.5,68.5,Cubic,Mixed
Non Emptying,79.5,66.3,3.0,67.2,51.6,66.1,54.0,Silvertop-a,Mixed
Emptying,96.2,67.4,8.0,87.9,46.4,52.7,31.6,Fiberglass Igloo-a,Recyclable
Non Emptying,62.1,53.0,5.0,97.3,51.2,72.8,49.3,Rectangular Farmland,Non Recyclable
Non Emptying,70.8,63.3,1.0,53.6,31.3,98.8,56.4,Rectangular,Non Recyclable
Emptying,96.2,57.6,8.0,97.5,69.9,53.4,32.6,Rectangular,Mixed
Emptying,78.3,33.0,9.0,93.0,62.8,61.1,31.1,Cubic,Mixed
Emptying,75.4,31.0,6.0,89.9,48.6,70.6,68.7,Diamond,Mixed
Emptying,76.3,31.4,7.0,59.8,31.1,58.9,30.5,Lindstrom-a,Recyclable
Non Emptying,33.6,26.2,1.0,76.6,67.3,56.9,36.7,Rectangular,Non Recyclable
Non Emptying,54.5,32.9,1.0,40.0,25.2,92.4,54.2,Lindstrom City,Non Recyclable
Non Emptying,74.9,62.7,5.0,94.2,52.2,55.3,30.1,Accordion,Mixed
Emptying,65.0,20.4,6.0,71.4,40.6,62.4,38.7,Cubic,Non Recyclable
Non Emptying,53.0,30.5,1.0,74.8,34.3,62.1,53.1,Diamond,Recyclable
Emptying,62.6,24.0,7.0,69.0,35.5,34.0,25.3,Accordion,Recyclable
Emptying,90.8,59.2,6.0,92.2,66.1,65.1,52.0,Diamond,Mixed
Non Emptying,56.6,38.0,5.0,68.9,52.4,62.2,22.2,Accordion,Mixed
Emptying,77.7,36.8,9.0,68.2,27.8,38.1,28.2,Malmobehallare,Mixed
Non Emptying,75.6,64.8,4.0,74.0,67.5,78.7,64.5,Rectangular,Mixed
Non Emptying,63.2,50.6,4.0,63.6,52.6,32.3,21.1,Cubic,Non Recyclable
Non Emptying,76.4,60.5,3.0,67.7,50.8,51.8,32.3,Silvertop-a,Recyclable
Emptying,65.9,36.1,7.0,72.2,33.5,64.7,50.3,Lindstrom City,Recyclable
Non Emptying,34.1,23.9,1.0,59.8,33.4,79.2,60.8,Fiberglass Igloo-a,Non Recyclable
Emptying,76.8,40.8,7.0,75.0,61.5,52.0,32.9,Fiberglass Igloo-b,Mixed
Non Emptying,57.1,32.2,1.0,84.2,41.6,82.7,46.6,Lindstrom-b,Recyclable
Non Emptying,67.8,55.4,4.0,65.2,53.5,98.4,53.4,Silvertop-a,Non Recyclable
Emptying,60.1,26.9,6.0,35.0,27.8,90.0,54.0,Lindstrom City,Mixed
Emptying,60.8,23.4,8.0,96.2,67.4,71.3,33.5,Lindstrom-a,Mixed
Emptying,82.7,58.5,8.0,58.2,31.5,71.9,69.0,Lindstrom City,Non Recyclable
Emptying,70.2,30.9,6.0,75.5,44.3,55.1,35.5,Rectangular Farmland,Mixed
Emptying,72.6,33.1,6.0,60.5,22.4,77.8,45.6,Fiberglass Igloo-b,Non Recyclable
Emptying,78.6,46.3,7.0,60.5,51.2,64.2,56.7,Silvertop-b,Non Recyclable
Emptying,71.1,45.4,6.0,32.8,20.9,68.6,50.8,Fiberglass Igloo-b,Recyclable
Non Emptying,34.9,27.1,2.0,34.6,26.7,69.5,57.3,Lindstrom-b,Mixed
Emptying,63.7,28.0,8.0,70.2,62.3,70.2,65.8,Cubic,Mixed
Non Emptying,31.8,24.6,5.0,83.2,59.2,60.6,28.1,Silvertop-b,Recyclable
Emptying,85.3,42.3,8.0,62.6,54.0,51.3,36.1,BIM-3 FTI bottentomd,Non Recyclable
Non Emptying,75.3,60.8,4.0,71.8,48.6,66.5,36.5,BIM-3 FTI bottentomd,Non Recyclable
Non Emptying,31.9,27.8,5.0,93.6,51.0,73.4,33.8,Rectangular,Mixed
Emptying,90.2,55.6,9.0,69.0,54.2,68.3,36.2,Accordion,Mixed
Emptying,90.0,54.2,6.0,72.9,61.6,91.5,66.7,Lindstrom-b,Mixed
Emptying,89.7,44.6,8.0,86.0,45.5,70.8,37.4,Lindstrom-a,Non Recyclable
Emptying,84.7,41.6,6.0,73.0,60.3,81.9,40.4,Fiberglass Igloo-a,Non Recyclable
Non Emptying,62.9,58.3,3.0,57.9,37.3,67.5,35.9,Cubic,Recyclable
Emptying,66.8,21.3,9.0,78.0,33.0,33.8,25.0,Lindstrom City,Non Recyclable
Emptying,92.5,68.7,6.0,61.5,56.2,66.8,58.1,Lindstrom City,Mixed
Emptying,71.9,42.3,9.0,53.2,37.8,30.2,25.0,Rectangular Farmland,Mixed
Emptying,80.8,42.0,6.0,84.0,50.3,70.8,30.6,Fiberglass Igloo-b,Recyclable
Emptying,72.2,49.9,9.0,72.9,63.5,69.3,52.1,Rectangular,Recyclable
Emptying,98.8,64.2,6.0,97.1,65.9,63.0,30.7,Accordion,Mixed
Non Emptying,32.4,22.3,2.0,53.1,36.2,65.0,54.9,Cubic,Mixed
Non Emptying,50.6,33.4,5.0,61.0,36.5,74.2,62.8,Rectangular,Non Recyclable
Non Emptying,56.1,38.6,3.0,79.6,66.5,32.8,21.8,Fiberglass Igloo-b,Recyclable
Non Emptying,31.3,27.2,5.0,74.5,31.9,34.2,22.3,Accordion,Mixed
Emptying,90.2,59.8,6.0,90.9,63.6,72.9,43.7,Silvertop-a,Recyclable
Emptying,74.2,47.6,9.0,39.9,20.4,64.4,22.2,Rectangular,Mixed
Emptying,66.7,22.9,8.0,54.0,31.5,32.6,27.6,Lindstrom City,Non Recyclable
Non Emptying,54.5,34.2,1.0,81.3,57.4,97.9,63.5,Accordion,Mixed
Emptying,96.4,69.4,9.0,63.8,50.9,85.1,54.4,Lindstrom-b,Mixed
Emptying,93.8,51.5,8.0,85.9,43.8,59.8,36.4,Silvertop-a,Non Recyclable
Emptying,77.3,40.1,6.0,70.5,62.6,30.0,20.9,Rectangular,Mixed
Non Emptying,57.0,30.2,4.0,74.3,30.3,69.1,52.7,Fiberglass Igloo-a,Mixed
Non Emptying,36.3,22.4,4.0,33.2,24.8,60.2,51.5,Accordion,Non Recyclable
Non Emptying,60.6,55.9,3.0,38.5,27.1,91.1,65.2,Rectangular,Non Recyclable
Emptying,63.8,26.5,6.0,72.5,63.3,62.4,24.2,Diamond,Recyclable
Emptying,79.8,34.5,6.0,71.0,61.7,89.0,52.1,Rectangular Farmland,Non Recyclable
Non Emptying,61.6,51.4,1.0,77.8,36.2,70.2,30.7,Silvertop-b,Mixed
Emptying,84.5,52.2,7.0,60.8,56.0,35.7,26.8,Malmobehallare,Mixed
Non Emptying,32.1,20.3,1.0,73.1,66.3,62.1,38.6,Accordion,Recyclable
Non Emptying,71.3,65.0,5.0,73.9,38.3,76.9,36.1,Silvertop-b,Non Recyclable
Non Emptying,55.5,36.7,2.0,70.7,65.1,69.5,39.1,Accordion,Non Recyclable
Non Emptying,73.5,62.9,4.0,52.0,36.2,76.9,39.1,Rectangular,Mixed
Non Emptying,32.4,25.4,5.0,63.6,54.4,78.7,65.4,Fiberglass Igloo-b,Recyclable
Non Emptying,64.3,51.8,1.0,61.5,33.9,64.4,51.6,Fiberglass Igloo-a,Mixed
Emptying,92.3,53.8,6.0,85.3,44.1,67.6,56.5,Diamond,Mixed
Emptying,94.3,51.0,8.0,78.8,32.0,93.5,67.7,Lindstrom-b,Mixed
Emptying,80.0,33.2,8.0,51.2,30.9,89.7,42.3,Silvertop-b,Mixed
Non Emptying,69.9,52.6,5.0,74.3,43.7,84.9,41.0,Diamond,Recyclable
Emptying,75.9,30.9,9.0,74.4,60.4,71.7,40.1,Rectangular Farmland,Mixed
Non Emptying,68.2,58.7,4.0,89.0,58.5,73.5,35.5,Lindstrom City,Non Recyclable
Non Emptying,74.5,62.6,2.0,59.2,34.4,91.6,51.0,BIM-3 FTI bottentomd,Non Recyclable
Emptying,76.0,33.9,6.0,88.4,44.0,63.7,23.0,Lindstrom-a,Non Recyclable
Non Emptying,37.9,22.9,4.0,52.1,39.0,30.5,25.4,Silvertop-b,Mixed
Non Emptying,66.9,53.4,1.0,60.4,50.8,82.1,52.7,Cubic,Recyclable
Emptying,96.3,54.8,7.0,51.3,33.1,79.6,34.2,Silvertop-b,Mixed
Emptying,69.6,36.7,6.0,32.3,23.2,72.1,38.1,Silvertop-b,Mixed
Emptying,73.4,35.4,6.0,74.0,66.6,31.7,25.9,Lindstrom City,Non Recyclable
Non Emptying,32.5,22.3,1.0,82.0,50.4,38.6,27.8,Malmobehallare,Recyclable
Non Emptying,60.2,50.7,5.0,32.8,25.5,90.7,51.6,Silvertop-b,Non Recyclable
Emptying,91.2,58.6,6.0,66.4,31.7,72.1,33.1,Malmobehallare,Mixed
Emptying,60.7,24.4,9.0,72.6,60.5,88.3,42.9,Silvertop-b,Non Recyclable
Non Emptying,77.6,66.0,1.0,75.6,46.1,69.4,51.3,Fiberglass Igloo-b,Mixed
Emptying,76.6,35.9,6.0,73.2,61.2,71.1,60.0,Fiberglass Igloo-a,Mixed
Non Emptying,70.9,64.3,5.0,80.6,49.6,58.6,33.6,BIM-3 FTI bottentomd,Recyclable
Non Emptying,37.5,26.0,1.0,60.3,57.0,31.9,26.0,Silvertop-b,Mixed
Non Emptying,50.0,34.8,3.0,63.3,21.7,68.8,25.8,BIM-3 FTI bottentomd,Mixed
Non Emptying,74.6,65.7,2.0,60.9,35.3,32.8,21.5,BIM-3 FTI bottentomd,Recyclable
Emptying,71.0,36.0,9.0,34.8,24.0,56.0,31.9,Cubic,Recyclable
Non Emptying,63.1,58.1,1.0,99.6,59.5,64.2,52.6,Diamond,Recyclable
Non Emptying,58.8,36.3,4.0,65.5,51.4,94.8,60.0,Fiberglass Igloo-a,Non Recyclable
Emptying,73.8,38.5,6.0,99.5,50.0,59.9,36.6,Silvertop-b,Mixed
Emptying,95.9,62.8,7.0,76.8,30.5,78.1,61.4,Silvertop-b,Mixed
Emptying,81.0,41.1,6.0,62.4,22.5,69.2,54.7,Malmobehallare,Recyclable
Non Emptying,39.1,27.3,5.0,87.9,41.3,81.6,54.6,Fiberglass Igloo-b,Non Recyclable
Emptying,62.1,36.6,7.0,71.5,68.4,88.1,50.7,Malmobehallare,Recyclable
Emptying,81.4,48.0,8.0,83.3,49.7,51.3,37.0,Fiberglass Igloo-a,Mixed
Non Emptying,50.0,35.0,2.0,73.5,39.7,37.8,24.7,Cubic,Mixed
Non Emptying,31.6,23.0,3.0,83.4,41.5,67.1,20.9,Lindstrom City,Recyclable
Emptying,97.0,59.7,8.0,76.7,60.9,78.3,42.3,Lindstrom-a,Non Recyclable
Non Emptying,71.9,62.8,4.0,95.7,65.6,72.2,33.8,Lindstrom City,Recyclable
Non Emptying,66.1,51.7,5.0,94.3,53.3,79.3,37.6,Silvertop-a,Mixed
Non Emptying,76.6,68.1,5.0,54.7,36.1,94.4,50.6,Lindstrom City,Mixed
Non Emptying,64.4,56.0,3.0,73.2,32.1,68.3,23.9,Silvertop-b,Non Recyclable
Non Emptying,76.5,62.5,3.0,71.8,48.3,84.7,40.0,Rectangular,Non Recyclable
Non Emptying,38.9,21.5,5.0,94.8,66.7,99.6,57.7,Fiberglass Igloo-b,Recyclable
Non Emptying,54.2,36.7,4.0,33.6,20.2,88.2,54.0,Lindstrom-a,Mixed
Emptying,83.9,41.8,7.0,62.0,52.0,81.4,49.5,Rectangular,Mixed
Non Emptying,52.2,36.0,1.0,70.5,64.9,90.3,64.5,Lindstrom City,Recyclable
Emptying,98.8,52.1,6.0,73.9,63.4,63.8,33.4,Lindstrom-b,Mixed
Non Emptying,55.3,36.5,5.0,38.4,27.6,51.2,35.5,Cubic,Mixed
Emptying,90.0,55.2,8.0,56.2,33.6,58.9,33.1,Silvertop-b,Mixed
Emptying,80.8,40.5,7.0,93.0,51.0,52.2,30.8,Lindstrom-b,Mixed
Emptying,96.7,66.5,9.0,90.3,52.9,74.3,61.5,Accordion,Recyclable
Emptying,91.5,55.2,8.0,51.4,34.4,77.7,30.9,Rectangular Farmland,Non Recyclable
Emptying,63.8,25.6,6.0,68.5,21.3,74.4,61.0,Malmobehallare,Mixed
Non Emptying,50.2,33.0,3.0,79.1,38.2,70.1,66.9,Silvertop-b,Non Recyclable
Non Emptying,56.2,36.8,2.0,33.4,28.8,96.0,69.8,Lindstrom-a,Recyclable
Emptying,65.5,22.7,9.0,96.4,64.2,66.2,33.2,Fiberglass Igloo-a,Non Recyclable
Non Emptying,60.0,53.5,3.0,58.2,38.6,66.5,56.1,BIM-3 FTI bottentomd,Recyclable
Emptying,89.5,47.0,7.0,50.6,33.0,80.2,43.0,Cubic,Recyclable
Emptying,70.8,41.9,6.0,91.7,69.5,94.2,66.5,Silvertop-b,Non Recyclable
Emptying,76.9,48.9,8.0,73.3,62.8,57.6,33.7,Fiberglass Igloo-b,Recyclable
Emptying,72.2,48.7,8.0,90.2,52.7,84.7,58.3,Lindstrom-a,Mixed
Emptying,72.9,48.3,8.0,95.1,58.0,73.7,47.3,Fiberglass Igloo-a,Non Recyclable
Non Emptying,59.5,38.6,4.0,33.1,21.1,64.6,37.5,BIM-3 FTI bottentomd,Mixed
Non Emptying,60.8,54.0,3.0,53.5,36.4,34.8,22.5,Silvertop-b,Non Recyclable
Emptying,81.7,54.9,8.0,30.6,20.5,72.5,34.2,Fiberglass Igloo-b,Non Recyclable
Non Emptying,60.7,55.2,1.0,70.0,62.0,91.6,50.7,Rectangular Farmland,Recyclable
Non Emptying,72.5,64.2,3.0,58.7,30.0,32.0,27.0,Diamond,Non Recyclable
Emptying,88.5,59.7,7.0,74.7,42.0,71.2,65.2,Lindstrom-a,Non Recyclable
Emptying,63.4,34.7,8.0,79.4,44.6,71.8,62.8,Accordion,Mixed
Non Emptying,58.7,37.0,1.0,64.7,51.9,33.5,27.7,Rectangular Farmland,Mixed
Non Emptying,52.9,32.7,1.0,60.2,22.0,73.0,47.0,Lindstrom City,Mixed
Emptying,71.4,31.5,6.0,57.9,30.6,32.7,28.6,Malmobehallare,Non Recyclable
Non Emptying,62.4,54.8,3.0,60.1,52.9,39.0,28.0,Lindstrom-b,Non Recyclable
Emptying,92.6,63.8,9.0,63.9,37.4,55.5,30.2,Malmobehallare,Mixed
Emptying,87.9,43.7,9.0,35.5,23.1,60.6,56.6,Accordion,Mixed
Emptying,91.6,65.1,6.0,76.8,68.1,32.9,21.0,Lindstrom-b,Non Recyclable
Emptying,90.0,50.7,6.0,75.2,43.8,34.4,23.5,Rectangular,Mixed
Emptying,74.5,32.7,6.0,64.8,21.5,74.7,32.3,Silvertop-a,Non Recyclable
Non Emptying,38.1,20.0,2.0,70.0,52.1,62.6,39.3,Malmobehallare,Non Recyclable
Emptying,93.6,57.4,8.0,84.8,43.7,75.7,31.7,Lindstrom City,Mixed
Non Emptying,78.8,68.0,4.0,68.3,24.6,83.1,41.7,Cubic,Mixed
Non Emptying,50.1,30.0,2.0,75.7,30.8,61.4,38.8,Rectangular Farmland,Mixed
Non Emptying,34.4,27.2,5.0,64.3,50.0,71.9,32.4,Lindstrom City,Recyclable
Non Emptying,75.4,65.8,3.0,93.9,66.4,51.9,34.2,Rectangular Farmland,Non Recyclable
Emptying,62.6,24.8,9.0,36.7,28.6,73.3,31.0,Lindstrom City,Non Recyclable
Non Emptying,32.0,22.0,5.0,55.8,32.0,83.3,41.4,Rectangular,Non Recyclable
Non Emptying,30.0,21.4,5.0,38.0,26.4,69.4,54.0,Fiberglass Igloo-b,Non Recyclable
Non Emptying,33.2,27.1,5.0,57.0,35.5,91.2,65.5,Silvertop-a,Recyclable
Emptying,71.1,49.4,7.0,64.5,30.0,37.5,23.8,Diamond,Mixed
Non Emptying,54.7,34.4,1.0,70.4,48.2,68.3,50.8,Rectangular,Recyclable
Emptying,80.0,43.1,6.0,52.9,38.2,74.8,40.6,BIM-3 FTI bottentomd,Mixed
Emptying,80.0,56.0,6.0,94.4,62.1,67.4,53.7,Rectangular,Non Recyclable
Non Emptying,31.1,21.3,5.0,84.6,54.2,73.1,30.9,Accordion,Recyclable
Emptying,84.4,56.7,8.0,35.7,21.3,66.2,58.7,BIM-3 FTI bottentomd,Mixed
Non Emptying,74.1,67.6,5.0,61.1,30.5,61.2,51.6,Fiberglass Igloo-b,Recyclable
Non Emptying,66.8,50.3,5.0,70.1,32.9,91.4,67.2,Rectangular,Non Recyclable
Non Emptying,58.3,37.9,4.0,86.8,51.3,67.6,56.5,Lindstrom-a,Non Recyclable
Non Emptying,76.7,67.7,1.0,36.5,20.2,72.3,67.5,Lindstrom-b,Mixed
Non Emptying,80.0,60.1,3.0,92.3,69.8,66.7,34.0,Silvertop-a,Recyclable
Emptying,77.5,44.1,7.0,78.8,30.3,30.4,22.0,Lindstrom-b,Non Recyclable
Emptying,86.3,53.6,6.0,74.3,31.5,33.6,21.3,Malmobehallare,Non Recyclable
Non Emptying,60.3,58.9,5.0,86.7,40.3,55.6,34.2,Malmobehallare,Recyclable
Non Emptying,64.0,53.2,4.0,74.7,34.9,70.0,68.6,Rectangular Farmland,Mixed
Emptying,64.7,35.4,6.0,65.3,20.5,72.3,62.3,Silvertop-b,Non Recyclable
Non Emptying,30.8,21.3,3.0,76.3,30.0,54.4,32.1,Cubic,Mixed
Emptying,97.9,68.9,9.0,51.5,30.1,89.1,50.5,Lindstrom City,Non Recyclable
Emptying,96.5,54.0,9.0,81.1,48.5,90.8,55.1,Silvertop-b,Non Recyclable
Non Emptying,59.5,35.6,5.0,67.7,32.7,73.9,60.9,Rectangular,Non Recyclable
Non Emptying,50.4,33.1,4.0,94.7,56.0,97.0,53.7,Malmobehallare,Non Recyclable
Non Emptying,32.8,22.6,1.0,94.1,68.1,75.8,32.2,BIM-3 FTI bottentomd,Recyclable
Emptying,84.6,54.7,6.0,32.4,27.1,67.5,58.6,Fiberglass Igloo-b,Non Recyclable
Non Emptying,74.5,62.5,2.0,91.7,50.8,53.8,32.1,BIM-3 FTI bottentomd,Non Recyclable
Emptying,80.6,41.4,7.0,71.2,32.6,59.9,39.0,Lindstrom-b,Recyclable
Emptying,83.2,50.2,9.0,80.9,42.1,35.1,27.5,Silvertop-a,Mixed
Emptying,82.9,44.3,8.0,76.6,64.7,30.1,22.6,Lindstrom City,Recyclable
Emptying,63.9,23.0,6.0,83.5,52.8,58.8,33.4,Silvertop-a,Mixed
Non Emptying,34.0,20.9,1.0,100.0,53.5,34.1,28.2,BIM-3 FTI bottentomd,Non Recyclable
Non Emptying,77.0,61.4,4.0,33.2,24.8,71.7,37.3,Silvertop-b,Non Recyclable
Non Emptying,70.0,57.2,2.0,79.5,65.8,33.8,20.4,Lindstrom-a,Recyclable
Non Emptying,40.0,23.4,2.0,68.6,57.8,52.4,32.6,Malmobehallare,Mixed
Non Emptying,50.3,35.9,1.0,33.7,23.9,82.6,59.2,Rectangular Farmland,Recyclable
Non Emptying,63.3,51.3,4.0,86.0,43.3,32.6,27.3,Accordion,Recyclable
Emptying,98.3,58.7,6.0,62.9,55.3,61.5,55.7,Accordion,Mixed
Non Emptying,68.1,52.9,1.0,78.6,48.1,34.2,20.4,Rectangular,Recyclable
Non Emptying,38.4,20.9,4.0,84.2,44.3,74.2,32.5,Lindstrom City,Mixed
Non Emptying,64.6,55.8,5.0,58.9,33.2,72.3,68.4,Fiberglass Igloo-a,Recyclable
Non Emptying,55.3,32.0,2.0,78.9,60.6,75.6,42.8,Cubic,Mixed
Non Emptying,39.5,28.4,5.0,50.9,30.1,85.3,53.0,Silvertop-b,Recyclable
Non Emptying,58.7,36.8,2.0,75.5,39.9,70.5,46.9,Rectangular Farmland,Recyclable
Non Emptying,36.9,20.2,5.0,62.1,51.5,53.0,37.9,Silvertop-b,Mixed
Non Emptying,65.7,53.7,1.0,82.7,46.7,54.5,33.8,Cubic,Non Recyclable
Emptying,94.1,64.4,9.0,90.0,58.1,70.6,65.4,Rectangular Farmland,Non Recyclable
Emptying,74.3,36.4,9.0,65.8,54.7,61.1,54.4,Accordion,Mixed
Non Emptying,34.0,22.5,2.0,67.8,53.6,90.2,51.3,Rectangular,Non Recyclable
Non Emptying,68.7,54.1,3.0,85.6,40.0,89.9,55.9,Rectangular,Non Recyclable
Emptying,63.5,28.6,7.0,53.3,38.4,92.9,50.1,Diamond,Mixed
Emptying,69.1,38.8,6.0,91.4,52.6,75.0,41.2,Diamond,Recyclable
Emptying,80.9,41.5,6.0,93.2,50.0,65.2,51.7,Silvertop-a,Non Recyclable
Non Emptying,37.6,24.7,5.0,64.5,51.3,66.3,53.3,Cubic,Mixed
Non Emptying,69.5,56.6,1.0,39.3,28.9,71.2,31.2,Rectangular,Non Recyclable
Emptying,83.7,53.2,6.0,71.6,62.3,72.5,66.0,Fiberglass Igloo-a,Non Recyclable
Non Emptying,33.9,25.6,1.0,34.1,23.8,54.7,32.8,Rectangular Farmland,Non Recyclable
Non Emptying,32.2,21.4,2.0,59.2,31.8,53.2,34.9,Lindstrom-b,Recyclable
Emptying,67.4,25.5,6.0,54.1,36.0,74.4,45.0,Accordion,Mixed
Emptying,94.4,58.0,7.0,67.4,50.6,70.5,64.7,Cubic,Recyclable
Emptying,68.9,22.1,6.0,36.2,28.7,91.8,65.6,Lindstrom-a,Mixed
Emptying,87.6,40.8,8.0,66.3,20.6,63.3,23.5,BIM-3 FTI bottentomd,Non Recyclable
Non Emptying,78.1,67.9,2.0,51.5,35.0,92.0,50.7,Rectangular Farmland,Non Recyclable
Non Emptying,66.4,53.3,2.0,60.9,20.4,60.6,34.1,BIM-3 FTI bottentomd,Recyclable
Emptying,67.9,24.1,6.0,60.9,55.0,98.5,59.9,Rectangular,Non Recyclable
Emptying,88.1,49.6,6.0,36.3,21.4,66.7,53.9,Rectangular Farmland,Mixed
Non Emptying,39.9,23.8,5.0,63.8,51.6,83.9,54.8,BIM-3 FTI bottentomd,Mixed
Emptying,60.4,34.4,6.0,75.2,64.0,84.1,45.9,Lindstrom-a,Recyclable
Emptying,60.4,22.2,7.0,77.2,62.5,76.2,50.0,Silvertop-b,Recyclable
Emptying,81.7,55.7,9.0,65.3,52.5,80.5,40.9,Lindstrom City,Mixed
Non Emptying,31.0,26.5,1.0,84.9,43.6,60.1,54.8,Fiberglass Igloo-a,Mixed
Emptying,75.3,30.4,9.0,82.4,42.6,92.7,50.4,Lindstrom-a,Recyclable
Emptying,79.2,34.5,8.0,65.3,22.6,74.3,68.2,Silvertop-b,Mixed
Emptying,71.3,31.8,6.0,77.2,61.8,99.8,52.1,Fiberglass Igloo-a,Mixed
Non Emptying,53.6,34.7,1.0,39.8,26.3,77.0,34.1,Cubic,Recyclable
Emptying,90.7,54.9,7.0,80.0,31.6,52.2,37.5,Malmobehallare,Recyclable
Non Emptying,30.4,24.2,5.0,70.3,49.5,99.5,50.0,Silvertop-a,Non Recyclable
Emptying,86.5,47.2,6.0,64.6,31.0,86.2,48.6,Silvertop-a,Mixed
Non Emptying,71.2,65.6,5.0,72.4,32.5,96.7,55.3,Cubic,Recyclable
Non Emptying,52.4,32.9,3.0,37.2,21.5,61.1,52.4,Lindstrom-b,Recyclable
Emptying,71.6,43.1,8.0,70.0,66.0,99.3,53.8,Diamond,Recyclable
Emptying,74.6,31.9,7.0,76.6,34.5,79.0,49.4,Rectangular Farmland,Recyclable
Emptying,94.1,60.4,6.0,92.9,65.3,73.1,34.6,Lindstrom-b,Recyclable
Non Emptying,30.4,23.9,5.0,55.4,34.5,65.5,51.4,Lindstrom City,Mixed
Non Emptying,62.5,56.4,1.0,62.3,50.3,76.4,30.4,Cubic,Non Recyclable
Non Emptying,61.4,52.1,5.0,94.1,52.2,70.7,60.6,Diamond,Mixed
Non Emptying,34.8,26.2,1.0,52.6,32.7,72.4,31.9,Fiberglass Igloo-a,Recyclable
Non Emptying,53.4,32.2,3.0,53.0,31.3,60.1,50.3,Lindstrom City,Recyclable
Non Emptying,70.0,35.2,8.0,30.2,26.2,90.6,52.9,Silvertop-b,Mixed
Emptying,97.4,56.6,7.0,50.0,38.9,34.0,26.1,Rectangular,Recyclable
Non Emptying,84.0,51.9,8.0,31.5,23.7,61.2,32.0,Diamond,Recyclable
Emptying,87.7,43.8,7.0,30.4,26.7,76.7,67.8,Silvertop-b,Non Recyclable
Emptying,60.6,26.7,7.0,31.8,22.1,71.8,33.7,Silvertop-b,Recyclable
Non Emptying,72.8,32.0,9.0,67.2,57.9,75.8,60.3,Lindstrom City,Recyclable
Non Emptying,31.2,27.6,3.0,84.7,57.5,76.2,40.5,Rectangular,Recyclable
Emptying,96.5,65.6,6.0,58.9,30.7,62.7,27.8,Silvertop-b,Mixed
Emptying,66.5,23.5,7.0,72.1,45.2,93.3,65.3,Malmobehallare,Recyclable
Non Emptying,30.2,20.8,3.0,82.4,41.8,83.7,55.3,Rectangular Farmland,Recyclable
Emptying,73.3,35.6,7.0,67.9,36.7,50.1,37.7,Silvertop-b,Non Recyclable
Emptying,66.7,24.9,9.0,96.3,57.0,51.9,35.7,Silvertop-a,Mixed
Non Emptying,63.6,29.5,6.0,31.2,27.2,35.4,24.8,Rectangular Farmland,Recyclable
Emptying,78.3,41.8,6.0,55.0,37.7,60.0,55.3,Lindstrom-a,Recyclable
Non Emptying,99.3,59.6,7.0,61.3,36.6,91.4,62.4,Malmobehallare,Recyclable
Emptying,61.8,33.5,6.0,31.0,24.0,84.1,40.2,Lindstrom-b,Non Recyclable
Non Emptying,30.8,26.7,4.0,67.5,27.6,30.9,21.0,Fiberglass Igloo-b,Non Recyclable
Non Emptying,64.5,53.4,3.0,90.9,57.6,88.3,42.2,Silvertop-b,Recyclable
Non Emptying,33.7,25.1,2.0,61.2,50.3,58.2,34.3,Silvertop-b,Mixed
Non Emptying,51.1,34.2,1.0,78.7,65.5,92.8,53.1,Fiberglass Igloo-a,Recyclable
Non Emptying,76.5,62.4,3.0,79.3,64.4,94.2,50.9,Lindstrom-b,Recyclable
Non Emptying,73.2,64.5,2.0,35.4,24.1,93.8,58.3,Diamond,Mixed
Emptying,74.9,48.5,9.0,68.1,39.8,79.2,42.5,BIM-3 FTI bottentomd,Non Recyclable
Non Emptying,52.0,31.6,1.0,62.2,22.9,78.9,62.3,Lindstrom City,Recyclable
Non Emptying,72.3,61.9,5.0,93.2,50.4,55.4,36.2,Silvertop-b,Non Recyclable
Non Emptying,71.4,65.8,3.0,92.6,51.4,64.4,54.2,Diamond,Non Recyclable
Emptying,98.9,69.3,8.0,53.1,34.1,52.6,31.2,Lindstrom City,Mixed
Emptying,60.1,39.6,7.0,62.0,29.0,93.9,57.3,Fiberglass Igloo-b,Mixed
Non Emptying,60.0,32.6,4.0,64.3,27.4,86.0,43.2,Silvertop-a,Non Recyclable
Non Emptying,73.6,64.0,3.0,57.8,35.7,54.5,30.4,Fiberglass Igloo-b,Non Recyclable
Non Emptying,53.3,31.2,5.0,54.0,37.1,30.3,28.3,Lindstrom City,Recyclable
Emptying,90.5,65.0,6.0,60.1,24.6,95.1,57.5,BIM-3 FTI bottentomd,Mixed
Emptying,87.6,56.2,6.0,71.2,62.2,79.6,68.1,Fiberglass Igloo-a,Mixed
Emptying,95.3,51.1,9.0,88.9,52.0,36.9,20.6,Rectangular Farmland,Mixed
Non Emptying,33.9,25.5,1.0,71.6,35.6,72.3,30.3,Cubic,Mixed
Non Emptying,51.6,34.9,1.0,50.6,31.0,95.0,56.2,BIM-3 FTI bottentomd,Mixed
Emptying,81.6,44.4,6.0,97.9,65.2,89.6,44.5,Malmobehallare,Non Recyclable
Non Emptying,34.1,21.1,3.0,34.1,25.7,65.0,20.8,Diamond,Non Recyclable
Non Emptying,39.9,23.7,4.0,73.3,63.9,64.4,24.0,Cubic,Mixed
Emptying,70.0,44.0,6.0,81.8,41.3,51.7,31.1,Lindstrom-a,Non Recyclable
Non Emptying,74.6,61.3,2.0,75.7,62.2,64.5,50.6,Lindstrom-a,Non Recyclable
Non Emptying,67.8,53.9,5.0,61.6,25.6,61.4,56.4,Diamond,Mixed
Emptying,84.8,59.4,9.0,74.4,30.7,87.5,41.9,Accordion,Recyclable
Non Emptying,68.3,55.5,2.0,99.5,51.3,76.8,41.8,Diamond,Mixed
Emptying,77.4,44.9,6.0,67.9,55.5,88.8,42.7,BIM-3 FTI bottentomd,Recyclable
Emptying,92.8,58.3,8.0,67.5,58.4,74.8,43.2,Malmobehallare,Mixed
Emptying,66.3,37.4,6.0,79.9,63.8,70.0,32.4,Silvertop-a,Mixed
Emptying,75.5,33.6,6.0,37.8,26.6,32.7,21.6,Cubic,Recyclable
Non Emptying,53.9,30.2,3.0,62.9,32.2,76.6,60.4,Silvertop-b,Mixed
Emptying,81.3,52.6,6.0,93.7,58.6,63.7,58.9,Diamond,Recyclable
Non Emptying,71.9,65.6,5.0,61.6,52.8,84.2,45.0,Silvertop-b,Mixed
Emptying,92.9,53.8,6.0,97.7,54.9,98.4,57.4,Silvertop-a,Non Recyclable
Emptying,67.3,33.2,8.0,72.8,47.7,73.5,39.2,Diamond,Non Recyclable
Emptying,75.2,32.5,7.0,77.4,63.8,55.3,36.1,Silvertop-b,Non Recyclable
Non Emptying,56.1,38.7,1.0,70.7,49.7,69.1,52.5,Accordion,Recyclable
Non Emptying,34.6,21.0,3.0,54.4,36.9,61.3,30.3,Cubic,Recyclable
Emptying,94.6,68.6,9.0,81.3,50.1,39.9,25.5,Lindstrom-b,Non Recyclable
Non Emptying,92.7,55.1,9.0,63.9,50.2,71.8,61.0,Malmobehallare,Recyclable
Emptying,91.9,54.8,8.0,64.3,23.0,71.0,62.7,Cubic,Mixed
Non Emptying,65.3,22.6,7.0,75.1,61.2,62.8,28.4,BIM-3 FTI bottentomd,Mixed
Emptying,62.3,39.4,8.0,84.1,45.0,65.2,34.8,Cubic,Mixed
Emptying,70.9,35.3,7.0,73.9,68.8,62.3,56.1,Cubic,Non Recyclable
Non Emptying,74.7,65.7,1.0,68.9,34.5,84.1,47.7,Lindstrom-b,Mixed
Emptying,74.1,30.6,7.0,80.0,59.1,82.0,48.0,Silvertop-b,Recyclable
Non Emptying,75.0,64.9,5.0,66.4,56.4,82.4,60.0,Rectangular,Non Recyclable
Emptying,92.4,51.0,6.0,58.7,35.0,79.2,61.7,Accordion,Recyclable
Non Emptying,64.2,52.4,1.0,80.8,46.3,81.7,40.5,Silvertop-b,Mixed
Emptying,78.6,32.2,7.0,90.8,52.9,64.2,34.3,Malmobehallare,Non Recyclable
Emptying,61.7,27.9,7.0,71.0,34.4,32.5,24.0,Silvertop-a,Recyclable
Non Emptying,59.1,30.3,4.0,73.5,62.7,78.4,66.2,Fiberglass Igloo-a,Recyclable
Non Emptying,65.9,56.3,3.0,69.4,53.1,83.3,42.9,Diamond,Non Recyclable
Emptying,79.7,48.1,6.0,93.9,50.1,90.0,41.1,Diamond,Recyclable
Non Emptying,68.9,53.7,1.0,93.7,50.9,74.5,46.0,Accordion,Non Recyclable
Emptying,86.8,56.3,7.0,70.1,65.6,65.7,51.4,Cubic,Mixed
Non Emptying,64.2,50.0,2.0,69.6,54.3,93.5,52.8,Lindstrom City,Mixed
Emptying,73.6,34.0,6.0,72.2,64.1,35.3,21.1,Rectangular,Non Recyclable
Emptying,72.0,37.2,6.0,80.3,40.8,97.0,68.6,Lindstrom-a,Non Recyclable
Non Emptying,69.6,52.4,1.0,64.1,51.4,95.9,52.2,Rectangular Farmland,Mixed
Non Emptying,33.7,26.4,3.0,52.2,30.6,66.0,50.4,Cubic,Non Recyclable
Emptying,85.2,42.6,6.0,81.7,54.8,36.4,26.4,Fiberglass Igloo-b,Mixed
Emptying,74.8,32.7,9.0,72.1,34.6,77.1,37.2,Cubic,Mixed
Non Emptying,55.2,35.1,1.0,71.0,30.2,60.3,51.1,Accordion,Recyclable
Emptying,93.1,67.2,9.0,79.7,62.1,70.0,56.6,Fiberglass Igloo-a,Non Recyclable
Emptying,76.1,42.5,8.0,33.9,26.2,73.9,40.4,Silvertop-b,Non Recyclable
Non Emptying,55.1,36.1,1.0,66.1,21.4,36.9,26.0,Lindstrom City,Mixed
Non Emptying,56.7,33.2,2.0,79.0,33.1,63.4,57.5,Lindstrom-a,Non Recyclable
Non Emptying,58.2,30.4,4.0,52.5,30.0,89.5,55.2,Silvertop-b,Non Recyclable
Non Emptying,79.1,68.5,3.0,75.4,43.0,90.5,51.2,Lindstrom City,Recyclable
Emptying,99.9,66.9,9.0,81.0,42.2,72.2,41.7,Rectangular,Mixed
Non Emptying,38.4,21.0,2.0,75.6,34.8,79.9,47.6,Lindstrom-a,Non Recyclable
Non Emptying,31.5,23.7,3.0,68.6,26.8,91.8,62.5,Lindstrom City,Mixed
Emptying,85.5,42.6,6.0,51.9,35.1,74.5,42.9,Lindstrom-b,Recyclable
Non Emptying,35.6,22.2,5.0,86.3,42.0,61.0,39.2,Malmobehallare,Recyclable
Emptying,95.4,57.2,7.0,33.2,26.9,94.6,66.8,Fiberglass Igloo-b,Mixed
Emptying,75.8,41.5,6.0,88.6,51.7,65.4,50.7,Rectangular Farmland,Mixed
Non Emptying,50.7,35.3,3.0,34.7,25.4,73.0,62.1,Diamond,Non Recyclable
Emptying,60.2,28.2,6.0,73.3,36.6,65.4,37.0,Rectangular,Recyclable
Non Emptying,60.2,53.3,5.0,84.3,42.0,56.2,38.4,BIM-3 FTI bottentomd,Non Recyclable
Non Emptying,30.6,28.2,2.0,30.5,23.4,63.3,38.2,Lindstrom City,Non Recyclable
Non Emptying,77.1,60.9,3.0,40.0,25.8,67.0,56.9,Fiberglass Igloo-b,Non Recyclable
Non Emptying,73.3,61.0,4.0,34.0,22.9,92.9,61.3,BIM-3 FTI bottentomd,Non Recyclable
Emptying,83.6,42.2,7.0,79.5,46.8,80.0,42.5,Lindstrom-b,Mixed
Non Emptying,79.2,63.7,2.0,65.7,38.1,62.0,54.5,BIM-3 FTI bottentomd,Non Recyclable
Non Emptying,70.0,62.7,5.0,64.7,30.1,57.9,35.4,Lindstrom-b,Non Recyclable
Emptying,69.8,20.0,6.0,82.9,41.1,50.0,30.9,Fiberglass Igloo-a,Recyclable
Non Emptying,37.7,26.6,3.0,79.4,68.5,70.4,68.7,Fiberglass Igloo-a,Mixed
Emptying,97.6,51.3,6.0,74.6,61.3,62.9,33.6,Malmobehallare,Mixed
Emptying,60.2,32.9,6.0,75.4,30.0,78.6,34.3,Fiberglass Igloo-b,Recyclable
Non Emptying,37.4,22.0,2.0,66.5,55.9,93.8,50.3,Accordion,Recyclable
Emptying,95.2,53.0,9.0,61.9,22.4,78.5,35.8,Diamond,Mixed
Emptying,74.7,30.8,8.0,63.1,52.5,83.2,50.9,Lindstrom-a,Recyclable
Non Emptying,74.7,60.5,3.0,68.0,36.3,65.8,52.2,Rectangular Farmland,Recyclable
Emptying,92.6,50.4,9.0,60.8,51.7,85.4,42.8,Lindstrom-b,Mixed
Emptying,84.4,54.0,6.0,73.6,32.5,71.3,62.5,Lindstrom-b,Non Recyclable
Non Emptying,68.7,56.8,5.0,70.9,68.7,62.0,24.7,Lindstrom-a,Non Recyclable
Non Emptying,51.1,35.8,3.0,75.3,48.4,76.6,35.3,Silvertop-b,Recyclable
Emptying,71.9,31.4,9.0,76.9,67.8,53.4,35.0,Lindstrom-a,Recyclable
Emptying,81.2,41.8,7.0,72.7,30.4,67.6,23.8,Accordion,Mixed
Non Emptying,68.0,56.5,1.0,82.1,41.4,65.9,29.5,Diamond,Recyclable
Non Emptying,72.6,65.1,5.0,95.6,61.7,91.0,69.4,Silvertop-a,Mixed
Non Emptying,31.6,28.5,5.0,94.6,53.4,67.3,30.9,Rectangular Farmland,Recyclable
Non Emptying,78.9,61.1,4.0,63.6,23.9,31.0,25.1,Fiberglass Igloo-a,Mixed
Emptying,82.3,43.1,8.0,81.4,56.1,77.2,64.8,Lindstrom-b,Mixed
Emptying,61.0,21.6,9.0,72.7,42.7,62.6,50.9,Fiberglass Igloo-b,Non Recyclable
Emptying,82.5,40.7,8.0,64.4,38.8,57.1,31.5,Silvertop-a,Recyclable
Non Emptying,68.0,56.2,3.0,55.7,37.6,54.9,37.9,Accordion,Mixed
Non Emptying,75.4,61.9,3.0,60.4,51.5,75.2,33.5,Silvertop-a,Recyclable
Non Emptying,77.8,66.1,5.0,62.4,55.7,53.1,30.2,Lindstrom-b,Mixed
Emptying,81.7,55.1,8.0,60.2,51.0,64.7,54.0,Accordion,Recyclable
Emptying,62.2,25.9,8.0,63.7,37.7,87.1,43.2,Lindstrom-b,Recyclable
Emptying,93.0,66.4,8.0,97.4,56.4,31.2,24.1,Cubic,Recyclable
Emptying,97.5,50.5,6.0,86.4,42.9,60.8,58.4,Silvertop-a,Non Recyclable
Emptying,66.4,36.0,6.0,64.7,38.5,70.8,64.1,Lindstrom-a,Non Recyclable
Emptying,97.2,52.5,8.0,37.7,27.8,63.6,26.1,Lindstrom-a,Non Recyclable
Non Emptying,69.4,53.0,3.0,95.0,62.9,64.7,29.2,Diamond,Non Recyclable
Emptying,89.1,51.1,7.0,60.6,38.3,81.8,43.0,Malmobehallare,Recyclable
Non Emptying,35.3,28.7,5.0,72.1,60.2,83.2,44.0,Silvertop-b,Non Recyclable
Emptying,78.7,38.4,7.0,73.0,67.0,37.5,23.1,Diamond,Recyclable
Emptying,77.6,42.4,6.0,87.6,52.3,37.8,28.3,Rectangular Farmland,Non Recyclable
Non Emptying,71.5,63.2,4.0,72.1,30.5,63.5,23.5,Lindstrom-b,Non Recyclable
Non Emptying,61.0,50.5,2.0,77.1,68.4,77.9,44.2,Lindstrom-b,Non Recyclable
Non Emptying,37.6,25.4,5.0,64.2,21.9,77.6,34.6,Fiberglass Igloo-b,Recyclable
Emptying,95.6,60.8,9.0,83.7,44.2,69.7,52.3,Fiberglass Igloo-a,Mixed
Non Emptying,88.7,42.2,7.0,69.4,23.7,39.4,20.2,Lindstrom-b,Non Recyclable
Emptying,70.4,38.0,8.0,64.0,51.2,70.9,66.3,Lindstrom City,Non Recyclable
Emptying,66.2,22.3,6.0,77.2,47.4,80.0,66.1,Lindstrom-a,Recyclable
Emptying,66.9,27.6,6.0,51.6,32.6,70.8,64.2,Lindstrom-a,Mixed
Non Emptying,31.3,28.0,4.0,76.5,32.9,33.1,22.7,Cubic,Recyclable
Emptying,89.2,49.1,8.0,71.3,64.1,65.6,25.9,Diamond,Non Recyclable
Emptying,72.0,39.4,9.0,75.8,65.7,60.3,50.0,Rectangular Farmland,Mixed
Emptying,69.8,21.3,8.0,57.8,38.7,52.1,33.6,Lindstrom-b,Non Recyclable
Non Emptying,68.2,54.2,1.0,52.0,38.6,32.0,20.3,Accordion,Mixed
Non Emptying,31.8,27.9,2.0,60.2,39.1,74.0,43.6,Silvertop-a,Recyclable
Emptying,86.4,46.8,7.0,38.3,26.1,80.8,51.2,Rectangular,Mixed
Non Emptying,64.9,20.7,9.0,60.7,55.2,62.9,23.6,Lindstrom City,Recyclable
Emptying,68.6,21.2,6.0,61.7,53.3,55.8,37.2,Fiberglass Igloo-a,Non Recyclable
Non Emptying,68.6,31.3,9.0,87.2,52.7,52.3,30.0,Lindstrom-b,Non Recyclable
Non Emptying,50.8,32.8,5.0,74.8,46.4,78.4,35.4,BIM-3 FTI bottentomd,Non Recyclable
Non Emptying,60.6,57.4,2.0,63.6,33.4,91.0,55.7,Fiberglass Igloo-b,Non Recyclable
Emptying,99.7,51.7,7.0,33.9,23.8,64.5,56.2,Accordion,Mixed
Non Emptying,78.4,61.4,4.0,51.1,31.7,80.0,46.8,Cubic,Recyclable
Emptying,69.5,35.5,6.0,73.9,39.5,33.3,28.1,Malmobehallare,Recyclable
Non Emptying,35.4,27.5,2.0,80.4,56.4,79.7,60.8,Fiberglass Igloo-b,Mixed
Non Emptying,62.4,58.7,1.0,91.3,51.8,85.0,48.9,BIM-3 FTI bottentomd,Recyclable
Emptying,61.7,29.6,6.0,83.6,52.6,61.0,20.4,Silvertop-b,Recyclable
Emptying,62.9,36.9,6.0,60.8,22.6,75.0,60.0,Silvertop-a,Non Recyclable
Non Emptying,77.5,67.8,5.0,93.1,58.4,60.0,22.1,Fiberglass Igloo-b,Non Recyclable
Non Emptying,66.6,50.3,2.0,33.0,20.0,60.0,32.5,Diamond,Non Recyclable
Non Emptying,33.0,26.3,5.0,74.4,64.7,62.5,50.2,Lindstrom City,Mixed
Non Emptying,77.2,66.1,5.0,97.6,58.3,69.2,23.2,Lindstrom-b,Recyclable
Non Emptying,37.0,25.3,1.0,62.4,55.3,53.3,37.4,Lindstrom-b,Non Recyclable
Non Emptying,52.7,34.8,3.0,73.7,60.8,35.8,24.5,Lindstrom-b,Mixed
Emptying,61.0,38.0,9.0,51.4,37.3,80.6,49.8,Lindstrom-b,Non Recyclable
Emptying,63.9,28.1,6.0,88.4,43.5,94.1,56.5,Rectangular Farmland,Recyclable
Non Emptying,73.1,61.9,1.0,99.2,52.8,50.2,30.6,Fiberglass Igloo-a,Non Recyclable
Non Emptying,54.9,31.5,5.0,79.6,32.2,81.3,45.2,Malmobehallare,Mixed
Non Emptying,37.1,26.5,4.0,37.4,21.5,79.6,30.8,Malmobehallare,Non Recyclable
Non Emptying,70.4,67.0,3.0,66.7,57.5,86.8,41.9,Cubic,Non Recyclable
Non Emptying,50.2,34.6,2.0,98.3,65.5,90.1,63.0,Silvertop-a,Mixed
Non Emptying,70.1,63.9,5.0,65.9,57.6,94.6,63.8,Silvertop-b,Mixed
Emptying,80.6,44.9,6.0,64.9,39.9,74.0,33.2,Fiberglass Igloo-a,Non Recyclable
Emptying,92.8,51.6,6.0,70.1,60.4,65.3,58.8,Silvertop-b,Recyclable
Emptying,60.8,32.1,8.0,79.4,45.6,77.6,65.0,Silvertop-b,Recyclable
Emptying,99.0,53.7,6.0,61.3,21.8,59.7,36.3,Cubic,Recyclable
Non Emptying,32.7,23.2,2.0,62.8,22.7,66.8,24.9,Malmobehallare,Recyclable
Non Emptying,34.4,25.0,5.0,67.1,30.2,97.9,56.1,Rectangular,Recyclable
Emptying,73.0,33.5,9.0,71.6,31.8,54.2,32.5,Fiberglass Igloo-b,Recyclable
Emptying,60.0,20.5,9.0,69.5,56.7,99.6,51.4,Rectangular,Recyclable
Emptying,73.8,36.1,7.0,72.2,43.1,88.0,40.0,Diamond,Mixed
Non Emptying,76.2,62.2,4.0,88.8,53.1,97.2,56.6,Silvertop-b,Mixed
Non Emptying,60.0,53.5,4.0,62.8,29.9,65.7,22.5,BIM-3 FTI bottentomd,Recyclable
Emptying,63.1,38.5,6.0,96.8,63.2,53.3,36.3,Cubic,Non Recyclable
Emptying,89.9,43.5,7.0,63.5,38.2,90.3,62.0,Rectangular,Non Recyclable
Emptying,87.8,47.1,8.0,65.2,51.9,78.1,38.8,Lindstrom-a,Non Recyclable
Non Emptying,70.4,63.6,5.0,68.1,20.6,62.3,24.1,Rectangular,Mixed
Non Emptying,63.3,52.1,4.0,52.4,33.1,93.0,57.8,Cubic,Mixed
Non Emptying,31.7,22.8,4.0,73.5,67.4,98.7,53.7,Lindstrom-a,Mixed
Non Emptying,67.3,57.5,5.0,52.5,34.2,82.2,43.9,Malmobehallare,Non Recyclable
Non Emptying,51.1,37.8,3.0,63.0,20.7,32.3,22.4,Fiberglass Igloo-b,Mixed
Emptying,86.4,41.0,9.0,82.8,50.9,71.0,38.7,Lindstrom-a,Recyclable
Emptying,78.1,43.4,9.0,64.3,28.7,67.4,20.1,Diamond,Mixed
Emptying,83.8,58.7,9.0,30.0,26.3,31.2,20.7,Fiberglass Igloo-b,Mixed
Emptying,65.7,30.5,8.0,51.7,32.8,63.9,21.7,Silvertop-a,Mixed
Non Emptying,67.4,54.3,5.0,90.8,54.5,34.6,20.7,Malmobehallare,Mixed
Emptying,89.8,49.4,9.0,72.2,45.8,32.2,22.1,Fiberglass Igloo-b,Mixed
Emptying,73.1,35.1,6.0,73.4,60.5,35.5,22.8,Fiberglass Igloo-b,Mixed
Non Emptying,56.6,31.3,1.0,91.9,50.2,30.0,22.6,Cubic,Non Recyclable
Non Emptying,34.2,25.4,4.0,63.2,53.9,70.0,34.9,Lindstrom City,Non Recyclable
Emptying,93.3,50.8,9.0,39.0,22.8,61.1,21.9,Rectangular Farmland,Mixed
Emptying,99.2,57.1,6.0,63.5,55.0,40.0,23.9,Rectangular Farmland,Non Recyclable
Non Emptying,33.1,20.4,4.0,78.8,63.1,68.6,53.3,Diamond,Recyclable
Non Emptying,75.0,63.4,1.0,67.0,23.7,64.9,33.0,Silvertop-b,Recyclable
Non Emptying,53.3,30.5,5.0,69.7,54.8,72.7,62.2,Cubic,Non Recyclable
Non Emptying,60.5,53.6,4.0,34.8,26.0,66.1,54.1,Diamond,Recyclable
Emptying,96.0,53.5,9.0,69.5,54.8,33.9,22.8,Lindstrom-a,Non Recyclable
Emptying,81.6,43.9,7.0,98.3,69.0,65.4,57.8,Silvertop-b,Mixed
Emptying,92.2,63.6,8.0,82.9,42.5,71.2,63.0,Rectangular Farmland,Recyclable
Emptying,94.7,58.8,8.0,53.1,31.6,56.4,35.8,Malmobehallare,Non Recyclable
Emptying,68.2,32.3,9.0,88.7,44.4,95.6,58.4,Silvertop-b,Non Recyclable
Emptying,87.2,42.7,6.0,81.0,50.2,81.1,58.0,Accordion,Recyclable
Emptying,77.8,31.2,9.0,84.4,50.6,76.6,30.2,Malmobehallare,Mixed
Non Emptying,56.9,33.2,2.0,99.7,53.3,63.1,31.4,BIM-3 FTI bottentomd,Non Recyclable
Emptying,68.9,27.1,7.0,77.1,44.2,31.4,22.6,Diamond,Mixed
Non Emptying,71.1,64.6,5.0,63.4,31.5,33.1,21.2,Fiberglass Igloo-b,Mixed
Non Emptying,33.4,28.8,1.0,53.3,30.4,60.0,36.6,Diamond,Recyclable
Non Emptying,54.1,31.0,1.0,58.5,36.1,36.1,23.3,Lindstrom City,Recyclable
Emptying,61.4,34.6,8.0,71.9,36.7,64.2,54.3,Fiberglass Igloo-a,Mixed
Non Emptying,67.1,55.4,5.0,32.1,22.5,63.5,20.7,Fiberglass Igloo-a,Mixed
Non Emptying,79.9,65.5,3.0,81.1,55.6,50.7,30.4,Lindstrom-a,Recyclable
Emptying,96.8,52.4,7.0,34.5,27.9,53.9,38.6,Lindstrom-b,Non Recyclable
Emptying,69.9,35.7,8.0,53.5,32.1,56.1,33.3,Fiberglass Igloo-a,Recyclable
Emptying,91.4,51.2,6.0,68.9,52.6,77.1,67.3,Lindstrom-a,Mixed
Non Emptying,71.0,62.6,5.0,54.9,35.6,56.9,38.7,Lindstrom-a,Recyclable
Emptying,79.7,32.8,7.0,78.5,44.0,73.8,31.4,Diamond,Mixed
Emptying,82.7,42.5,6.0,98.8,61.4,68.6,23.6,Fiberglass Igloo-b,Recyclable
Non Emptying,51.2,32.4,3.0,78.1,36.8,77.8,30.5,BIM-3 FTI bottentomd,Mixed
Non Emptying,52.8,31.3,4.0,89.2,43.9,51.1,35.2,Lindstrom-b,Non Recyclable
Emptying,89.4,59.5,6.0,90.6,62.7,33.2,27.6,Lindstrom City,Recyclable
Emptying,99.8,58.2,6.0,37.0,26.9,66.8,54.6,Accordion,Mixed
Non Emptying,59.0,38.1,1.0,99.9,50.3,52.2,31.8,Lindstrom-a,Non Recyclable
Non Emptying,59.3,35.8,2.0,61.6,56.1,84.2,49.0,Cubic,Recyclable
Non Emptying,76.9,62.8,5.0,64.4,59.0,37.3,22.9,Silvertop-b,Recyclable
Non Emptying,33.2,23.1,4.0,61.2,53.6,30.5,24.6,Silvertop-b,Recyclable
Non Emptying,39.3,24.9,2.0,71.5,34.4,50.3,36.6,Lindstrom-b,Mixed
Emptying,75.9,32.5,6.0,90.0,68.0,80.9,45.1,Lindstrom City,Non Recyclable
Emptying,77.2,47.0,6.0,79.8,30.2,59.0,35.8,Silvertop-b,Mixed
Non Emptying,37.8,23.4,4.0,70.2,34.1,77.4,61.2,Rectangular,Non Recyclable
Non Emptying,32.0,20.6,2.0,70.3,38.8,70.9,62.3,BIM-3 FTI bottentomd,Non Recyclable
Non Emptying,76.2,65.0,4.0,70.7,64.5,63.9,51.9,Diamond,Mixed
Emptying,73.9,44.8,7.0,74.1,30.4,38.2,28.0,Fiberglass Igloo-b,Mixed
Non Emptying,78.9,60.7,2.0,56.6,32.5,97.7,64.3,BIM-3 FTI bottentomd,Recyclable
Non Emptying,31.4,20.5,2.0,61.9,56.5,60.6,53.5,Rectangular,Non Recyclable
Non Emptying,53.8,31.9,1.0,68.4,33.0,64.9,51.9,Diamond,Recyclable
Non Emptying,55.6,35.4,5.0,93.3,63.3,63.1,52.5,Lindstrom-a,Recyclable
Emptying,74.6,36.5,9.0,77.7,61.1,33.2,24.9,Fiberglass Igloo-b,Mixed
Emptying,89.1,41.3,6.0,81.8,46.5,62.6,57.4,Fiberglass Igloo-a,Recyclable
Emptying,65.9,37.2,6.0,30.4,28.8,89.4,58.1,Lindstrom-b,Mixed
Emptying,97.2,50.1,6.0,74.4,62.8,72.9,35.6,Silvertop-a,Recyclable
Non Emptying,31.5,23.6,1.0,91.2,54.0,53.9,30.9,BIM-3 FTI bottentomd,Mixed
Non Emptying,38.3,24.0,2.0,35.2,28.3,65.1,20.0,Rectangular,Recyclable
Emptying,60.3,32.2,6.0,70.0,25.2,77.5,37.7,Lindstrom-b,Mixed
Emptying,81.5,49.0,6.0,50.0,35.4,71.0,65.5,Lindstrom-b,Recyclable
Non Emptying,67.4,50.4,1.0,70.1,63.7,34.3,23.2,Silvertop-b,Recyclable
Non Emptying,58.9,31.2,4.0,71.8,61.5,62.2,28.9,BIM-3 FTI bottentomd,Non Recyclable
Emptying,79.1,31.6,9.0,73.8,60.8,87.7,40.7,Malmobehallare,Mixed
Emptying,86.0,40.6,9.0,74.6,47.6,52.7,30.3,Lindstrom City,Mixed
Non Emptying,70.8,60.6,1.0,30.3,21.3,59.1,31.0,Rectangular,Recyclable
Non Emptying,57.4,34.6,3.0,76.0,31.0,83.8,59.8,Diamond,Non Recyclable
Emptying,90.5,62.7,9.0,76.9,66.9,33.4,26.3,BIM-3 FTI bottentomd,Mixed
Non Emptying,77.8,62.0,1.0,31.1,24.9,54.0,32.3,Lindstrom-b,Mixed
Emptying,63.5,34.5,7.0,52.0,31.7,91.4,51.9,Fiberglass Igloo-b,Non Recyclable
Non Emptying,34.2,25.2,4.0,69.7,38.6,33.0,21.7,BIM-3 FTI bottentomd,Recyclable
Emptying,70.9,38.3,9.0,84.3,40.7,50.4,38.1,Lindstrom-b,Recyclable
Non Emptying,30.5,27.8,3.0,77.6,40.2,73.1,62.6,Accordion,Recyclable
Non Emptying,61.5,54.6,4.0,76.0,44.8,84.5,50.8,Accordion,Recyclable
Non Emptying,74.0,60.3,3.0,71.5,65.2,60.8,28.0,Silvertop-b,Mixed
Emptying,63.9,34.9,6.0,91.6,68.6,76.7,63.7,Silvertop-a,Non Recyclable
Emptying,66.8,35.2,8.0,75.4,60.9,87.8,40.6,BIM-3 FTI bottentomd,Non Recyclable
Non Emptying,61.9,55.5,5.0,81.3,45.4,97.7,68.8,Lindstrom-a,Recyclable
Emptying,94.3,66.6,8.0,82.2,40.5,95.1,59.3,Cubic,Recyclable
Non Emptying,61.4,50.4,3.0,88.7,50.8,30.1,24.7,Silvertop-b,Mixed
Emptying,69.5,20.0,8.0,63.1,53.2,73.6,63.7,Fiberglass Igloo-a,Recyclable
Non Emptying,52.4,35.6,1.0,32.5,22.7,71.4,33.4,Fiberglass Igloo-b,Non Recyclable
Non Emptying,78.5,68.2,4.0,85.7,45.6,79.3,67.4,Silvertop-b,Recyclable
Non Emptying,56.8,35.8,1.0,83.2,53.5,82.8,42.1,Malmobehallare,Recyclable
Non Emptying,78.0,66.3,3.0,68.0,37.5,93.6,65.7,Accordion,Recyclable
Emptying,82.8,45.5,7.0,77.9,32.7,39.1,28.9,Rectangular,Recyclable
Non Emptying,64.7,55.6,4.0,73.2,31.7,77.0,48.0,Lindstrom City,Mixed
Emptying,78.7,47.2,7.0,58.3,35.1,66.5,36.8,Cubic,Non Recyclable
Non Emptying,70.0,51.1,5.0,38.4,25.2,87.0,57.0,Malmobehallare,Recyclable
Non Emptying,53.1,33.0,2.0,64.4,32.9,33.0,22.8,Rectangular,Non Recyclable
Emptying,98.0,63.0,6.0,84.6,47.8,70.0,62.4,Lindstrom-a,Mixed
Emptying,84.9,59.1,9.0,90.7,64.6,70.6,67.4,Silvertop-a,Recyclable
Emptying,67.2,22.1,9.0,96.1,65.1,91.9,51.7,Lindstrom City,Mixed
Non Emptying,34.5,21.2,1.0,90.9,50.1,81.7,47.2,Silvertop-a,Recyclable
Emptying,61.1,20.2,8.0,66.9,22.1,52.9,36.2,Diamond,Non Recyclable
Non Emptying,30.5,22.4,3.0,39.4,20.9,93.4,64.9,Silvertop-b,Mixed
Non Emptying,33.1,27.3,3.0,67.3,56.9,73.8,34.7,Fiberglass Igloo-b,Mixed
Emptying,72.3,38.2,6.0,99.8,64.0,39.5,26.7,Accordion,Recyclable
Non Emptying,36.0,21.3,4.0,80.1,47.9,68.9,39.9,Rectangular,Mixed
Non Emptying,70.7,63.2,4.0,79.9,62.0,95.7,60.6,Fiberglass Igloo-b,Mixed
Emptying,85.6,49.2,6.0,98.8,51.7,55.0,37.4,Fiberglass Igloo-b,Non Recyclable
Emptying,67.7,20.3,8.0,94.6,62.4,70.4,48.7,Silvertop-a,Non Recyclable
Emptying,65.3,33.3,6.0,61.0,58.9,96.6,54.5,BIM-3 FTI bottentomd,Mixed
Emptying,70.4,31.1,8.0,33.0,21.0,33.6,24.2,Silvertop-b,Mixed
Non Emptying,37.3,23.2,5.0,74.9,42.2,81.0,53.8,Silvertop-a,Recyclable
Emptying,96.6,53.4,8.0,69.6,22.2,69.3,56.0,Silvertop-b,Non Recyclable
Non Emptying,32.3,22.0,3.0,67.1,51.0,50.7,30.8,Rectangular,Mixed
Non Emptying,36.8,27.7,1.0,69.3,56.8,71.4,60.9,Fiberglass Igloo-b,Non Recyclable
Non Emptying,72.2,65.7,4.0,81.6,55.0,52.5,37.1,Accordion,Mixed
Emptying,73.4,31.2,7.0,90.7,56.8,62.7,23.3,Diamond,Recyclable
Emptying,77.7,47.7,9.0,57.5,37.5,75.2,41.0,BIM-3 FTI bottentomd,Non Recyclable
Emptying,62.2,22.8,7.0,65.5,33.3,64.0,51.3,Fiberglass Igloo-a,Mixed
Non Emptying,31.0,28.6,1.0,78.5,62.6,61.6,53.0,Silvertop-b,Recyclable
Non Emptying,62.5,50.9,5.0,61.5,58.5,72.5,65.3,Fiberglass Igloo-a,Non Recyclable
Emptying,64.5,38.9,9.0,91.7,50.8,99.5,60.9,Silvertop-b,Mixed
Emptying,81.3,51.0,6.0,68.4,50.7,87.7,56.0,Silvertop-a,Mixed
Non Emptying,78.1,68.5,5.0,54.6,32.5,78.0,36.2,Rectangular Farmland,Mixed
Non Emptying,70.3,60.9,2.0,39.4,26.5,75.6,34.4,Silvertop-b,Recyclable
Non Emptying,69.2,52.9,4.0,66.7,29.6,34.3,23.2,Silvertop-b,Mixed
Emptying,79.0,48.8,6.0,89.1,40.9,54.3,33.7,Lindstrom-b,Non Recyclable
Emptying,91.5,52.0,6.0,35.6,22.8,35.7,26.6,BIM-3 FTI bottentomd,Recyclable
Emptying,72.1,34.3,7.0,71.4,61.4,64.9,21.7,Rectangular Farmland,Mixed
Emptying,69.4,31.6,7.0,53.4,31.4,62.6,27.2,Fiberglass Igloo-a,Non Recyclable
Emptying,88.9,42.1,9.0,72.5,32.4,94.3,56.7,Lindstrom-b,Mixed
Emptying,87.1,52.5,8.0,54.1,37.6,71.1,63.2,Lindstrom-b,Recyclable
Emptying,72.4,30.1,9.0,62.6,24.5,99.0,63.1,Lindstrom-a,Recyclable
Non Emptying,69.8,52.8,5.0,31.6,25.3,83.8,58.7,Rectangular,Recyclable
Emptying,68.4,25.8,6.0,60.3,53.7,82.9,43.7,Fiberglass Igloo-b,Non Recyclable
Non Emptying,58.3,37.2,1.0,35.7,21.9,69.9,58.3,Rectangular,Mixed
Emptying,61.9,22.7,7.0,72.3,35.9,76.7,48.9,Lindstrom-a,Mixed
Emptying,69.7,37.6,6.0,34.2,21.7,90.6,69.0,Malmobehallare,Recyclable
Emptying,76.0,32.1,6.0,91.8,59.7,55.8,31.8,Rectangular,Mixed
Non Emptying,61.2,55.6,2.0,64.1,38.4,80.6,44.1,Lindstrom-a,Mixed
Emptying,68.1,38.4,8.0,62.1,24.5,30.7,22.9,Silvertop-b,Mixed
Emptying,89.3,40.2,8.0,86.2,41.1,65.7,53.2,Accordion,Recyclable
Non Emptying,57.8,32.7,5.0,83.4,55.5,73.8,61.4,Accordion,Non Recyclable
Emptying,77.1,46.8,6.0,73.3,45.3,76.0,61.1,Lindstrom City,Non Recyclable
Emptying,81.3,44.2,7.0,66.6,52.6,99.7,51.5,Silvertop-a,Recyclable
Emptying,99.3,55.5,7.0,79.3,48.0,34.5,24.8,Accordion,Non Recyclable
Non Emptying,36.7,23.9,5.0,67.6,56.3,70.1,39.3,BIM-3 FTI bottentomd,Non Recyclable
Non Emptying,77.7,66.1,2.0,69.2,52.1,74.7,61.6,Accordion,Recyclable
Non Emptying,32.6,24.5,5.0,95.5,52.8,60.3,51.0,Lindstrom-b,Mixed
Emptying,73.2,46.7,6.0,83.7,43.0,63.1,39.7,Accordion,Mixed
Non Emptying,67.5,52.4,3.0,50.3,32.6,64.0,38.3,Accordion,Recyclable
Non Emptying,78.3,64.2,4.0,63.4,54.5,64.0,56.2,Lindstrom-b,Non Recyclable
Non Emptying,55.2,30.6,4.0,91.3,54.8,74.7,60.1,Lindstrom-a,Recyclable
Non Emptying,66.9,56.7,3.0,50.7,34.2,96.0,53.3,Lindstrom City,Non Recyclable
Emptying,87.4,40.5,8.0,79.6,41.6,50.5,38.2,Lindstrom-b,Mixed
Emptying,69.0,20.3,8.0,88.1,54.1,85.9,42.6,Lindstrom City,Recyclable
Emptying,90.6,50.3,7.0,74.0,40.9,77.5,41.6,Lindstrom-b,Mixed
Emptying,79.8,37.3,6.0,79.2,66.8,80.9,50.6,Cubic,Mixed
Non Emptying,75.8,62.5,2.0,83.0,45.9,52.8,36.1,Silvertop-b,Mixed
Emptying,66.9,31.8,8.0,56.4,37.2,61.6,24.7,Rectangular Farmland,Mixed
Emptying,75.1,44.2,6.0,34.1,22.5,96.2,64.0,Diamond,Non Recyclable
Emptying,81.4,40.4,6.0,78.3,35.3,71.6,36.3,Rectangular,Mixed
Emptying,82.6,43.3,9.0,75.8,60.6,58.4,34.5,Malmobehallare,Recyclable
Non Emptying,33.0,28.2,1.0,89.7,56.3,68.8,52.2,Fiberglass Igloo-b,Recyclable
Emptying,69.0,34.1,9.0,62.2,56.7,32.6,25.1,Cubic,Recyclable
Non Emptying,74.7,60.7,2.0,63.7,37.1,70.5,66.7,Silvertop-b,Mixed
Non Emptying,52.6,35.2,2.0,74.2,63.5,75.9,60.5,BIM-3 FTI bottentomd,Recyclable
Non Emptying,54.9,33.4,3.0,51.5,34.6,66.3,39.5,Rectangular Farmland,Mixed
Non Emptying,63.4,57.7,1.0,67.6,21.9,69.7,51.8,Cubic,Non Recyclable
Emptying,61.5,23.9,9.0,60.9,35.9,76.0,46.5,Silvertop-b,Recyclable
Non Emptying,32.5,22.1,3.0,93.4,66.8,35.3,25.6,Fiberglass Igloo-a,Non Recyclable
Emptying,88.7,59.2,7.0,53.7,31.3,66.9,37.7,Fiberglass Igloo-a,Recyclable
Emptying,84.6,53.9,8.0,79.9,30.7,67.9,35.4,Rectangular Farmland,Mixed
Emptying,80.3,44.6,6.0,69.3,24.2,71.5,35.9,Silvertop-b,Non Recyclable
Non Emptying,57.8,32.4,4.0,52.2,37.0,76.6,67.7,Lindstrom-a,Mixed
Emptying,88.2,41.5,8.0,38.0,28.0,79.0,68.8,Fiberglass Igloo-a,Non Recyclable
Emptying,67.4,32.0,6.0,62.5,33.1,89.3,57.2,Rectangular Farmland,Mixed
Emptying,83.6,44.0,9.0,77.9,35.5,95.7,54.2,Diamond,Mixed
Non Emptying,71.0,62.1,5.0,91.5,54.2,80.8,57.3,Lindstrom-a,Mixed
Emptying,87.5,42.5,9.0,50.2,34.3,31.5,26.2,Rectangular Farmland,Recyclable
Non Emptying,65.4,54.0,3.0,72.3,65.1,90.8,50.2,Fiberglass Igloo-a,Mixed
Emptying,79.4,49.5,7.0,39.6,23.6,74.7,64.1,BIM-3 FTI bottentomd,Mixed
Emptying,73.8,41.7,6.0,98.2,50.2,92.5,58.2,Accordion,Recyclable
Emptying,64.2,31.7,8.0,61.2,31.4,85.8,58.6,Accordion,Non Recyclable
Non Emptying,64.0,56.4,4.0,64.6,39.7,73.6,31.6,Diamond,Recyclable
Emptying,89.3,54.4,6.0,60.5,24.3,73.4,45.4,Silvertop-a,Recyclable
Non Emptying,32.7,20.9,4.0,54.6,31.8,93.2,58.5,BIM-3 FTI bottentomd,Non Recyclable
Emptying,93.8,69.6,8.0,93.5,52.0,71.4,48.3,Fiberglass Igloo-b,Recyclable
Non Emptying,74.4,67.9,2.0,65.2,28.9,63.3,26.0,Lindstrom City,Recyclable
Non Emptying,53.6,30.1,1.0,51.7,36.1,74.6,33.6,Silvertop-b,Recyclable
Emptying,60.0,35.3,7.0,68.5,53.0,51.8,38.3,Lindstrom-a,Non Recyclable
Non Emptying,79.8,63.8,3.0,30.1,23.1,64.6,53.7,Silvertop-b,Recyclable
Emptying,90.6,60.6,6.0,60.0,21.1,34.8,26.7,Diamond,Non Recyclable
Emptying,91.2,55.3,7.0,74.1,36.3,63.7,35.5,Malmobehallare,Non Recyclable
Non Emptying,77.4,64.2,4.0,92.3,51.1,62.3,52.3,Malmobehallare,Non Recyclable
Emptying,60.3,21.6,6.0,38.8,26.0,76.8,65.2,Lindstrom-b,Non Recyclable
Emptying,64.3,24.1,8.0,80.1,51.2,63.9,56.6,Rectangular Farmland,Recyclable
Non Emptying,55.8,36.0,3.0,73.0,34.0,53.6,33.1,Lindstrom City,Recyclable
Emptying,77.8,42.0,7.0,59.3,35.4,61.2,50.6,Lindstrom-a,Recyclable
Non Emptying,70.1,67.2,5.0,60.8,34.4,79.9,66.7,Lindstrom-a,Recyclable
Non Emptying,71.4,64.8,2.0,93.4,53.9,38.9,24.6,Silvertop-a,Mixed
Non Emptying,78.2,69.0,1.0,85.8,42.5,34.6,24.4,Diamond,Mixed
Non Emptying,74.8,60.1,4.0,64.7,53.2,61.9,22.3,Silvertop-b,Mixed
Non Emptying,31.4,27.0,5.0,73.4,63.4,63.7,50.9,Rectangular Farmland,Mixed
Non Emptying,78.3,67.3,5.0,62.2,23.0,54.2,30.7,Lindstrom City,Mixed
Non Emptying,72.0,61.2,1.0,65.9,38.9,80.4,46.0,Malmobehallare,Non Recyclable
Emptying,76.4,37.7,9.0,85.2,47.2,60.5,31.8,Rectangular,Recyclable
Emptying,78.2,33.0,8.0,67.4,23.5,73.2,38.9,Rectangular,Mixed
Non Emptying,54.0,38.3,4.0,65.6,36.0,78.7,49.2,Lindstrom-b,Non Recyclable
Non Emptying,76.1,62.1,3.0,61.0,57.2,60.0,53.1,Fiberglass Igloo-b,Non Recyclable
Emptying,86.7,46.9,6.0,73.8,46.9,73.3,41.9,Rectangular,Recyclable
Non Emptying,74.6,67.5,4.0,61.4,50.2,73.1,60.8,Cubic,Recyclable
Non Emptying,69.3,53.9,3.0,67.7,29.3,61.2,23.2,Lindstrom-b,Recyclable
Non Emptying,52.1,32.1,4.0,33.5,24.5,80.0,60.7,Fiberglass Igloo-b,Non Recyclable
Emptying,93.3,51.6,8.0,94.6,60.7,38.1,28.6,Lindstrom-a,Mixed
Emptying,95.3,54.3,7.0,84.1,52.9,71.5,38.4,Lindstrom City,Recyclable
Emptying,61.1,23.6,9.0,78.5,65.2,37.0,26.7,Lindstrom-b,Non Recyclable
Non Emptying,68.9,55.3,2.0,63.7,33.2,30.8,25.9,Lindstrom City,Recyclable
Non Emptying,68.8,57.0,3.0,63.4,40.0,84.3,44.4,Lindstrom City,Non Recyclable
Non Emptying,60.1,51.8,1.0,60.1,31.6,83.4,43.5,BIM-3 FTI bottentomd,Mixed
Non Emptying,59.8,33.1,4.0,80.9,59.5,71.8,43.8,Silvertop-a,Mixed
Emptying,89.9,57.6,6.0,74.9,50.0,75.7,34.5,Rectangular,Mixed
Emptying,92.3,70.0,6.0,84.4,53.4,30.4,25.6,Silvertop-a,Recyclable
Emptying,95.8,65.2,9.0,62.5,24.4,69.7,26.9,BIM-3 FTI bottentomd,Non Recyclable
Emptying,73.1,34.1,7.0,77.0,45.9,66.2,52.7,Malmobehallare,Mixed
Non Emptying,37.1,22.7,4.0,76.5,65.9,72.7,31.1,Lindstrom-a,Mixed
Non Emptying,62.7,50.7,2.0,39.2,20.1,84.8,56.4,Rectangular,Non Recyclable
Emptying,60.0,23.3,9.0,71.9,63.2,62.4,58.2,Cubic,Recyclable
Emptying,71.5,33.7,9.0,75.3,62.6,97.8,51.2,Silvertop-a,Non Recyclable
Non Emptying,39.2,27.4,3.0,68.3,51.7,64.8,50.0,Malmobehallare,Mixed
Emptying,96.8,50.2,6.0,61.7,37.3,63.2,58.6,Diamond,Recyclable
Non Emptying,58.2,31.6,4.0,96.2,52.1,63.3,57.9,Malmobehallare,Mixed
Emptying,82.2,44.5,6.0,98.1,56.2,51.7,36.0,Malmobehallare,Recyclable
Emptying,74.0,37.9,6.0,52.4,33.5,61.3,56.3,Cubic,Non Recyclable
Non Emptying,53.5,31.4,2.0,35.8,26.3,81.5,51.1,Silvertop-a,Non Recyclable
Emptying,96.1,54.1,9.0,73.5,43.4,79.3,31.9,Accordion,Mixed
Emptying,70.3,32.1,6.0,57.1,32.6,90.5,64.8,Cubic,Recyclable
Emptying,70.1,33.2,8.0,83.4,42.8,74.2,61.9,Diamond,Non Recyclable
Emptying,76.9,49.0,7.0,54.5,30.3,71.7,60.5,Cubic,Non Recyclable
Non Emptying,52.1,38.4,5.0,58.4,38.3,92.0,52.4,Lindstrom City,Non Recyclable
Non Emptying,74.5,61.8,3.0,76.1,65.8,66.6,25.4,Cubic,Recyclable
Emptying,62.0,36.2,7.0,76.7,36.4,87.2,49.1,BIM-3 FTI bottentomd,Non Recyclable
Non Emptying,75.7,68.4,2.0,32.9,21.6,31.0,24.1,Lindstrom-a,Non Recyclable
Non Emptying,75.9,60.6,2.0,84.5,41.8,72.0,31.3,Lindstrom-a,Non Recyclable
Non Emptying,50.4,31.8,5.0,92.9,58.5,64.1,30.8,Diamond,Non Recyclable
Emptying,78.0,60.1,2.0,70.8,68.4,77.2,62.0,Accordion,Mixed
Non Emptying,69.9,20.4,6.0,61.9,21.8,66.1,28.5,Lindstrom-b,Recyclable
Emptying,72.1,62.7,3.0,77.5,68.3,79.8,64.0,Rectangular,Mixed
Non Emptying,83.0,42.3,6.0,89.2,41.9,81.9,41.2,Lindstrom-b,Non Recyclable
Non Emptying,62.6,21.7,6.0,64.8,20.7,63.0,23.7,Rectangular,Non Recyclable
Non Emptying,86.4,40.7,9.0,81.3,58.2,80.1,52.6,Silvertop-b,Non Recyclable
Non Emptying,91.7,61.2,6.0,93.5,61.4,91.7,50.4,Lindstrom-a,Recyclable
Emptying,35.3,22.5,4.0,31.2,25.0,36.3,24.9,Fiberglass Igloo-a,Recyclable
Non Emptying,73.0,46.7,8.0,71.9,45.2,76.7,48.8,Lindstrom City,Non Recyclable
Non Emptying,82.4,43.9,6.0,87.6,48.5,87.3,40.2,BIM-3 FTI bottentomd,Mixed
Non Emptying,77.0,33.6,7.0,77.7,44.9,73.5,32.9,BIM-3 FTI bottentomd,Mixed
Non Emptying,77.8,49.1,9.0,72.2,46.0,79.8,33.0,Cubic,Recyclable
Emptying,35.7,26.5,1.0,34.8,23.7,34.8,28.5,Fiberglass Igloo-b,Recyclable
Non Emptying,79.7,45.0,6.0,70.6,31.0,80.0,48.0,Lindstrom City,Non Recyclable
Non Emptying,89.5,47.7,9.0,84.5,53.9,88.8,50.9,Rectangular Farmland,Non Recyclable
Non Emptying,76.4,32.1,9.0,74.5,40.1,74.6,42.7,Fiberglass Igloo-a,Non Recyclable
Emptying,66.4,55.7,3.0,60.7,53.9,63.8,57.5,Accordion,Recyclable
Non Emptying,98.5,52.2,6.0,93.4,61.1,99.7,69.7,Malmobehallare,Non Recyclable
Non Emptying,81.4,44.4,6.0,82.4,45.2,83.5,50.5,Lindstrom City,Recyclable
Emptying,57.4,33.0,5.0,54.1,37.9,58.8,35.0,Lindstrom City,Mixed
Non Emptying,74.7,41.0,6.0,76.7,39.2,71.9,31.5,Fiberglass Igloo-a,Non Recyclable
Non Emptying,83.3,50.4,7.0,85.9,56.0,80.3,58.8,Accordion,Recyclable
Emptying,54.7,36.0,2.0,51.1,32.9,50.0,30.4,Fiberglass Igloo-a,Recyclable
Emptying,70.0,64.6,3.0,71.2,63.8,73.5,67.8,Fiberglass Igloo-a,Recyclable
Emptying,34.7,25.5,3.0,31.2,22.0,37.3,24.5,Cubic,Non Recyclable
Non Emptying,61.3,22.5,6.0,66.0,20.4,66.5,21.3,Lindstrom-b,Non Recyclable
Non Emptying,80.5,43.4,6.0,81.0,46.4,85.3,53.0,Rectangular Farmland,Mixed
Emptying,57.3,36.9,4.0,53.7,37.7,54.5,38.0,BIM-3 FTI bottentomd,Recyclable
Non Emptying,99.1,58.8,6.0,92.9,51.3,90.6,62.9,Lindstrom-b,Non Recyclable
Non Emptying,91.7,68.4,6.0,90.4,51.9,92.9,51.3,Rectangular Farmland,Recyclable
Emptying,63.1,54.1,4.0,65.1,50.6,63.8,51.4,Lindstrom-a,Non Recyclable
Non Emptying,60.6,20.1,6.0,63.2,22.1,68.4,32.2,Malmobehallare,Non Recyclable
Emptying,33.3,27.7,5.0,32.0,26.7,30.6,23.8,Malmobehallare,Non Recyclable
Non Emptying,80.0,46.0,6.0,88.0,55.3,89.3,55.7,BIM-3 FTI bottentomd,Recyclable
Emptying,30.3,28.7,1.0,37.8,25.1,35.2,25.8,Fiberglass Igloo-b,Non Recyclable
Emptying,70.3,64.0,4.0,78.9,68.5,72.2,60.5,Cubic,Mixed
Emptying,68.6,50.2,3.0,62.9,52.2,62.6,55.2,Silvertop-b,Recyclable
Emptying,34.9,20.4,5.0,35.0,25.4,32.3,25.8,Silvertop-a,Recyclable
Emptying,30.6,23.5,5.0,30.8,21.8,31.0,22.6,Lindstrom City,Mixed
Emptying,67.0,53.3,3.0,69.3,52.6,66.0,54.5,Lindstrom-b,Non Recyclable
Non Emptying,97.0,51.7,7.0,99.0,54.1,93.6,50.6,Lindstrom City,Recyclable
Non Emptying,78.6,39.2,6.0,71.7,37.5,71.3,33.1,Silvertop-b,Recyclable
Non Emptying,90.1,63.1,9.0,90.9,69.1,94.6,52.9,Accordion,Recyclable
Emptying,63.3,53.8,5.0,66.0,50.2,63.7,56.2,Malmobehallare,Recyclable
Non Emptying,80.9,58.6,6.0,82.8,42.3,87.1,43.8,Lindstrom City,Non Recyclable
Emptying,61.5,50.9,4.0,68.1,58.0,61.0,56.9,Malmobehallare,Non Recyclable
Non Emptying,66.2,31.9,7.0,60.0,35.9,63.4,38.8,Diamond,Mixed
Non Emptying,78.4,39.1,9.0,79.0,33.9,74.9,30.1,Diamond,Recyclable
Non Emptying,92.9,65.2,6.0,92.7,50.1,93.0,65.3,Cubic,Mixed
Emptying,56.3,34.4,1.0,51.9,34.7,52.0,30.1,BIM-3 FTI bottentomd,Non Recyclable
Non Emptying,70.1,34.5,6.0,75.4,33.5,75.0,41.8,Lindstrom-a,Non Recyclable
Non Emptying,71.6,40.1,8.0,70.6,41.7,71.3,46.3,Rectangular Farmland,Recyclable
Emptying,73.5,68.1,4.0,71.6,62.9,75.1,60.0,Silvertop-b,Non Recyclable
Emptying,72.1,61.8,4.0,73.9,63.3,72.6,62.1,Silvertop-b,Recyclable
Non Emptying,84.6,43.1,6.0,80.5,43.0,86.1,41.4,Silvertop-b,Recyclable
Non Emptying,63.4,39.0,7.0,61.3,30.7,66.6,22.4,Lindstrom-b,Mixed
Non Emptying,64.3,20.7,6.0,64.9,29.5,60.8,27.9,Lindstrom City,Non Recyclable
Non Emptying,74.5,48.5,6.0,78.8,49.8,79.2,41.2,Cubic,Recyclable
Non Emptying,87.0,43.0,6.0,83.5,49.9,80.4,54.3,Lindstrom-b,Non Recyclable
Emptying,56.3,34.2,2.0,52.5,37.0,55.9,37.3,Lindstrom-a,Non Recyclable
Emptying,31.5,25.1,5.0,36.2,20.7,30.4,24.4,Rectangular Farmland,Recyclable
Non Emptying,86.7,43.6,6.0,80.2,52.2,81.6,55.6,Lindstrom-b,Mixed
Non Emptying,71.5,33.4,6.0,74.3,38.0,71.6,31.6,Fiberglass Igloo-a,Mixed
Emptying,57.1,30.1,1.0,58.4,35.2,53.9,31.4,Cubic,Mixed
Non Emptying,96.2,54.6,7.0,90.7,60.9,92.4,62.2,Lindstrom-a,Recyclable
Emptying,37.6,24.4,4.0,35.6,28.1,33.5,26.1,Lindstrom-b,Non Recyclable
Emptying,74.1,62.6,2.0,73.0,64.4,79.7,67.7,Rectangular Farmland,Non Recyclable
Non Emptying,96.9,52.7,6.0,91.8,54.4,95.6,51.9,Diamond,Mixed
Emptying,72.6,67.5,4.0,72.8,67.4,70.6,67.5,Diamond,Mixed
Non Emptying,88.0,51.9,8.0,85.8,41.6,82.0,40.9,Accordion,Mixed
Emptying,67.1,50.6,3.0,63.8,54.4,65.5,50.1,BIM-3 FTI bottentomd,Recyclable
Emptying,68.7,50.0,5.0,65.9,54.8,65.0,56.8,Fiberglass Igloo-a,Recyclable
Emptying,50.4,32.2,3.0,56.4,34.4,57.0,34.6,Diamond,Non Recyclable
Non Emptying,85.6,53.5,6.0,82.9,48.1,85.6,41.9,Fiberglass Igloo-a,Recyclable
Emptying,72.7,63.0,3.0,78.6,63.5,78.5,66.2,Lindstrom-a,Non Recyclable
Non Emptying,92.9,66.2,6.0,91.4,67.3,97.3,52.1,Silvertop-b,Non Recyclable
Non Emptying,76.4,44.3,6.0,73.8,35.6,71.0,33.2,Lindstrom City,Non Recyclable
Emptying,65.8,55.2,3.0,64.5,55.5,60.4,51.3,Rectangular,Non Recyclable
Emptying,31.9,28.8,1.0,38.6,28.3,34.1,20.1,Lindstrom-b,Recyclable
Non Emptying,87.4,46.9,9.0,84.2,55.2,88.2,44.0,Rectangular Farmland,Non Recyclable
Emptying,57.2,34.9,1.0,58.3,36.1,51.4,33.2,Rectangular Farmland,Non Recyclable
Non Emptying,72.0,32.5,8.0,74.9,48.9,79.7,32.6,Malmobehallare,Mixed
Emptying,61.7,50.8,2.0,69.9,57.1,65.9,52.5,Rectangular,Non Recyclable
Emptying,64.7,54.8,2.0,66.7,58.7,63.5,52.8,Rectangular,Non Recyclable
Non Emptying,89.6,53.1,6.0,81.8,43.7,87.3,55.1,Accordion,Mixed
Non Emptying,93.9,51.8,6.0,95.2,51.0,93.0,54.8,Lindstrom-a,Mixed
Non Emptying,64.9,35.9,9.0,61.5,23.4,68.5,33.8,Diamond,Non Recyclable
Emptying,61.8,58.6,1.0,61.9,53.5,69.6,51.0,Fiberglass Igloo-a,Mixed
Emptying,69.5,51.4,3.0,64.7,55.0,60.8,50.2,BIM-3 FTI bottentomd,Recyclable
Non Emptying,77.2,37.7,9.0,74.5,32.5,74.1,37.5,Fiberglass Igloo-b,Non Recyclable
Emptying,54.4,34.6,2.0,58.5,38.6,56.9,36.4,Cubic,Mixed
Non Emptying,98.2,64.2,9.0,91.7,52.9,92.5,67.8,Lindstrom City,Mixed
Non Emptying,89.8,43.7,7.0,88.9,56.5,82.6,48.9,Lindstrom City,Non Recyclable
Emptying,52.0,31.9,4.0,59.5,31.1,53.9,34.2,Rectangular Farmland,Recyclable
Non Emptying,68.3,20.1,7.0,61.6,25.9,60.5,22.8,Rectangular Farmland,Mixed
Non Emptying,67.7,32.5,6.0,61.6,28.6,65.0,28.6,Fiberglass Igloo-a,Non Recyclable
Emptying,71.1,64.3,2.0,74.8,62.1,70.4,63.4,Rectangular,Non Recyclable
Non Emptying,95.6,59.6,8.0,90.1,51.8,93.8,54.5,Silvertop-b,Non Recyclable
Non Emptying,73.3,32.8,7.0,75.7,34.1,70.3,47.9,Lindstrom City,Mixed
Emptying,51.9,32.0,4.0,59.3,30.8,53.6,33.2,Silvertop-a,Mixed
Non Emptying,62.7,22.7,8.0,68.1,35.5,68.9,31.4,Rectangular,Recyclable
Emptying,53.9,30.2,4.0,52.5,32.5,53.7,34.7,Cubic,Mixed
Non Emptying,84.8,41.2,7.0,81.4,50.4,83.0,40.6,Rectangular,Recyclable
Emptying,61.1,52.0,3.0,61.0,58.4,61.2,57.9,Diamond,Mixed
Non Emptying,90.3,54.2,6.0,98.2,58.1,97.4,57.2,Diamond,Non Recyclable
Emptying,32.6,22.2,2.0,37.0,22.6,36.1,22.3,Accordion,Recyclable
Non Emptying,85.1,59.5,6.0,80.7,56.1,81.7,48.0,Cubic,Recyclable
Emptying,39.4,24.8,3.0,32.4,23.3,38.9,21.9,Lindstrom-a,Recyclable
Non Emptying,96.7,53.1,9.0,94.8,62.4,92.7,50.4,BIM-3 FTI bottentomd,Recyclable
Non Emptying,79.0,39.0,8.0,76.2,31.9,73.5,34.0,Cubic,Non Recyclable
Emptying,54.5,38.5,3.0,53.3,34.7,51.9,31.7,Malmobehallare,Recyclable
Non Emptying,74.3,34.6,6.0,79.6,49.4,73.7,30.5,Rectangular Farmland,Recyclable
Emptying,63.8,51.3,1.0,65.4,58.6,63.6,52.4,Lindstrom-b,Recyclable
Emptying,34.8,22.7,4.0,37.3,22.9,38.8,22.6,Rectangular Farmland,Recyclable
Non Emptying,86.7,44.3,6.0,84.3,43.4,81.1,40.4,Accordion,Recyclable
Non Emptying,95.7,50.5,8.0,94.7,54.8,98.5,55.7,Accordion,Recyclable
Emptying,65.6,51.2,4.0,67.2,50.4,64.5,53.3,Rectangular,Non Recyclable
Non Emptying,72.4,42.7,9.0,79.3,33.6,79.0,44.4,Rectangular Farmland,Non Recyclable
Non Emptying,93.0,50.1,6.0,97.6,50.3,93.5,54.2,Lindstrom-b,Mixed
Non Emptying,78.7,41.1,8.0,76.5,36.1,78.8,47.5,BIM-3 FTI bottentomd,Mixed
Non Emptying,90.4,55.5,9.0,92.4,60.8,99.8,54.9,Cubic,Non Recyclable
Non Emptying,63.9,20.6,7.0,60.3,32.5,64.3,24.7,Rectangular,Non Recyclable
Non Emptying,93.4,68.2,9.0,99.8,56.5,90.0,64.5,Lindstrom-b,Non Recyclable
Non Emptying,65.9,37.7,6.0,66.7,28.2,62.9,35.0,Malmobehallare,Recyclable
Non Emptying,90.8,61.3,8.0,93.8,52.4,92.9,52.6,Rectangular Farmland,Mixed
Non Emptying,88.3,41.8,9.0,81.7,44.5,83.1,46.7,Diamond,Non Recyclable
Non Emptying,62.8,28.8,7.0,63.1,24.4,60.6,21.2,Lindstrom City,Mixed
Non Emptying,93.1,55.1,7.0,97.0,69.3,99.5,69.6,Diamond,Non Recyclable
Non Emptying,60.2,32.0,8.0,64.1,35.3,65.6,37.1,Lindstrom-a,Mixed
Emptying,52.4,30.8,5.0,54.0,33.6,54.7,37.6,Fiberglass Igloo-a,Recyclable
Emptying,30.6,21.0,2.0,34.3,23.2,30.7,20.0,Diamond,Non Recyclable
Non Emptying,63.8,31.3,6.0,60.8,28.5,61.6,24.6,Silvertop-b,Mixed
Non Emptying,62.4,22.4,8.0,62.6,26.4,61.7,22.2,Malmobehallare,Non Recyclable
Non Emptying,63.2,38.9,6.0,66.0,38.1,67.2,30.2,Diamond,Non Recyclable
Emptying,55.5,35.7,1.0,51.8,34.5,58.1,36.9,Fiberglass Igloo-b,Mixed
Emptying,78.9,60.9,5.0,72.1,61.0,71.0,63.3,Fiberglass Igloo-a,Mixed
Non Emptying,68.6,33.2,7.0,67.8,21.6,61.5,26.5,Lindstrom-a,Recyclable
Non Emptying,71.2,36.1,6.0,79.6,31.7,75.7,30.8,Cubic,Mixed
Emptying,78.2,62.2,5.0,76.1,60.2,70.8,62.6,Silvertop-b,Recyclable
Emptying,58.6,35.4,3.0,53.2,33.1,51.2,30.2,Silvertop-b,Mixed
Non Emptying,90.5,53.8,9.0,92.9,50.7,95.2,58.1,Silvertop-a,Non Recyclable
Non Emptying,81.2,49.6,9.0,85.3,51.1,84.4,55.5,Lindstrom City,Mixed
Non Emptying,83.9,51.8,7.0,80.1,45.4,89.4,43.7,Lindstrom City,Mixed
Non Emptying,72.0,32.8,9.0,71.0,32.4,78.3,42.0,Malmobehallare,Mixed
Non Emptying,77.4,30.8,7.0,72.5,33.9,78.0,40.3,Lindstrom-b,Mixed
Non Emptying,96.6,62.8,6.0,96.2,53.8,93.9,56.6,Silvertop-b,Non Recyclable
Non Emptying,87.9,44.6,6.0,89.9,40.5,89.8,43.9,Lindstrom City,Recyclable
Non Emptying,76.5,30.9,8.0,78.4,31.2,70.7,35.4,Silvertop-a,Recyclable
Non Emptying,71.3,49.6,9.0,74.0,39.9,75.8,38.8,Malmobehallare,Non Recyclable
Non Emptying,70.9,46.8,8.0,77.0,47.0,79.9,39.1,Lindstrom-b,Mixed
Emptying,30.2,25.2,4.0,32.7,25.3,31.5,26.4,BIM-3 FTI bottentomd,Non Recyclable
Non Emptying,69.2,27.1,9.0,67.3,38.8,64.6,28.9,Rectangular Farmland,Mixed
Emptying,61.1,52.2,5.0,63.2,52.5,65.0,50.5,Rectangular,Recyclable
Emptying,73.7,67.3,4.0,71.9,67.7,74.2,65.3,Rectangular Farmland,Mixed
Non Emptying,70.4,49.9,7.0,77.2,31.4,73.9,34.8,Lindstrom City,Mixed
Non Emptying,73.4,39.6,8.0,73.0,32.0,71.4,44.8,Fiberglass Igloo-b,Recyclable
Emptying,62.5,54.6,3.0,63.6,58.1,66.8,56.5,Lindstrom-b,Non Recyclable
Emptying,66.7,55.7,5.0,62.6,56.6,64.7,51.0,Lindstrom City,Mixed
Non Emptying,99.6,65.5,6.0,91.9,50.8,92.2,61.6,Fiberglass Igloo-b,Recyclable
Emptying,78.2,67.6,5.0,75.7,69.0,75.8,61.0,Malmobehallare,Non Recyclable
Emptying,39.1,24.7,5.0,30.1,24.7,31.4,25.4,Silvertop-a,Non Recyclable
Non Emptying,80.0,46.1,7.0,78.7,42.2,72.7,30.4,Fiberglass Igloo-b,Mixed
Non Emptying,72.8,33.5,8.0,72.9,47.9,70.3,31.4,Diamond,Mixed
Non Emptying,61.9,20.3,9.0,67.9,21.1,63.5,34.6,Fiberglass Igloo-a,Recyclable
Non Emptying,71.0,38.4,7.0,73.8,43.1,76.6,45.0,BIM-3 FTI bottentomd,Mixed
Emptying,61.2,51.0,1.0,63.9,54.1,68.2,50.4,Silvertop-a,Recyclable
Non Emptying,74.1,32.9,9.0,79.2,42.7,75.7,43.8,Accordion,Recyclable
Emptying,70.4,67.3,5.0,73.3,67.0,79.0,66.2,Silvertop-a,Non Recyclable
Non Emptying,67.6,30.1,8.0,69.2,28.1,69.6,37.2,Lindstrom-a,Mixed
Non Emptying,90.9,56.6,8.0,96.4,56.8,96.1,63.7,BIM-3 FTI bottentomd,Recyclable
Non Emptying,67.2,34.1,7.0,63.7,23.5,63.2,27.7,Lindstrom-a,Mixed
Non Emptying,80.9,43.4,6.0,80.8,51.9,82.1,41.3,Silvertop-a,Mixed
Non Emptying,62.9,35.7,8.0,63.5,21.4,69.5,30.8,Cubic,Recyclable
Emptying,66.4,51.8,3.0,61.6,54.3,61.5,55.0,Malmobehallare,Recyclable
Non Emptying,80.7,59.4,6.0,88.5,57.5,81.1,44.6,Silvertop-a,Non Recyclable
Non Emptying,65.5,30.7,7.0,62.0,36.9,63.8,30.6,Diamond,Non Recyclable
Non Emptying,92.2,63.6,6.0,91.6,59.6,99.3,60.0,Malmobehallare,Mixed
Emptying,64.4,53.7,3.0,64.6,55.0,62.4,56.2,Rectangular,Mixed
Emptying,67.9,55.5,5.0,65.9,51.6,65.6,51.4,Fiberglass Igloo-a,Non Recyclable
Non Emptying,98.7,58.4,8.0,92.7,59.7,92.7,67.7,Diamond,Recyclable
Emptying,31.5,24.4,4.0,32.8,20.9,36.6,25.0,Silvertop-a,Mixed
Non Emptying,62.3,34.7,7.0,63.1,22.0,67.3,21.7,Fiberglass Igloo-b,Non Recyclable
Non Emptying,78.5,37.6,6.0,78.1,35.7,73.9,43.6,Accordion,Recyclable
Emptying,34.4,21.6,3.0,34.7,24.6,32.5,21.5,BIM-3 FTI bottentomd,Mixed
Emptying,62.7,54.0,2.0,66.2,57.6,65.8,51.7,Fiberglass Igloo-a,Non Recyclable
Emptying,67.6,57.9,2.0,63.3,56.1,66.2,58.8,Lindstrom City,Non Recyclable
Non Emptying,64.1,27.8,6.0,62.6,20.2,69.8,36.6,Accordion,Non Recyclable
Non Emptying,64.5,22.6,8.0,63.9,25.7,67.1,28.8,Silvertop-a,Non Recyclable
Non Emptying,81.1,56.2,6.0,82.6,43.9,89.0,41.9,Fiberglass Igloo-b,Mixed
Non Emptying,70.0,43.1,8.0,70.1,33.0,73.2,38.6,Accordion,Mixed
Emptying,61.4,54.1,1.0,66.3,51.2,68.1,50.8,Fiberglass Igloo-b,Non Recyclable
Non Emptying,60.0,37.9,8.0,63.6,20.0,67.6,32.7,Lindstrom-b,Recyclable
Non Emptying,70.2,42.8,7.0,74.8,41.4,77.5,39.0,Lindstrom-a,Mixed
Non Emptying,66.4,28.3,8.0,67.7,27.2,62.9,37.6,Diamond,Mixed
Emptying,53.9,35.8,2.0,52.0,33.0,50.5,35.6,Malmobehallare,Mixed
Emptying,71.7,64.7,5.0,72.0,60.6,74.4,60.2,Lindstrom City,Recyclable
Emptying,74.5,60.7,3.0,75.8,65.4,73.0,61.9,Lindstrom City,Mixed
Emptying,35.8,28.4,2.0,31.7,20.3,37.7,23.0,Accordion,Non Recyclable
Non Emptying,82.3,43.1,7.0,89.7,51.2,87.4,58.5,Rectangular Farmland,Non Recyclable
Emptying,52.3,38.7,1.0,50.9,35.9,52.0,32.8,Diamond,Recyclable
Non Emptying,83.5,53.3,9.0,87.9,56.2,83.8,42.6,Fiberglass Igloo-a,Recyclable
Emptying,79.2,60.3,2.0,78.3,67.8,70.8,67.3,Fiberglass Igloo-a,Recyclable
Emptying,39.7,27.1,1.0,30.7,25.7,33.6,26.5,Fiberglass Igloo-b,Mixed
Non Emptying,64.2,30.2,6.0,61.7,24.5,70.0,34.8,Rectangular,Non Recyclable
Emptying,60.3,56.5,4.0,69.1,51.4,63.7,52.9,Lindstrom-b,Mixed
Emptying,71.4,64.4,5.0,77.8,61.7,77.2,62.5,Lindstrom-b,Mixed
Emptying,35.8,28.7,1.0,36.9,20.6,34.3,25.6,BIM-3 FTI bottentomd,Non Recyclable
Non Emptying,68.2,24.6,8.0,61.4,20.9,60.7,37.8,Fiberglass Igloo-b,Mixed
Non Emptying,93.0,54.4,6.0,93.4,58.5,97.6,51.7,Lindstrom-b,Mixed
Non Emptying,74.0,45.6,9.0,71.3,35.1,74.0,34.8,Silvertop-a,Recyclable
Emptying,79.9,68.9,4.0,72.3,65.7,77.6,64.6,Diamond,Mixed
Non Emptying,82.2,59.6,8.0,89.8,44.4,84.4,42.8,BIM-3 FTI bottentomd,Mixed
Non Emptying,94.5,59.1,7.0,93.1,63.5,91.8,53.8,Lindstrom-b,Mixed
Emptying,66.3,56.1,3.0,60.1,56.7,61.6,57.1,Rectangular,Non Recyclable
Non Emptying,62.7,32.1,8.0,63.0,37.7,61.6,23.0,Rectangular Farmland,Recyclable
Non Emptying,93.1,52.7,7.0,97.7,58.0,93.0,63.9,Lindstrom City,Mixed
Non Emptying,95.0,54.5,7.0,99.9,66.2,93.2,68.0,BIM-3 FTI bottentomd,Recyclable
Emptying,75.1,66.0,3.0,73.2,67.1,71.6,68.3,Lindstrom-b,Non Recyclable
Non Emptying,71.1,33.0,9.0,71.2,45.6,70.8,35.3,Diamond,Non Recyclable
Emptying,53.2,36.9,4.0,55.2,34.1,50.0,35.5,Lindstrom-b,Non Recyclable
Emptying,59.5,30.3,5.0,51.1,38.8,51.9,34.7,Fiberglass Igloo-a,Non Recyclable
Emptying,64.2,54.8,3.0,60.4,51.5,60.9,54.3,Lindstrom-b,Non Recyclable
Non Emptying,61.1,26.1,7.0,63.6,27.7,63.0,36.5,Accordion,Non Recyclable
Emptying,79.0,68.8,5.0,74.6,66.3,78.4,60.1,Malmobehallare,Non Recyclable
Emptying,33.0,25.2,5.0,34.0,21.4,31.7,28.1,Fiberglass Igloo-b,Mixed
Emptying,31.0,25.0,3.0,31.6,28.2,33.4,22.8,Fiberglass Igloo-a,Recyclable
Emptying,52.0,30.7,5.0,55.7,36.7,56.8,31.8,Rectangular,Mixed
Non Emptying,78.8,33.0,8.0,72.5,39.6,74.4,49.5,Lindstrom City,Mixed
Non Emptying,75.7,35.6,8.0,74.6,43.6,71.8,31.0,Lindstrom-b,Recyclable
Emptying,31.0,23.7,5.0,31.9,26.9,33.1,21.5,Rectangular,Non Recyclable
Non Emptying,61.0,26.9,6.0,61.0,35.0,64.1,31.1,Lindstrom City,Recyclable
Emptying,30.8,24.1,2.0,30.7,25.2,39.9,21.2,Malmobehallare,Recyclable
Non Emptying,92.7,55.2,6.0,90.3,50.2,94.4,55.3,Lindstrom-a,Mixed
Non Emptying,70.4,33.4,6.0,70.1,49.3,71.9,32.2,Lindstrom-a,Recyclable
Non Emptying,69.9,21.3,6.0,66.6,22.3,64.0,21.6,Fiberglass Igloo-b,Mixed
Emptying,33.1,20.0,3.0,33.0,20.3,38.2,22.0,Diamond,Non Recyclable
Emptying,37.4,20.7,5.0,35.2,25.1,38.9,24.9,Lindstrom City,Non Recyclable
Emptying,54.9,39.0,4.0,50.3,30.2,52.1,38.1,Silvertop-b,Recyclable
Emptying,68.0,56.4,5.0,68.8,54.5,60.6,52.2,Silvertop-b,Recyclable
Non Emptying,76.7,30.0,6.0,78.3,34.3,76.0,44.7,Accordion,Non Recyclable
Emptying,52.1,31.1,1.0,54.7,33.4,54.3,34.5,Malmobehallare,Mixed
Non Emptying,77.7,31.7,8.0,78.5,42.5,76.1,31.4,Rectangular,Non Recyclable
Emptying,32.6,26.1,5.0,38.4,22.7,32.6,23.3,Rectangular Farmland,Non Recyclable
Non Emptying,66.0,36.2,7.0,68.0,21.9,70.0,33.0,Diamond,Mixed
Emptying,39.2,22.8,2.0,36.6,26.1,35.3,26.3,Lindstrom City,Non Recyclable
Non Emptying,92.2,61.5,6.0,96.5,53.0,95.8,68.6,Cubic,Recyclable
Non Emptying,93.6,69.6,7.0,97.8,53.1,93.3,58.9,Lindstrom-a,Mixed
Emptying,60.9,54.1,1.0,64.3,50.5,61.1,54.4,Malmobehallare,Non Recyclable
Emptying,75.5,68.4,2.0,73.7,66.6,77.4,61.3,Lindstrom-b,Mixed
Emptying,37.1,21.9,5.0,33.6,22.5,33.3,22.3,Lindstrom-b,Non Recyclable
Non Emptying,70.2,31.4,7.0,71.0,44.0,73.8,34.4,Lindstrom-b,Recyclable
Non Emptying,63.0,26.4,6.0,65.6,21.7,63.6,21.1,Malmobehallare,Non Recyclable
Non Emptying,79.9,36.5,7.0,72.6,41.3,77.6,31.2,Lindstrom-b,Non Recyclable
Emptying,32.5,20.1,4.0,31.4,21.7,35.5,23.5,Silvertop-b,Mixed
Non Emptying,61.5,34.4,9.0,62.3,23.3,65.0,22.3,Cubic,Mixed
Non Emptying,73.1,41.5,6.0,72.7,39.8,79.5,38.2,Lindstrom City,Mixed
Non Emptying,71.9,39.3,9.0,78.8,47.4,72.6,38.9,Diamond,Non Recyclable
Emptying,31.9,22.4,1.0,37.4,28.5,34.4,20.8,Fiberglass Igloo-a,Non Recyclable
Non Emptying,76.9,31.5,7.0,72.6,40.3,79.0,33.0,Diamond,Non Recyclable
Emptying,34.0,24.5,1.0,31.7,23.9,33.0,26.0,Lindstrom-a,Mixed
Non Emptying,74.4,40.2,8.0,74.7,44.5,71.0,32.2,BIM-3 FTI bottentomd,Non Recyclable
Non Emptying,75.0,39.9,7.0,71.9,43.7,78.6,44.1,Lindstrom-b,Recyclable
Emptying,70.0,56.3,5.0,66.3,58.8,67.5,56.4,Lindstrom-a,Recyclable
Emptying,59.2,33.9,1.0,50.8,30.1,60.0,30.5,Rectangular,Mixed
Emptying,76.5,66.9,5.0,76.9,62.7,75.2,62.8,Rectangular,Mixed
Emptying,53.6,33.8,2.0,52.4,31.4,59.2,31.3,Cubic,Non Recyclable
Emptying,30.9,20.9,1.0,36.2,25.7,31.9,20.6,Cubic,Non Recyclable
Non Emptying,72.3,42.1,8.0,73.7,48.7,79.2,30.2,Fiberglass Igloo-a,Recyclable
Non Emptying,86.6,42.0,6.0,89.6,46.0,85.7,47.5,Cubic,Mixed
Emptying,54.4,38.6,1.0,52.3,33.8,55.2,36.5,Cubic,Mixed
Emptying,32.3,27.9,1.0,31.6,22.5,35.0,25.1,Cubic,Mixed
Emptying,65.3,51.5,4.0,68.6,57.2,69.6,53.9,Fiberglass Igloo-a,Mixed
Non Emptying,61.5,23.3,6.0,68.5,36.1,64.4,28.1,Silvertop-a,Non Recyclable
Emptying,64.5,54.0,4.0,68.0,56.6,62.8,51.9,Silvertop-b,Recyclable
Non Emptying,65.9,21.5,8.0,67.5,32.1,62.0,34.9,Accordion,Non Recyclable
Emptying,51.9,36.4,1.0,56.4,33.0,51.0,34.9,BIM-3 FTI bottentomd,Mixed
Emptying,76.2,67.5,5.0,74.4,64.4,72.0,68.6,Silvertop-b,Non Recyclable
Non Emptying,64.5,37.8,8.0,62.0,32.0,63.3,32.0,Cubic,Non Recyclable
Emptying,34.3,21.3,3.0,35.5,20.8,36.2,25.0,Cubic,Mixed
Non Emptying,73.5,36.3,7.0,73.5,41.6,79.4,36.7,Accordion,Recyclable
Non Emptying,79.5,40.7,8.0,78.9,44.1,70.1,46.0,Lindstrom City,Recyclable
Emptying,38.7,24.1,4.0,31.6,23.7,32.4,26.3,Cubic,Non Recyclable
Non Emptying,84.2,45.9,6.0,81.6,58.5,86.5,50.8,Lindstrom City,Non Recyclable
Emptying,72.4,63.2,2.0,74.6,64.5,72.0,60.3,BIM-3 FTI bottentomd,Recyclable
Non Emptying,34.4,85.3,6.0,54.7,75.9,39.8,83.3,Malmobehallare,Non Recyclable
Non Emptying,51.7,96.2,8.0,33.9,83.3,57.4,85.0,Silvertop-a,Mixed
Emptying,63.5,50.9,5.0,55.7,30.8,68.5,51.7,Cubic,Non Recyclable
Non Emptying,33.9,83.1,6.0,61.1,91.8,43.6,84.6,Rectangular Farmland,Recyclable
Emptying,32.2,73.5,3.0,30.5,68.0,53.0,62.4,Malmobehallare,Mixed
Emptying,50.0,53.4,3.0,28.6,77.9,62.4,62.3,Malmobehallare,Recyclable
Emptying,51.5,58.4,5.0,64.4,56.2,67.9,34.2,Accordion,Non Recyclable
Non Emptying,34.7,90.7,6.0,57.0,81.8,42.6,75.6,Malmobehallare,Mixed
Non Emptying,46.2,83.9,6.0,67.0,70.0,54.5,92.1,Rectangular Farmland,Non Recyclable
Non Emptying,39.7,72.1,8.0,42.9,92.3,44.5,65.9,Silvertop-a,Recyclable
Emptying,32.8,30.6,2.0,60.0,53.0,35.7,52.9,Rectangular,Recyclable
Non Emptying,63.0,85.8,6.0,59.4,91.3,21.5,71.6,Lindstrom-a,Recyclable
Emptying,55.5,69.3,3.0,60.8,53.5,24.2,68.4,Lindstrom-b,Mixed
Non Emptying,40.7,93.6,6.0,55.8,82.0,57.6,76.2,Silvertop-a,Mixed
Emptying,58.8,66.0,5.0,66.3,53.4,51.6,50.8,Rectangular,Recyclable
Emptying,32.5,39.7,3.0,22.5,39.6,34.3,72.3,Lindstrom-a,Non Recyclable
Non Emptying,32.7,83.3,8.0,47.2,85.6,51.4,69.8,Fiberglass Igloo-a,Non Recyclable
Emptying,52.4,62.2,5.0,21.6,66.0,51.6,38.5,Diamond,Recyclable
Emptying,50.7,32.7,3.0,24.4,61.3,58.9,52.3,Lindstrom-a,Recyclable
Emptying,51.1,67.6,2.0,58.0,51.5,54.1,38.7,BIM-3 FTI bottentomd,Mixed
Emptying,34.6,34.3,5.0,33.6,54.4,56.8,65.4,Lindstrom-b,Mixed
Emptying,30.0,35.8,1.0,22.7,54.1,33.3,70.1,Lindstrom-a,Non Recyclable
Emptying,66.5,60.1,3.0,22.0,36.0,34.4,30.6,Rectangular,Non Recyclable
Emptying,51.1,52.5,1.0,17.4,64.1,51.4,69.2,Rectangular,Recyclable
Emptying,26.4,52.4,4.0,27.2,63.5,60.3,71.9,Cubic,Mixed
Non Emptying,39.6,98.0,6.0,61.7,84.1,51.0,76.3,Cubic,Mixed
Non Emptying,43.1,97.7,6.0,27.7,95.8,47.0,63.6,Fiberglass Igloo-a,Mixed
Emptying,24.3,73.7,1.0,51.0,76.0,37.0,66.9,Cubic,Mixed
Emptying,15.3,52.4,4.0,25.9,50.1,38.7,59.5,Cubic,Non Recyclable
Emptying,57.2,56.8,5.0,33.0,76.2,37.8,71.0,Cubic,Recyclable
Non Emptying,26.5,94.3,9.0,51.5,94.0,25.0,71.2,Fiberglass Igloo-a,Non Recyclable
Non Emptying,51.2,90.3,8.0,66.5,77.8,55.7,61.4,Silvertop-a,Mixed
Emptying,36.3,56.3,3.0,30.4,59.8,51.8,33.0,Silvertop-b,Non Recyclable
Non Emptying,67.4,86.7,9.0,42.5,99.8,60.3,88.2,Accordion,Non Recyclable
Non Emptying,55.0,60.9,6.0,25.2,69.1,39.4,88.2,BIM-3 FTI bottentomd,Mixed
Emptying,31.8,57.0,5.0,60.2,66.0,36.6,74.7,Silvertop-b,Recyclable
Non Emptying,62.6,72.4,7.0,30.8,60.1,40.3,75.3,Cubic,Recyclable
Non Emptying,40.1,68.9,8.0,53.2,94.2,58.2,62.9,Cubic,Non Recyclable
Non Emptying,46.3,99.5,7.0,48.1,66.3,52.4,95.3,Accordion,Non Recyclable
Non Emptying,53.2,65.8,8.0,55.7,85.9,55.2,81.8,Lindstrom City,Recyclable
Non Emptying,36.6,83.0,9.0,58.0,64.7,66.3,84.7,Cubic,Non Recyclable
Emptying,56.0,64.3,3.0,25.8,70.6,65.6,64.4,Lindstrom City,Mixed
Non Emptying,31.1,74.3,9.0,56.4,83.0,33.2,89.8,BIM-3 FTI bottentomd,Non Recyclable
Non Emptying,44.1,89.3,9.0,64.2,91.2,50.3,88.3,Malmobehallare,Recyclable
Non Emptying,35.7,85.4,8.0,20.3,82.9,38.1,81.7,Silvertop-a,Mixed
Non Emptying,50.6,95.4,6.0,30.0,92.8,51.9,96.1,Cubic,Recyclable
Non Emptying,42.6,75.1,6.0,35.3,97.7,50.4,83.3,Rectangular Farmland,Non Recyclable
Emptying,30.7,50.4,4.0,60.9,76.0,56.8,60.9,Malmobehallare,Mixed
Non Emptying,22.9,91.0,7.0,43.7,84.0,30.2,91.4,Malmobehallare,Non Recyclable
Non Emptying,37.1,81.7,7.0,36.9,81.1,16.3,93.5,Accordion,Recyclable
